Workbook

Sheet 26-1-08
A1: model | B1: PyCaret | C1: ARIMAX | D1: PCE | E1: LSTM | F1: GARCH | G1: VAR | H1: RW | I1: ETS | J1: DynaMix | L1: 26-Q1-08 | O1: Accuracy | P1: TNX | Q1: =SUM(P2:P10) -> 696.99259 | R1: DJI | S1: =SUM(R2:R10) -> 795.37096 | T1: SPX | U1: =SUM(T2:T10) -> 793.01537 | V1: VIX | W1: =SUM(V2:V10) -> 637.03667 | X1: QQQ | Y1: =SUM(X2:X10) -> 787.1086 | Z1: AAPL | AA1: =SUM(Z2:Z10) -> 767.4878 | AC1: AVR-4 | AD1: AVR-6
A2: TNX | B2: 4.0602 | C2: 4.0356 | D2: 0 | E2: 4.0761 | F2: 4.0288 | G2: 0 | H2: 4.0269 | I2: 4.0268 | J2: 4.0464 | O2: =B1 -> PyCaret | P2: =100-ABS((($H10-B2)/($H10)))*100 -> 99.748148 | Q2: =P2/$Q$1 -> 0.14311221 | R2: =100-ABS((($H11-B3)/($H11)))*100 -> 98.109439 | S2: =R2/$S$1 -> 0.12335054 | T2: =100-ABS((($H12-B4)/($H12)))*100 -> 98.218684 | U2: =T2/$U$1 -> 0.1238547 | V2: =100-ABS((($H13-B5)/($H13)))*100 -> 70.647083 | W2: =V2/$W$1 -> 0.11089956 | X2: =100-ABS((($H14-B6)/($H14)))*100 -> 98.0318 | Y2: =X2/$Y$1 -> 0.12454673 | Z2: =100-ABS((($H15-B7)/($H15)))*100 -> 94.600985 | AA2: =Z2/$AA$1 -> 0.12326057 | AC2: =(R2+T2+V2+X2)/4 -> 91.251752 | AD2: =(P2+R2+T2+V2+X2+Z2)/6 -> 93.226023 | AE2: =IF($AC2=MAX(AC2:AC10),"TOP","")
A3: DJI | B3: 48564.172 | C3: 49474.57 | D3: 0 | E3: 49407.988 | F3: 49366.732 | G3: 49263.719 | H3: 49314.926 | I3: 49283.446 | J3: 49033.07 | L3: 2026/03/03 | O3: =C1 -> ARIMAX | P3: =100-ABS((($H10-C2)/($H10)))*100 -> 99.644444 | Q3: =P3/$Q$1 -> 0.14296342 | R3: =100-ABS((($H11-C3)/($H11)))*100 -> 99.948625 | S3: =R3/$S$1 -> 0.12566291 | T3: =100-ABS((($H12-C4)/($H12)))*100 -> 98.973037 | U3: =T3/$U$1 -> 0.12480595 | V3: =100-ABS((($H13-C5)/($H13)))*100 -> 82.330417 | W3: =V3/$W$1 -> 0.12923968 | X3: =100-ABS((($H14-C6)/($H14)))*100 -> 98.767083 | Y3: =X3/$Y$1 -> 0.12548088 | Z3: =100-ABS((($H15-C7)/($H15)))*100 -> 96.625682 | AA3: =Z3/$AA$1 -> 0.12589865 | AC3: =(R3+T3+V3+X3)/4 -> 95.004791 | AD3: =(P3+R3+T3+V3+X3+Z3)/6 -> 96.048215 | AE3: =IF($AC3=MAX(AC2:AC10),"TOP","") -> TOP
A4: SPX | B4: 6977.1092 | C4: 6925.3983 | D4: 0 | E4: 6888.2836 | F4: 6937.9702 | G4: 6890.7587 | H4: 6911.7912 | I4: 6909.2234 | J4: 6878.2617 | O4: =D1 -> PCE | P4: =100-ABS((($H10-D2)/($H10)))*100 -> 0 | Q4: =P4/$Q$1 -> 0 | R4: =100-ABS((($H11-D3)/($H11)))*100 -> 0 | S4: =R4/$S$1 -> 0 | T4: =100-ABS((($H12-D4)/($H12)))*100 -> 0 | U4: =T4/$U$1 -> 0 | V4: =100-ABS((($H13-D5)/($H13)))*100 -> 0 | W4: =V4/$W$1 -> 0 | X4: =100-ABS((($H14-D6)/($H14)))*100 -> 0 | Y4: =X4/$Y$1 -> 0 | Z4: =100-ABS((($H15-D7)/($H15)))*100 -> 0 | AA4: =Z4/$AA$1 -> 0 | AC4: =(R4+T4+V4+X4)/4 -> 0 | AD4: =(P4+R4+T4+V4+X4+Z4)/6 -> 0 | AE4: =IF($AC4=MAX(AC2:AC10),"TOP","")
A5: VIX | B5: 16.9553 | C5: 19.7593 | D5: 0 | E5: 18.1835 | F5: 19.7964 | G5: 19.6944 | H5: 19.4091 | I5: 19.6078 | J5: 19.483 | L5: ML | O5: =E1 -> LSTM | P5: =100-ABS((($H10-E2)/($H10)))*100 -> 99.355556 | Q5: =P5/$Q$1 -> 0.14254894 | R5: =100-ABS((($H11-E3)/($H11)))*100 -> 99.814117 | S5: =R5/$S$1 -> 0.12549379 | T5: =100-ABS((($H12-E4)/($H12)))*100 -> 99.514462 | U5: =T5/$U$1 -> 0.12548869 | V5: =100-ABS((($H13-E5)/($H13)))*100 -> 75.764583 | W5: =V5/$W$1 -> 0.11893285 | X5: =100-ABS((($H14-E6)/($H14)))*100 -> 98.152367 | Y5: =X5/$Y$1 -> 0.1246999 | Z5: =100-ABS((($H15-E7)/($H15)))*100 -> 95.053674 | AA5: =Z5/$AA$1 -> 0.1238504 | AC5: =(R5+T5+V5+X5)/4 -> 93.311382 | AD5: =(P5+R5+T5+V5+X5+Z5)/6 -> 94.609127 | AE5: =IF($AC5=MAX(AC2:AC10),"TOP","")
A6: QQQ | B6: 611.8092 | C6: 607.3975 | D6: 0 | E6: 611.0858 | F6: 612.3191 | G6: 607.5304 | H6: 610.098 | I6: 608.0805 | J6: 609.0279 | O6: =F1 -> GARCH | P6: =100-ABS((($H10-F2)/($H10)))*100 -> 99.476543 | Q6: =P6/$Q$1 -> 0.14272253 | R6: =100-ABS((($H11-F3)/($H11)))*100 -> 99.730773 | S6: =R6/$S$1 -> 0.125389 | T6: =100-ABS((($H12-F4)/($H12)))*100 -> 98.78964 | U6: =T6/$U$1 -> 0.12457468 | V6: =100-ABS((($H13-F5)/($H13)))*100 -> 82.485 | W6: =V6/$W$1 -> 0.12948234 | X6: =100-ABS((($H14-F6)/($H14)))*100 -> 97.946817 | Y6: =X6/$Y$1 -> 0.12443876 | Z6: =100-ABS((($H15-F7)/($H15)))*100 -> 95.440682 | AA6: =Z6/$AA$1 -> 0.12435466 | AC6: =(R6+T6+V6+X6)/4 -> 94.738057 | AD6: =(P6+R6+T6+V6+X6+Z6)/6 -> 95.644909 | AE6: =IF($AC6=MAX(AC2:AC10),"TOP","")
A7: AAPL | B7: 249.7466 | C7: 272.9082 | D7: 0 | E7: 277.0583 | F7: 276.0366 | G7: 273.9377 | H7: 273.009 | I7: 273.009 | J7: 273.62 | O7: =G1 -> VAR | P7: =100-ABS((($H10-G2)/($H10)))*100 -> 0 | Q7: =P7/$Q$1 -> 0 | R7: =100-ABS((($H11-G3)/($H11)))*100 -> 99.522665 | S7: =R7/$S$1 -> 0.12512736 | T7: =100-ABS((($H12-G4)/($H12)))*100 -> 99.478356 | U7: =T7/$U$1 -> 0.12544316 | V7: =100-ABS((($H13-G5)/($H13)))*100 -> 82.06 | W7: =V7/$W$1 -> 0.12881519 | X7: =100-ABS((($H14-G6)/($H14)))*100 -> 98.744933 | Y7: =X7/$Y$1 -> 0.12545274 | Z7: =100-ABS((($H15-G7)/($H15)))*100 -> 96.23572 | AA7: =Z7/$AA$1 -> 0.12539055 | AC7: =(R7+T7+V7+X7)/4 -> 94.951489 | AD7: =(P7+R7+T7+V7+X7+Z7)/6 -> 79.340279 | AE7: =IF($AC7=MAX(AC2:AC10),"TOP","")
O8: =H1 -> RW | P8: =100-ABS((($H10-H2)/($H10)))*100 -> 99.42963 | Q8: =P8/$Q$1 -> 0.14265522 | R8: =100-ABS((($H11-H3)/($H11)))*100 -> 99.626114 | S8: =R8/$S$1 -> 0.12525742 | T8: =100-ABS((($H12-H4)/($H12)))*100 -> 99.171536 | U8: =T8/$U$1 -> 0.12505626 | V8: =100-ABS((($H13-H5)/($H13)))*100 -> 80.87125 | W8: =V8/$W$1 -> 0.12694913 | X8: =100-ABS((($H14-H6)/($H14)))*100 -> 98.317 | Y8: =X8/$Y$1 -> 0.12490907 | Z8: =100-ABS((($H15-H7)/($H15)))*100 -> 96.5875 | AA8: =Z8/$AA$1 -> 0.12584891 | AC8: =(R8+T8+V8+X8)/4 -> 94.496475 | AD8: =(P8+R8+T8+V8+X8+Z8)/6 -> 95.667172 | AE8: =IF($AC8=MAX(AC2:AC10),"TOP","")
B9: Close YF | C9: Oraclum | D9: ML | F9: LLM | H9: +3-day | L9: =IF(L10<25,C30,IF(L10<45,C31,IF(L10<55,C32,IF(L10<75,C33,C34)))) -> Fear | O9: =I1 -> ETS | P9: =100-ABS((($H10-I2)/($H10)))*100 -> 99.42716 | Q9: =P9/$Q$1 -> 0.14265167 | R9: =100-ABS((($H11-I3)/($H11)))*100 -> 99.562517 | S9: =R9/$S$1 -> 0.12517746 | T9: =100-ABS((($H12-I4)/($H12)))*100 -> 99.208995 | U9: =T9/$U$1 -> 0.1251035 | V9: =100-ABS((($H13-I5)/($H13)))*100 -> 81.699167 | W9: =V9/$W$1 -> 0.12824877 | X9: =100-ABS((($H14-I6)/($H14)))*100 -> 98.65325 | Y9: =X9/$Y$1 -> 0.12533626 | Z9: =100-ABS((($H15-I7)/($H15)))*100 -> 96.5875 | AA9: =Z9/$AA$1 -> 0.12584891 | AC9: =(R9+T9+V9+X9)/4 -> 94.780982 | AD9: =(P9+R9+T9+V9+X9+Z9)/6 -> 95.856432 | AE9: =IF($AC9=MAX(AC2:AC10),"TOP","")
A10: TNX | B10: 4.033 | C10: 4.044 | D10: =(B2*Q26)+(C2*Q27)+(D2*Q28)+(E2*Q29)+(F2*Q30)+(G2*Q31)+(H2*Q32)+(I2*Q33)+(J2*Q34) -> 4.0421697 | E10: =D10/$H$10 -> 0.99806658 | F10: 4.0388972 | G10: =F10/$H$10 -> 0.99725858 | H10: 4.05 | L10: 43 | O10: =J1 -> DynaMix | P10: =100-ABS((($H10-J2)/($H10)))*100 -> 99.911111 | Q10: =P10/$Q$1 -> 0.14334602 | R10: =100-ABS((($H11-J3)/($H11)))*100 -> 99.056707 | S10: =R10/$S$1 -> 0.12454152 | T10: =100-ABS((($H12-J4)/($H12)))*100 -> 99.660661 | U10: =T10/$U$1 -> 0.12567305 | V10: =100-ABS((($H13-J5)/($H13)))*100 -> 81.179167 | W10: =V10/$W$1 -> 0.12743249 | X10: =100-ABS((($H14-J6)/($H14)))*100 -> 98.49535 | Y10: =X10/$Y$1 -> 0.12513565 | Z10: =100-ABS((($H15-J7)/($H15)))*100 -> 96.356061 | AA10: =Z10/$AA$1 -> 0.12554735 | AC10: =(R10+T10+V10+X10)/4 -> 94.597971 | AD10: =(P10+R10+T10+V10+X10+Z10)/6 -> 95.776509 | AE10: =IF($AC10=MAX(AC2:AC10),"TOP","")
A11: DJI | B11: 49174.5 | C11: 48818.85 | D11: =(B3*S26)+(C3*S27)+(D3*S28)+(E3*S29)+(F3*S30)+(G3*S31)+(H3*S32)+(I3*S33)+(J3*S34) -> 49221.088 | E11: =D11/$H$11 -> 0.99436541 | F11: 49251.484 | G11: =F11/$H$11 -> 0.99497947 | H11: 49500 | O11: AVR : | P11: =SUM(P2:P10)/8 -> 87.124074 | R11: =AVERAGE(R2:R10) -> 88.374551 | T11: =AVERAGE(T2:T10) -> 88.112819 | V11: =AVERAGE(V2:V10) -> 70.781852 | X11: =AVERAGE(X2:X10) -> 87.456511 | Z11: =AVERAGE(Z2:Z10) -> 85.276423
A12: SPX | B12: 6890.07 | C12: 6837.74 | D12: =(B4*U26)+(C4*U27)+(D4*U28)+(E4*U29)+(F4*U30)+(G4*U31)+(H4*U32)+(I4*U33)+(J4*U34) -> 6912.7657 | E12: =D12/$H$12 -> 1.0084268 | F12: 6907.2033 | G12: =F12/$H$12 -> 1.0076154 | H12: 6855
A13: VIX | B13: 19.55 | C13: 19.55 | D13: =(B5*W26)+(C5*W27)+(D5*W28)+(E5*W29)+(F5*W30)+(G5*W31)+(H5*W32)+(I5*W33)+(J5*W34) -> 18.934458 | E13: =D13/$H$13 -> 0.78893576 | F13: 19.318179 | G13: =F13/$H$13 -> 0.80492413 | H13: 24 | O13: Update | P13: TNX | Q13: =SUM(P14:P22) -> 595 | R13: DJI | S13: =SUM(R14:R22) -> 690 | T13: SPX | U13: =SUM(T14:T22) -> 615 | V13: VIX | W13: =SUM(V14:V22) -> 6.2 | X13: QQQ | Y13: =SUM(X14:X22) -> 530 | Z13: AAPL | AA13: =SUM(Z14:Z22) -> 360 | AC13: Value | AD13: Assign
A14: QQQ | B14: 607.87 | C14: 607.87 | D14: =(B6*Y26)+(C6*Y27)+(D6*Y28)+(E6*Y29)+(F6*Y30)+(G6*Y31)+(H6*Y32)+(I6*Y33)+(J6*Y34) -> 609.60971 | E14: =D14/$H$14 -> 1.0160162 | F14: 609.91082 | G14: =F14/$H$14 -> 1.016518 | H14: 600 | O14: =O2 -> PyCaret | P14: =IF(P2=0,0, LOOKUP(P2-0.000000000001,$AC$14:$AC$30,$AD$14:$AD$30)) -> 90 | Q14: =P14/$Q$13 -> 0.1512605 | R14: =IF(R2=0,0, LOOKUP(R2-0.000000000001,$AC$14:$AC$30,$AD$14:$AD$30)) -> 65 | S14: =R14/$S$13 -> 0.094202899 | T14: =IF(T2=0,0, LOOKUP(T2-0.000000000001,$AC$14:$AC$30,$AD$14:$AD$30)) -> 65 | U14: =T14/$U$13 -> 0.10569106 | V14: =IF(V2=0,0, LOOKUP(V2-0.000000000001,$AC$14:$AC$30,$AD$14:$AD$30)) -> 0.1 | W14: =V14/$W$13 -> 0.016129032 | X14: =IF(X2=0,0, LOOKUP(X2-0.000000000001,$AC$14:$AC$30,$AD$14:$AD$30)) -> 65 | Y14: =X14/$Y$13 -> 0.12264151 | Z14: =IF(Z2=0,0, LOOKUP(Z2-0.000000000001,$AC$14:$AC$30,$AD$14:$AD$30)) -> 30 | AA14: =Z14/$AA$13 -> 0.083333333 | AC14: 1 | AD14: 0.1
A15: AAPL | B15: 272.14 | C15: 272.19 | D15: =(B7*AA25)+(C7*AA26)+(D7*AA27)+(E7*AA28)+(F7*AA29)+(G7*AA30)+(H7*AA31)+(I7*AA32)+(J7*AA33) -> 271.24407 | E15: =D15/$H$15 -> 1.0274397 | F15: 274.37624 | G15: =F15/$H$15 -> 1.0393039 | H15: 264 | O15: =O3 -> ARIMAX | P15: =IF(P3=0,0, LOOKUP(P3-0.000000000001,$AC$14:$AC$30,$AD$14:$AD$30)) -> 90 | Q15: =P15/$Q$13 -> 0.1512605 | R15: =IF(R3=0,0, LOOKUP(R3-0.000000000001,$AC$14:$AC$30,$AD$14:$AD$30)) -> 95 | S15: =R15/$S$13 -> 0.13768116 | T15: =IF(T3=0,0, LOOKUP(T3-0.000000000001,$AC$14:$AC$30,$AD$14:$AD$30)) -> 70 | U15: =T15/$U$13 -> 0.11382114 | V15: =IF(V3=0,0, LOOKUP(V3-0.000000000001,$AC$14:$AC$30,$AD$14:$AD$30)) -> 1 | W15: =V15/$W$13 -> 0.16129032 | X15: =IF(X3=0,0, LOOKUP(X3-0.000000000001,$AC$14:$AC$30,$AD$14:$AD$30)) -> 70 | Y15: =X15/$Y$13 -> 0.13207547 | Z15: =IF(Z3=0,0, LOOKUP(Z3-0.000000000001,$AC$14:$AC$30,$AD$14:$AD$30)) -> 50 | AA15: =Z15/$AA$13 -> 0.13888889 | AC15: 80 | AD15: 1
O16: =O4 -> PCE | P16: =IF(P4=0,0, LOOKUP(P4-0.000000000001,$AC$14:$AC$30,$AD$14:$AD$30)) -> 0 | Q16: =P16/$Q$13 -> 0 | R16: =IF(R4=0,0, LOOKUP(R4-0.000000000001,$AC$14:$AC$30,$AD$14:$AD$30)) -> 0 | S16: =R16/$S$13 -> 0 | T16: =IF(T4=0,0, LOOKUP(T4-0.000000000001,$AC$14:$AC$30,$AD$14:$AD$30)) -> 0 | U16: =T16/$U$13 -> 0 | V16: =IF(V4=0,0, LOOKUP(V4-0.000000000001,$AC$14:$AC$30,$AD$14:$AD$30)) -> 0 | W16: =V16/$W$13 -> 0 | X16: =IF(X4=0,0, LOOKUP(X4-0.000000000001,$AC$14:$AC$30,$AD$14:$AD$30)) -> 0 | Y16: =X16/$Y$13 -> 0 | Z16: =IF(Z4=0,0, LOOKUP(Z4-0.000000000001,$AC$14:$AC$30,$AD$14:$AD$30)) -> 0 | AA16: =Z16/$AA$13 -> 0 | AC16: 82.5 | AD16: 2
A17: =F9 -> LLM | B17: RD | D17: 85220 | F17: MICH | H17: max-Q | O17: =O5 -> LSTM | P17: =IF(P5=0,0, LOOKUP(P5-0.000000000001,$AC$14:$AC$30,$AD$14:$AD$30)) -> 80 | Q17: =P17/$Q$13 -> 0.13445378 | R17: =IF(R5=0,0, LOOKUP(R5-0.000000000001,$AC$14:$AC$30,$AD$14:$AD$30)) -> 95 | S17: =R17/$S$13 -> 0.13768116 | T17: =IF(T5=0,0, LOOKUP(T5-0.000000000001,$AC$14:$AC$30,$AD$14:$AD$30)) -> 90 | U17: =T17/$U$13 -> 0.14634146 | V17: =IF(V5=0,0, LOOKUP(V5-0.000000000001,$AC$14:$AC$30,$AD$14:$AD$30)) -> 0.1 | W17: =V17/$W$13 -> 0.016129032 | X17: =IF(X5=0,0, LOOKUP(X5-0.000000000001,$AC$14:$AC$30,$AD$14:$AD$30)) -> 65 | Y17: =X17/$Y$13 -> 0.12264151 | Z17: =IF(Z5=0,0, LOOKUP(Z5-0.000000000001,$AC$14:$AC$30,$AD$14:$AD$30)) -> 40 | AA17: =Z17/$AA$13 -> 0.11111111 | AC17: 85 | AD17: 5
A18: TNX | B18: 4.01 | C18: =1-ABS(1-B18/$H$10) -> 0.99012346 | D18: 4.05 | E18: =1-ABS(1-D18/$H$10) -> 1 | F18: 4.15 | G18: =1-ABS(1-F18/$H$10) -> 0.97530864 | H18: TNX | I18: =MAX(P2:P10) -> 99.911111 | J18: G | O18: =O6 -> GARCH | P18: =IF(P6=0,0, LOOKUP(P6-0.000000000001,$AC$14:$AC$30,$AD$14:$AD$30)) -> 80 | Q18: =P18/$Q$13 -> 0.13445378 | R18: =IF(R6=0,0, LOOKUP(R6-0.000000000001,$AC$14:$AC$30,$AD$14:$AD$30)) -> 90 | S18: =R18/$S$13 -> 0.13043478 | T18: =IF(T6=0,0, LOOKUP(T6-0.000000000001,$AC$14:$AC$30,$AD$14:$AD$30)) -> 70 | U18: =T18/$U$13 -> 0.11382114 | V18: =IF(V6=0,0, LOOKUP(V6-0.000000000001,$AC$14:$AC$30,$AD$14:$AD$30)) -> 1 | W18: =V18/$W$13 -> 0.16129032 | X18: =IF(X6=0,0, LOOKUP(X6-0.000000000001,$AC$14:$AC$30,$AD$14:$AD$30)) -> 60 | Y18: =X18/$Y$13 -> 0.11320755 | Z18: =IF(Z6=0,0, LOOKUP(Z6-0.000000000001,$AC$14:$AC$30,$AD$14:$AD$30)) -> 40 | AA18: =Z18/$AA$13 -> 0.11111111 | AC18: 87.5 | AD18: 10
A19: DJI | B19: 49615 | C19: =1-ABS(1-B19/$H$11) -> 0.99767677 | D19: 49583 | E19: =1-ABS(1-D19/$H$11) -> 0.99832323 | F19: 50321 | G19: =1-ABS(1-F19/$H$11) -> 0.98341414 | H19: DJI | I19: =MAX(R2:R10) -> 99.948625 | J19: R | O19: =O7 -> VAR | P19: =IF(P7=0,0, LOOKUP(P7-0.000000000001,$AC$14:$AC$30,$AD$14:$AD$30)) -> 0 | Q19: =P19/$Q$13 -> 0 | R19: =IF(R7=0,0, LOOKUP(R7-0.000000000001,$AC$14:$AC$30,$AD$14:$AD$30)) -> 90 | S19: =R19/$S$13 -> 0.13043478 | T19: =IF(T7=0,0, LOOKUP(T7-0.000000000001,$AC$14:$AC$30,$AD$14:$AD$30)) -> 80 | U19: =T19/$U$13 -> 0.1300813 | V19: =IF(V7=0,0, LOOKUP(V7-0.000000000001,$AC$14:$AC$30,$AD$14:$AD$30)) -> 1 | W19: =V19/$W$13 -> 0.16129032 | X19: =IF(X7=0,0, LOOKUP(X7-0.000000000001,$AC$14:$AC$30,$AD$14:$AD$30)) -> 70 | Y19: =X19/$Y$13 -> 0.13207547 | Z19: =IF(Z7=0,0, LOOKUP(Z7-0.000000000001,$AC$14:$AC$30,$AD$14:$AD$30)) -> 50 | AA19: =Z19/$AA$13 -> 0.13888889 | AC19: 90 | AD19: 20
A20: SPX | B20: 6907 | C20: =1-ABS(1-B20/$H$12) -> 0.9924143 | D20: 6913 | E20: =1-ABS(1-D20/$H$12) -> 0.99153902 | F20: 6957 | G20: =1-ABS(1-F20/$H$12) -> 0.98512035 | H20: SPX | I20: =MAX(T2:T10) -> 99.660661 | J20: A | O20: =O8 -> RW | P20: =IF(P8=0,0, LOOKUP(P8-0.000000000001,$AC$14:$AC$30,$AD$14:$AD$30)) -> 80 | Q20: =P20/$Q$13 -> 0.13445378 | R20: =IF(R8=0,0, LOOKUP(R8-0.000000000001,$AC$14:$AC$30,$AD$14:$AD$30)) -> 90 | S20: =R20/$S$13 -> 0.13043478 | T20: =IF(T8=0,0, LOOKUP(T8-0.000000000001,$AC$14:$AC$30,$AD$14:$AD$30)) -> 75 | U20: =T20/$U$13 -> 0.12195122 | V20: =IF(V8=0,0, LOOKUP(V8-0.000000000001,$AC$14:$AC$30,$AD$14:$AD$30)) -> 1 | W20: =V20/$W$13 -> 0.16129032 | X20: =IF(X8=0,0, LOOKUP(X8-0.000000000001,$AC$14:$AC$30,$AD$14:$AD$30)) -> 65 | Y20: =X20/$Y$13 -> 0.12264151 | Z20: =IF(Z8=0,0, LOOKUP(Z8-0.000000000001,$AC$14:$AC$30,$AD$14:$AD$30)) -> 50 | AA20: =Z20/$AA$13 -> 0.13888889 | AC20: 92.5 | AD20: 30
A21: VIX | B21: 18.3 | C21: =1-ABS(1-B21/$H$13) -> 0.7625 | D21: 18.65 | E21: =1-ABS(1-D21/$H$13) -> 0.77708333 | F21: 18.02 | G21: =1-ABS(1-F21/$H$13) -> 0.75083333 | H21: VIX | I21: =MAX(V2:V10) -> 82.485 | J21: E | O21: =O9 -> ETS | P21: =IF(P9=0,0, LOOKUP(P9-0.000000000001,$AC$14:$AC$30,$AD$14:$AD$30)) -> 80 | Q21: =P21/$Q$13 -> 0.13445378 | R21: =IF(R9=0,0, LOOKUP(R9-0.000000000001,$AC$14:$AC$30,$AD$14:$AD$30)) -> 90 | S21: =R21/$S$13 -> 0.13043478 | T21: =IF(T9=0,0, LOOKUP(T9-0.000000000001,$AC$14:$AC$30,$AD$14:$AD$30)) -> 75 | U21: =T21/$U$13 -> 0.12195122 | V21: =IF(V9=0,0, LOOKUP(V9-0.000000000001,$AC$14:$AC$30,$AD$14:$AD$30)) -> 1 | W21: =V21/$W$13 -> 0.16129032 | X21: =IF(X9=0,0, LOOKUP(X9-0.000000000001,$AC$14:$AC$30,$AD$14:$AD$30)) -> 70 | Y21: =X21/$Y$13 -> 0.13207547 | Z21: =IF(Z9=0,0, LOOKUP(Z9-0.000000000001,$AC$14:$AC$30,$AD$14:$AD$30)) -> 50 | AA21: =Z21/$AA$13 -> 0.13888889 | AC21: 95 | AD21: 40
A22: QQQ | B22: 613.3 | C22: =1-ABS(1-B22/$H$14) -> 0.97783333 | D22: 615.4 | E22: =1-ABS(1-D22/$H$14) -> 0.97433333 | F22: 613.2 | G22: =1-ABS(1-F22/$H$14) -> 0.978 | H22: QQQ | I22: =MAX(X2:X10) -> 98.767083 | J22: A | O22: =O10 -> DynaMix | P22: =IF(P10=0,0, LOOKUP(P10-0.000000000001,$AC$14:$AC$30,$AD$14:$AD$30)) -> 95 | Q22: =P22/$Q$13 -> 0.15966387 | R22: =IF(R10=0,0, LOOKUP(R10-0.000000000001,$AC$14:$AC$30,$AD$14:$AD$30)) -> 75 | S22: =R22/$S$13 -> 0.10869565 | T22: =IF(T10=0,0, LOOKUP(T10-0.000000000001,$AC$14:$AC$30,$AD$14:$AD$30)) -> 90 | U22: =T22/$U$13 -> 0.14634146 | V22: =IF(V10=0,0, LOOKUP(V10-0.000000000001,$AC$14:$AC$30,$AD$14:$AD$30)) -> 1 | W22: =V22/$W$13 -> 0.16129032 | X22: =IF(X10=0,0, LOOKUP(X10-0.000000000001,$AC$14:$AC$30,$AD$14:$AD$30)) -> 65 | Y22: =X22/$Y$13 -> 0.12264151 | Z22: =IF(Z10=0,0, LOOKUP(Z10-0.000000000001,$AC$14:$AC$30,$AD$14:$AD$30)) -> 50 | AA22: =Z22/$AA$13 -> 0.13888889 | AC22: 96 | AD22: 50
A23: AAPL | B23: 273.2 | C23: =1-ABS(1-B23/$H$15) -> 0.96515152 | D23: 274.3 | E23: =1-ABS(1-D23/$H$15) -> 0.96098485 | F23: 274.4 | G23: =1-ABS(1-F23/$H$15) -> 0.96060606 | H23: AAPL | I23: =MAX(Z2:Z10) -> 96.625682 | J23: V | O23: AVR : | P23: =AVERAGE(P14:P22) -> 66.111111 | R23: =AVERAGE(R14:R22) -> 76.666667 | T23: =AVERAGE(T14:T22) -> 68.333333 | V23: =AVERAGE(V14:V22) -> 0.68888889 | X23: =AVERAGE(X14:X22) -> 58.888889 | Z23: =AVERAGE(Z14:Z22) -> 40 | AC23: 97 | AD23: 60
AA24: =SUM(Z26:Z34) -> 451.25 | AC24: 98 | AD24: 65
A25: =AC1 -> AVR-4 | B25: {=SUM(C19:C22/4)} -> 0.9326061 | D25: {=SUM(E19:E22/4)} -> 0.93531973 | F25: {=SUM(G19:G22/4)} -> 0.92434196 | H25: max-Q AVR-4 | J25: =AVERAGE(I19:I22) -> 95.215342 | O25: History | P25: TNX | Q25: =SUM(P26:P34) -> 486.25 | R25: DJI | S25: =SUM(R26:R34) -> 563.75 | T25: SPX | U25: =SUM(T26:T34) -> 622.5 | V25: VIX | W25: =SUM(V26:V34) -> 247.275 | X25: QQQ | Y25: =SUM(X26:X34) -> 547.5 | Z25: AAPL | AA25: =Z26/$AA$24 -> 0.11911357 | AC25: 98.5 | AD25: 70
A26: =AD1 -> AVR-6 | B26: {=SUM(C18:C23/6)} -> 0.94761656 | D26: {=SUM(E18:E23/6)} -> 0.9503773 | F26: {=SUM(G18:G23/6)} -> 0.93888042 | H26: max AVR-6 | J26: =AVERAGE(I18:I23) -> 96.233027 | O26: =O2 -> PyCaret | P26: 60 | Q26: =P26/$Q$25 -> 0.12339332 | R26: 62.5 | S26: =R26/$S$25 -> 0.11086475 | T26: 61.25 | U26: =T26/$U$25 -> 0.098393574 | V26: 50 | W26: =V26/$W$25 -> 0.20220402 | X26: 72.5 | Y26: =X26/$Y$25 -> 0.13242009 | Z26: 53.75 | AA26: =Z27/$AA$24 -> 0.12188366 | AC26: 99 | AD26: 75
O27: =O3 -> ARIMAX | P27: 65 | Q27: =P27/$Q$25 -> 0.13367609 | R27: 65 | S27: =R27/$S$25 -> 0.11529933 | T27: 77.5 | U27: =T27/$U$25 -> 0.12449799 | V27: 29.25 | W27: =V27/$W$25 -> 0.11828935 | X27: 75 | Y27: =X27/$Y$25 -> 0.1369863 | Z27: 55 | AA27: =Z28/$AA$24 -> 0 | AC27: 99.25 | AD27: 80
A28: https://feargreedmeter.com/fear-and-greed-index | O28: =O4 -> PCE | P28: 0 | Q28: =P28/$Q$25 -> 0 | R28: 0 | S28: =R28/$S$25 -> 0 | T28: 0 | U28: =T28/$U$25 -> 0 | V28: 0 | W28: =V28/$W$25 -> 0 | X28: 0 | Y28: =X28/$Y$25 -> 0 | Z28: 0 | AA28: =Z29/$AA$24 -> 0.10526316 | AC28: 99.5 | AD28: 90
O29: =O5 -> LSTM | P29: 66.25 | Q29: =P29/$Q$25 -> 0.13624679 | R29: 73.75 | S29: =R29/$S$25 -> 0.1308204 | T29: 77.5 | U29: =T29/$U$25 -> 0.12449799 | V29: 26.775 | W29: =V29/$W$25 -> 0.10828025 | X29: 60 | Y29: =X29/$Y$25 -> 0.10958904 | Z29: 47.5 | AA29: =Z30/$AA$24 -> 0.13296399 | AC29: 99.75 | AD29: 95
A30: Scale | B30: 0 | C30: Extreme Fear | O30: =O6 -> GARCH | P30: 77.5 | Q30: =P30/$Q$25 -> 0.15938303 | R30: 70 | S30: =R30/$S$25 -> 0.12416851 | T30: 77.5 | U30: =T30/$U$25 -> 0.12449799 | V30: 33.75 | W30: =V30/$W$25 -> 0.13648772 | X30: 65 | Y30: =X30/$Y$25 -> 0.11872146 | Z30: 60 | AA30: =Z31/$AA$24 -> 0.12742382 | AC30: 99.99 | AD30: 100
B31: 25 | C31: Fear | O31: =O7 -> VAR | P31: 0 | Q31: =P31/$Q$25 -> 0 | R31: 73.75 | S31: =R31/$S$25 -> 0.1308204 | T31: 83.75 | U31: =T31/$U$25 -> 0.13453815 | V31: 30.5 | W31: =V31/$W$25 -> 0.12334445 | X31: 68.75 | Y31: =X31/$Y$25 -> 0.12557078 | Z31: 57.5 | AA31: =Z32/$AA$24 -> 0.13850416
B32: 45 | C32: Neutral | O32: =O8 -> RW | P32: 63.75 | Q32: =P32/$Q$25 -> 0.1311054 | R32: 72.5 | S32: =R32/$S$25 -> 0.1286031 | T32: 82.5 | U32: =T32/$U$25 -> 0.13253012 | V32: 33 | W32: =V32/$W$25 -> 0.13345466 | X32: 67.5 | Y32: =X32/$Y$25 -> 0.12328767 | Z32: 62.5 | AA32: =Z33/$AA$24 -> 0.13850416
B33: 55 | C33: Greed | O33: =O9 -> ETS | P33: 78.75 | Q33: =P33/$Q$25 -> 0.16195373 | R33: 72.5 | S33: =R33/$S$25 -> 0.1286031 | T33: 82.5 | U33: =T33/$U$25 -> 0.13253012 | V33: 23 | W33: =V33/$W$25 -> 0.093013851 | X33: 71.25 | Y33: =X33/$Y$25 -> 0.13013699 | Z33: 62.5 | AA33: =Z34/$AA$24 -> 0.11634349
B34: 75 | C34: Extreme Greed | O34: =O22 -> DynaMix | P34: 75 | Q34: =P34/$Q$25 -> 0.15424165 | R34: 73.75 | S34: =R34/$S$25 -> 0.1308204 | T34: 80 | U34: =T34/$U$25 -> 0.12851406 | V34: 21 | W34: =V34/$W$25 -> 0.08492569 | X34: 67.5 | Y34: =X34/$Y$25 -> 0.12328767 | Z34: 52.5
O35: AVR : | P35: =AVERAGE(P26:P34) -> 54.027778 | R35: =AVERAGE(R26:R34) -> 62.638889 | T35: =AVERAGE(T26:T34) -> 69.166667 | V35: =AVERAGE(V26:V34) -> 27.475 | X35: =AVERAGE(X26:X34) -> 60.833333 | Z35: =AVERAGE(Z26:Z34) -> 50.138889

Sheet 26-1-07
A1: model | B1: PyCaret | C1: ARIMAX | D1: PCE | E1: LSTM | F1: GARCH | G1: VAR | H1: RW | I1: ETS | J1: DynaMix | L1: 26-Q1-07 | O1: Accuracy | P1: TNX | Q1: =SUM(P2:P10) -> 696.99259 | R1: DJI | S1: =SUM(R2:R10) -> 795.37096 | T1: SPX | U1: =SUM(T2:T10) -> 793.01537 | V1: VIX | W1: =SUM(V2:V10) -> 765.20421 | X1: QQQ | Y1: =SUM(X2:X10) -> 787.1086 | Z1: AAPL | AA1: =SUM(Z2:Z10) -> 767.4878 | AC1: AVR-4 | AD1: AVR-6
A2: TNX | B2: 4.0602 | C2: 4.0356 | D2: 0 | E2: 4.0761 | F2: 4.0288 | G2: 0 | H2: 4.0269 | I2: 4.0268 | J2: 4.0464 | O2: =B1 -> PyCaret | P2: =100-ABS((($H10-B2)/($H10)))*100 -> 99.748148 | Q2: =P2/$Q$1 -> 0.14311221 | R2: =100-ABS((($H11-B3)/($H11)))*100 -> 98.109439 | S2: =R2/$S$1 -> 0.12335054 | T2: =100-ABS((($H12-B4)/($H12)))*100 -> 98.218684 | U2: =T2/$U$1 -> 0.1238547 | V2: =100-ABS((($H13-B5)/($H13)))*100 -> 89.238421 | W2: =V2/$W$1 -> 0.1166204 | X2: =100-ABS((($H14-B6)/($H14)))*100 -> 98.0318 | Y2: =X2/$Y$1 -> 0.12454673 | Z2: =100-ABS((($H15-B7)/($H15)))*100 -> 94.600985 | AA2: =Z2/$AA$1 -> 0.12326057 | AC2: =(R2+T2+V2+X2)/4 -> 95.899586 | AD2: =(P2+R2+T2+V2+X2+Z2)/6 -> 96.324579 | AE2: =IF($AC2=MAX(AC2:AC10),"TOP","")
A3: DJI | B3: 48564.172 | C3: 49474.57 | D3: 0 | E3: 49407.988 | F3: 49366.732 | G3: 49263.719 | H3: 49314.926 | I3: 49283.446 | J3: 49033.07 | L3: 2026/02/24 | O3: =C1 -> ARIMAX | P3: =100-ABS((($H10-C2)/($H10)))*100 -> 99.644444 | Q3: =P3/$Q$1 -> 0.14296342 | R3: =100-ABS((($H11-C3)/($H11)))*100 -> 99.948625 | S3: =R3/$S$1 -> 0.12566291 | T3: =100-ABS((($H12-C4)/($H12)))*100 -> 98.973037 | U3: =T3/$U$1 -> 0.12480595 | V3: =100-ABS((($H13-C5)/($H13)))*100 -> 96.003684 | W3: =V3/$W$1 -> 0.12546152 | X3: =100-ABS((($H14-C6)/($H14)))*100 -> 98.767083 | Y3: =X3/$Y$1 -> 0.12548088 | Z3: =100-ABS((($H15-C7)/($H15)))*100 -> 96.625682 | AA3: =Z3/$AA$1 -> 0.12589865 | AC3: =(R3+T3+V3+X3)/4 -> 98.423108 | AD3: =(P3+R3+T3+V3+X3+Z3)/6 -> 98.327093 | AE3: =IF($AC3=MAX(AC2:AC10),"TOP","")
A4: SPX | B4: 6977.1092 | C4: 6925.3983 | D4: 0 | E4: 6888.2836 | F4: 6937.9702 | G4: 6890.7587 | H4: 6911.7912 | I4: 6909.2234 | J4: 6878.2617 | O4: =D1 -> PCE | P4: =100-ABS((($H10-D2)/($H10)))*100 -> 0 | Q4: =P4/$Q$1 -> 0 | R4: =100-ABS((($H11-D3)/($H11)))*100 -> 0 | S4: =R4/$S$1 -> 0 | T4: =100-ABS((($H12-D4)/($H12)))*100 -> 0 | U4: =T4/$U$1 -> 0 | V4: =100-ABS((($H13-D5)/($H13)))*100 -> 0 | W4: =V4/$W$1 -> 0 | X4: =100-ABS((($H14-D6)/($H14)))*100 -> 0 | Y4: =X4/$Y$1 -> 0 | Z4: =100-ABS((($H15-D7)/($H15)))*100 -> 0 | AA4: =Z4/$AA$1 -> 0 | AC4: =(R4+T4+V4+X4)/4 -> 0 | AD4: =(P4+R4+T4+V4+X4+Z4)/6 -> 0 | AE4: =IF($AC4=MAX(AC2:AC10),"TOP","")
A5: VIX | B5: 16.9553 | C5: 19.7593 | D5: 0 | E5: 18.1835 | F5: 19.7964 | G5: 19.6944 | H5: 19.4091 | I5: 19.6078 | J5: 19.483 | L5: ML | O5: =E1 -> LSTM | P5: =100-ABS((($H10-E2)/($H10)))*100 -> 99.355556 | Q5: =P5/$Q$1 -> 0.14254894 | R5: =100-ABS((($H11-E3)/($H11)))*100 -> 99.814117 | S5: =R5/$S$1 -> 0.12549379 | T5: =100-ABS((($H12-E4)/($H12)))*100 -> 99.514462 | U5: =T5/$U$1 -> 0.12548869 | V5: =100-ABS((($H13-E5)/($H13)))*100 -> 95.702632 | W5: =V5/$W$1 -> 0.12506809 | X5: =100-ABS((($H14-E6)/($H14)))*100 -> 98.152367 | Y5: =X5/$Y$1 -> 0.1246999 | Z5: =100-ABS((($H15-E7)/($H15)))*100 -> 95.053674 | AA5: =Z5/$AA$1 -> 0.1238504 | AC5: =(R5+T5+V5+X5)/4 -> 98.295894 | AD5: =(P5+R5+T5+V5+X5+Z5)/6 -> 97.932135 | AE5: =IF($AC5=MAX(AC2:AC10),"TOP","")
A6: QQQ | B6: 611.8092 | C6: 607.3975 | D6: 0 | E6: 611.0858 | F6: 612.3191 | G6: 607.5304 | H6: 610.098 | I6: 608.0805 | J6: 609.0279 | O6: =F1 -> GARCH | P6: =100-ABS((($H10-F2)/($H10)))*100 -> 99.476543 | Q6: =P6/$Q$1 -> 0.14272253 | R6: =100-ABS((($H11-F3)/($H11)))*100 -> 99.730773 | S6: =R6/$S$1 -> 0.125389 | T6: =100-ABS((($H12-F4)/($H12)))*100 -> 98.78964 | U6: =T6/$U$1 -> 0.12457468 | V6: =100-ABS((($H13-F5)/($H13)))*100 -> 95.808421 | W6: =V6/$W$1 -> 0.12520634 | X6: =100-ABS((($H14-F6)/($H14)))*100 -> 97.946817 | Y6: =X6/$Y$1 -> 0.12443876 | Z6: =100-ABS((($H15-F7)/($H15)))*100 -> 95.440682 | AA6: =Z6/$AA$1 -> 0.12435466 | AC6: =(R6+T6+V6+X6)/4 -> 98.068913 | AD6: =(P6+R6+T6+V6+X6+Z6)/6 -> 97.865479 | AE6: =IF($AC6=MAX(AC2:AC10),"TOP","")
A7: AAPL | B7: 249.7466 | C7: 272.9082 | D7: 0 | E7: 277.0583 | F7: 276.0366 | G7: 273.9377 | H7: 273.009 | I7: 273.009 | J7: 273.62 | O7: =G1 -> VAR | P7: =100-ABS((($H10-G2)/($H10)))*100 -> 0 | Q7: =P7/$Q$1 -> 0 | R7: =100-ABS((($H11-G3)/($H11)))*100 -> 99.522665 | S7: =R7/$S$1 -> 0.12512736 | T7: =100-ABS((($H12-G4)/($H12)))*100 -> 99.478356 | U7: =T7/$U$1 -> 0.12544316 | V7: =100-ABS((($H13-G5)/($H13)))*100 -> 96.345263 | W7: =V7/$W$1 -> 0.12590791 | X7: =100-ABS((($H14-G6)/($H14)))*100 -> 98.744933 | Y7: =X7/$Y$1 -> 0.12545274 | Z7: =100-ABS((($H15-G7)/($H15)))*100 -> 96.23572 | AA7: =Z7/$AA$1 -> 0.12539055 | AC7: =(R7+T7+V7+X7)/4 -> 98.522804 | AD7: =(P7+R7+T7+V7+X7+Z7)/6 -> 81.721156 | AE7: =IF($AC7=MAX(AC2:AC10),"TOP","")
O8: =H1 -> RW | P8: =100-ABS((($H10-H2)/($H10)))*100 -> 99.42963 | Q8: =P8/$Q$1 -> 0.14265522 | R8: =100-ABS((($H11-H3)/($H11)))*100 -> 99.626114 | S8: =R8/$S$1 -> 0.12525742 | T8: =100-ABS((($H12-H4)/($H12)))*100 -> 99.171536 | U8: =T8/$U$1 -> 0.12505626 | V8: =100-ABS((($H13-H5)/($H13)))*100 -> 97.846842 | W8: =V8/$W$1 -> 0.12787023 | X8: =100-ABS((($H14-H6)/($H14)))*100 -> 98.317 | Y8: =X8/$Y$1 -> 0.12490907 | Z8: =100-ABS((($H15-H7)/($H15)))*100 -> 96.5875 | AA8: =Z8/$AA$1 -> 0.12584891 | AC8: =(R8+T8+V8+X8)/4 -> 98.740373 | AD8: =(P8+R8+T8+V8+X8+Z8)/6 -> 98.496437 | AE8: =IF($AC8=MAX(AC2:AC10),"TOP","") -> TOP
B9: Close YF | C9: Oraclum | D9: ML | F9: LLM | H9: +3-day | L9: =IF(L10<25,C30,IF(L10<45,C31,IF(L10<55,C32,IF(L10<75,C33,C34)))) -> Fear | O9: =I1 -> ETS | P9: =100-ABS((($H10-I2)/($H10)))*100 -> 99.42716 | Q9: =P9/$Q$1 -> 0.14265167 | R9: =100-ABS((($H11-I3)/($H11)))*100 -> 99.562517 | S9: =R9/$S$1 -> 0.12517746 | T9: =100-ABS((($H12-I4)/($H12)))*100 -> 99.208995 | U9: =T9/$U$1 -> 0.1251035 | V9: =100-ABS((($H13-I5)/($H13)))*100 -> 96.801053 | W9: =V9/$W$1 -> 0.12650355 | X9: =100-ABS((($H14-I6)/($H14)))*100 -> 98.65325 | Y9: =X9/$Y$1 -> 0.12533626 | Z9: =100-ABS((($H15-I7)/($H15)))*100 -> 96.5875 | AA9: =Z9/$AA$1 -> 0.12584891 | AC9: =(R9+T9+V9+X9)/4 -> 98.556454 | AD9: =(P9+R9+T9+V9+X9+Z9)/6 -> 98.373413 | AE9: =IF($AC9=MAX(AC2:AC10),"TOP","")
A10: TNX | B10: 4.033 | C10: 4.044 | D10: =(B2*Q26)+(C2*Q27)+(D2*Q28)+(E2*Q29)+(F2*Q30)+(G2*Q31)+(H2*Q32)+(I2*Q33)+(J2*Q34) -> 4.0421697 | E10: =D10/$H$10 -> 0.99806658 | F10: 4.0388972 | G10: =F10/$H$10 -> 0.99725858 | H10: 4.05 | L10: 43 | O10: =J1 -> DynaMix | P10: =100-ABS((($H10-J2)/($H10)))*100 -> 99.911111 | Q10: =P10/$Q$1 -> 0.14334602 | R10: =100-ABS((($H11-J3)/($H11)))*100 -> 99.056707 | S10: =R10/$S$1 -> 0.12454152 | T10: =100-ABS((($H12-J4)/($H12)))*100 -> 99.660661 | U10: =T10/$U$1 -> 0.12567305 | V10: =100-ABS((($H13-J5)/($H13)))*100 -> 97.457895 | W10: =V10/$W$1 -> 0.12736194 | X10: =100-ABS((($H14-J6)/($H14)))*100 -> 98.49535 | Y10: =X10/$Y$1 -> 0.12513565 | Z10: =100-ABS((($H15-J7)/($H15)))*100 -> 96.356061 | AA10: =Z10/$AA$1 -> 0.12554735 | AC10: =(R10+T10+V10+X10)/4 -> 98.667653 | AD10: =(P10+R10+T10+V10+X10+Z10)/6 -> 98.489631 | AE10: =IF($AC10=MAX(AC2:AC10),"TOP","")
A11: DJI | B11: 49174.5 | C11: 48818.85 | D11: =(B3*S26)+(C3*S27)+(D3*S28)+(E3*S29)+(F3*S30)+(G3*S31)+(H3*S32)+(I3*S33)+(J3*S34) -> 49221.088 | E11: =D11/$H$11 -> 0.99436541 | F11: 49251.484 | G11: =F11/$H$11 -> 0.99497947 | H11: 49500 | O11: AVR : | P11: =SUM(P2:P10)/8 -> 87.124074 | R11: =AVERAGE(R2:R10) -> 88.374551 | T11: =AVERAGE(T2:T10) -> 88.112819 | V11: =AVERAGE(V2:V10) -> 85.02269 | X11: =AVERAGE(X2:X10) -> 87.456511 | Z11: =AVERAGE(Z2:Z10) -> 85.276423
A12: SPX | B12: 6890.07 | C12: 6837.74 | D12: =(B4*U26)+(C4*U27)+(D4*U28)+(E4*U29)+(F4*U30)+(G4*U31)+(H4*U32)+(I4*U33)+(J4*U34) -> 6912.7657 | E12: =D12/$H$12 -> 1.0084268 | F12: 6907.2033 | G12: =F12/$H$12 -> 1.0076154 | H12: 6855
A13: VIX | B13: 19.55 | C13: 19.55 | D13: =(B5*W26)+(C5*W27)+(D5*W28)+(E5*W29)+(F5*W30)+(G5*W31)+(H5*W32)+(I5*W33)+(J5*W34) -> 18.934458 | E13: =D13/$H$13 -> 0.99655043 | F13: 19.318179 | G13: =F13/$H$13 -> 1.0167463 | H13: 19 | O13: Update | P13: TNX | Q13: =SUM(P14:P22) -> 595 | R13: DJI | S13: =SUM(R14:R22) -> 690 | T13: SPX | U13: =SUM(T14:T22) -> 615 | V13: VIX | W13: =SUM(V14:V22) -> 360 | X13: QQQ | Y13: =SUM(X14:X22) -> 530 | Z13: AAPL | AA13: =SUM(Z14:Z22) -> 360 | AC13: Value | AD13: Assign
A14: QQQ | B14: 607.87 | C14: 607.87 | D14: =(B6*Y26)+(C6*Y27)+(D6*Y28)+(E6*Y29)+(F6*Y30)+(G6*Y31)+(H6*Y32)+(I6*Y33)+(J6*Y34) -> 609.60971 | E14: =D14/$H$14 -> 1.0160162 | F14: 609.91082 | G14: =F14/$H$14 -> 1.016518 | H14: 600 | O14: =O2 -> PyCaret | P14: =IF(P2=0,0, LOOKUP(P2-0.000000000001,$AC$14:$AC$30,$AD$14:$AD$30)) -> 90 | Q14: =P14/$Q$13 -> 0.1512605 | R14: =IF(R2=0,0, LOOKUP(R2-0.000000000001,$AC$14:$AC$30,$AD$14:$AD$30)) -> 65 | S14: =R14/$S$13 -> 0.094202899 | T14: =IF(T2=0,0, LOOKUP(T2-0.000000000001,$AC$14:$AC$30,$AD$14:$AD$30)) -> 65 | U14: =T14/$U$13 -> 0.10569106 | V14: =IF(V2=0,0, LOOKUP(V2-0.000000000001,$AC$14:$AC$30,$AD$14:$AD$30)) -> 10 | W14: =V14/$W$13 -> 0.027777778 | X14: =IF(X2=0,0, LOOKUP(X2-0.000000000001,$AC$14:$AC$30,$AD$14:$AD$30)) -> 65 | Y14: =X14/$Y$13 -> 0.12264151 | Z14: =IF(Z2=0,0, LOOKUP(Z2-0.000000000001,$AC$14:$AC$30,$AD$14:$AD$30)) -> 30 | AA14: =Z14/$AA$13 -> 0.083333333 | AC14: 1 | AD14: 0.1
A15: AAPL | B15: 272.14 | C15: 272.19 | D15: =(B7*AA25)+(C7*AA26)+(D7*AA27)+(E7*AA28)+(F7*AA29)+(G7*AA30)+(H7*AA31)+(I7*AA32)+(J7*AA33) -> 271.24407 | E15: =D15/$H$15 -> 1.0274397 | F15: 274.37624 | G15: =F15/$H$15 -> 1.0393039 | H15: 264 | O15: =O3 -> ARIMAX | P15: =IF(P3=0,0, LOOKUP(P3-0.000000000001,$AC$14:$AC$30,$AD$14:$AD$30)) -> 90 | Q15: =P15/$Q$13 -> 0.1512605 | R15: =IF(R3=0,0, LOOKUP(R3-0.000000000001,$AC$14:$AC$30,$AD$14:$AD$30)) -> 95 | S15: =R15/$S$13 -> 0.13768116 | T15: =IF(T3=0,0, LOOKUP(T3-0.000000000001,$AC$14:$AC$30,$AD$14:$AD$30)) -> 70 | U15: =T15/$U$13 -> 0.11382114 | V15: =IF(V3=0,0, LOOKUP(V3-0.000000000001,$AC$14:$AC$30,$AD$14:$AD$30)) -> 50 | W15: =V15/$W$13 -> 0.13888889 | X15: =IF(X3=0,0, LOOKUP(X3-0.000000000001,$AC$14:$AC$30,$AD$14:$AD$30)) -> 70 | Y15: =X15/$Y$13 -> 0.13207547 | Z15: =IF(Z3=0,0, LOOKUP(Z3-0.000000000001,$AC$14:$AC$30,$AD$14:$AD$30)) -> 50 | AA15: =Z15/$AA$13 -> 0.13888889 | AC15: 80 | AD15: 1
O16: =O4 -> PCE | P16: =IF(P4=0,0, LOOKUP(P4-0.000000000001,$AC$14:$AC$30,$AD$14:$AD$30)) -> 0 | Q16: =P16/$Q$13 -> 0 | R16: =IF(R4=0,0, LOOKUP(R4-0.000000000001,$AC$14:$AC$30,$AD$14:$AD$30)) -> 0 | S16: =R16/$S$13 -> 0 | T16: =IF(T4=0,0, LOOKUP(T4-0.000000000001,$AC$14:$AC$30,$AD$14:$AD$30)) -> 0 | U16: =T16/$U$13 -> 0 | V16: =IF(V4=0,0, LOOKUP(V4-0.000000000001,$AC$14:$AC$30,$AD$14:$AD$30)) -> 0 | W16: =V16/$W$13 -> 0 | X16: =IF(X4=0,0, LOOKUP(X4-0.000000000001,$AC$14:$AC$30,$AD$14:$AD$30)) -> 0 | Y16: =X16/$Y$13 -> 0 | Z16: =IF(Z4=0,0, LOOKUP(Z4-0.000000000001,$AC$14:$AC$30,$AD$14:$AD$30)) -> 0 | AA16: =Z16/$AA$13 -> 0 | AC16: 82.5 | AD16: 2
A17: =F9 -> LLM | B17: RD | D17: 85220 | F17: MICH | H17: max-Q | O17: =O5 -> LSTM | P17: =IF(P5=0,0, LOOKUP(P5-0.000000000001,$AC$14:$AC$30,$AD$14:$AD$30)) -> 80 | Q17: =P17/$Q$13 -> 0.13445378 | R17: =IF(R5=0,0, LOOKUP(R5-0.000000000001,$AC$14:$AC$30,$AD$14:$AD$30)) -> 95 | S17: =R17/$S$13 -> 0.13768116 | T17: =IF(T5=0,0, LOOKUP(T5-0.000000000001,$AC$14:$AC$30,$AD$14:$AD$30)) -> 90 | U17: =T17/$U$13 -> 0.14634146 | V17: =IF(V5=0,0, LOOKUP(V5-0.000000000001,$AC$14:$AC$30,$AD$14:$AD$30)) -> 40 | W17: =V17/$W$13 -> 0.11111111 | X17: =IF(X5=0,0, LOOKUP(X5-0.000000000001,$AC$14:$AC$30,$AD$14:$AD$30)) -> 65 | Y17: =X17/$Y$13 -> 0.12264151 | Z17: =IF(Z5=0,0, LOOKUP(Z5-0.000000000001,$AC$14:$AC$30,$AD$14:$AD$30)) -> 40 | AA17: =Z17/$AA$13 -> 0.11111111 | AC17: 85 | AD17: 5
A18: TNX | B18: 4.02 | C18: =1-ABS(1-B18/$H$10) -> 0.99259259 | D18: 4.05 | E18: =1-ABS(1-D18/$H$10) -> 1 | F18: 4.06 | G18: =1-ABS(1-F18/$H$10) -> 0.99753086 | H18: TNX | I18: =MAX(P2:P10) -> 99.911111 | J18: G | O18: =O6 -> GARCH | P18: =IF(P6=0,0, LOOKUP(P6-0.000000000001,$AC$14:$AC$30,$AD$14:$AD$30)) -> 80 | Q18: =P18/$Q$13 -> 0.13445378 | R18: =IF(R6=0,0, LOOKUP(R6-0.000000000001,$AC$14:$AC$30,$AD$14:$AD$30)) -> 90 | S18: =R18/$S$13 -> 0.13043478 | T18: =IF(T6=0,0, LOOKUP(T6-0.000000000001,$AC$14:$AC$30,$AD$14:$AD$30)) -> 70 | U18: =T18/$U$13 -> 0.11382114 | V18: =IF(V6=0,0, LOOKUP(V6-0.000000000001,$AC$14:$AC$30,$AD$14:$AD$30)) -> 40 | W18: =V18/$W$13 -> 0.11111111 | X18: =IF(X6=0,0, LOOKUP(X6-0.000000000001,$AC$14:$AC$30,$AD$14:$AD$30)) -> 60 | Y18: =X18/$Y$13 -> 0.11320755 | Z18: =IF(Z6=0,0, LOOKUP(Z6-0.000000000001,$AC$14:$AC$30,$AD$14:$AD$30)) -> 40 | AA18: =Z18/$AA$13 -> 0.11111111 | AC18: 87.5 | AD18: 10
A19: DJI | B19: 49515 | C19: =1-ABS(1-B19/$H$11) -> 0.99969697 | D19: 49583 | E19: =1-ABS(1-D19/$H$11) -> 0.99832323 | F19: 49310 | G19: =1-ABS(1-F19/$H$11) -> 0.99616162 | H19: DJI | I19: =MAX(R2:R10) -> 99.948625 | J19: R | O19: =O7 -> VAR | P19: =IF(P7=0,0, LOOKUP(P7-0.000000000001,$AC$14:$AC$30,$AD$14:$AD$30)) -> 0 | Q19: =P19/$Q$13 -> 0 | R19: =IF(R7=0,0, LOOKUP(R7-0.000000000001,$AC$14:$AC$30,$AD$14:$AD$30)) -> 90 | S19: =R19/$S$13 -> 0.13043478 | T19: =IF(T7=0,0, LOOKUP(T7-0.000000000001,$AC$14:$AC$30,$AD$14:$AD$30)) -> 80 | U19: =T19/$U$13 -> 0.1300813 | V19: =IF(V7=0,0, LOOKUP(V7-0.000000000001,$AC$14:$AC$30,$AD$14:$AD$30)) -> 50 | W19: =V19/$W$13 -> 0.13888889 | X19: =IF(X7=0,0, LOOKUP(X7-0.000000000001,$AC$14:$AC$30,$AD$14:$AD$30)) -> 70 | Y19: =X19/$Y$13 -> 0.13207547 | Z19: =IF(Z7=0,0, LOOKUP(Z7-0.000000000001,$AC$14:$AC$30,$AD$14:$AD$30)) -> 50 | AA19: =Z19/$AA$13 -> 0.13888889 | AC19: 90 | AD19: 20
A20: SPX | B20: 6907 | C20: =1-ABS(1-B20/$H$12) -> 0.9924143 | D20: 6913 | E20: =1-ABS(1-D20/$H$12) -> 0.99153902 | F20: 6919 | G20: =1-ABS(1-F20/$H$12) -> 0.99066375 | H20: SPX | I20: =MAX(T2:T10) -> 99.660661 | J20: A | O20: =O8 -> RW | P20: =IF(P8=0,0, LOOKUP(P8-0.000000000001,$AC$14:$AC$30,$AD$14:$AD$30)) -> 80 | Q20: =P20/$Q$13 -> 0.13445378 | R20: =IF(R8=0,0, LOOKUP(R8-0.000000000001,$AC$14:$AC$30,$AD$14:$AD$30)) -> 90 | S20: =R20/$S$13 -> 0.13043478 | T20: =IF(T8=0,0, LOOKUP(T8-0.000000000001,$AC$14:$AC$30,$AD$14:$AD$30)) -> 75 | U20: =T20/$U$13 -> 0.12195122 | V20: =IF(V8=0,0, LOOKUP(V8-0.000000000001,$AC$14:$AC$30,$AD$14:$AD$30)) -> 60 | W20: =V20/$W$13 -> 0.16666667 | X20: =IF(X8=0,0, LOOKUP(X8-0.000000000001,$AC$14:$AC$30,$AD$14:$AD$30)) -> 65 | Y20: =X20/$Y$13 -> 0.12264151 | Z20: =IF(Z8=0,0, LOOKUP(Z8-0.000000000001,$AC$14:$AC$30,$AD$14:$AD$30)) -> 50 | AA20: =Z20/$AA$13 -> 0.13888889 | AC20: 92.5 | AD20: 30
A21: VIX | B21: 18.4 | C21: =1-ABS(1-B21/$H$13) -> 0.96842105 | D21: 18.65 | E21: =1-ABS(1-D21/$H$13) -> 0.98157895 | F21: 19.21 | G21: =1-ABS(1-F21/$H$13) -> 0.98894737 | H21: VIX | I21: =MAX(V2:V10) -> 97.846842 | J21: E | O21: =O9 -> ETS | P21: =IF(P9=0,0, LOOKUP(P9-0.000000000001,$AC$14:$AC$30,$AD$14:$AD$30)) -> 80 | Q21: =P21/$Q$13 -> 0.13445378 | R21: =IF(R9=0,0, LOOKUP(R9-0.000000000001,$AC$14:$AC$30,$AD$14:$AD$30)) -> 90 | S21: =R21/$S$13 -> 0.13043478 | T21: =IF(T9=0,0, LOOKUP(T9-0.000000000001,$AC$14:$AC$30,$AD$14:$AD$30)) -> 75 | U21: =T21/$U$13 -> 0.12195122 | V21: =IF(V9=0,0, LOOKUP(V9-0.000000000001,$AC$14:$AC$30,$AD$14:$AD$30)) -> 50 | W21: =V21/$W$13 -> 0.13888889 | X21: =IF(X9=0,0, LOOKUP(X9-0.000000000001,$AC$14:$AC$30,$AD$14:$AD$30)) -> 70 | Y21: =X21/$Y$13 -> 0.13207547 | Z21: =IF(Z9=0,0, LOOKUP(Z9-0.000000000001,$AC$14:$AC$30,$AD$14:$AD$30)) -> 50 | AA21: =Z21/$AA$13 -> 0.13888889 | AC21: 95 | AD21: 40
A22: QQQ | B22: 613.3 | C22: =1-ABS(1-B22/$H$14) -> 0.97783333 | D22: 615.4 | E22: =1-ABS(1-D22/$H$14) -> 0.97433333 | F22: 609.9 | G22: =1-ABS(1-F22/$H$14) -> 0.9835 | H22: QQQ | I22: =MAX(X2:X10) -> 98.767083 | J22: A | O22: =O10 -> DynaMix | P22: =IF(P10=0,0, LOOKUP(P10-0.000000000001,$AC$14:$AC$30,$AD$14:$AD$30)) -> 95 | Q22: =P22/$Q$13 -> 0.15966387 | R22: =IF(R10=0,0, LOOKUP(R10-0.000000000001,$AC$14:$AC$30,$AD$14:$AD$30)) -> 75 | S22: =R22/$S$13 -> 0.10869565 | T22: =IF(T10=0,0, LOOKUP(T10-0.000000000001,$AC$14:$AC$30,$AD$14:$AD$30)) -> 90 | U22: =T22/$U$13 -> 0.14634146 | V22: =IF(V10=0,0, LOOKUP(V10-0.000000000001,$AC$14:$AC$30,$AD$14:$AD$30)) -> 60 | W22: =V22/$W$13 -> 0.16666667 | X22: =IF(X10=0,0, LOOKUP(X10-0.000000000001,$AC$14:$AC$30,$AD$14:$AD$30)) -> 65 | Y22: =X22/$Y$13 -> 0.12264151 | Z22: =IF(Z10=0,0, LOOKUP(Z10-0.000000000001,$AC$14:$AC$30,$AD$14:$AD$30)) -> 50 | AA22: =Z22/$AA$13 -> 0.13888889 | AC22: 96 | AD22: 50
A23: AAPL | B23: 273.2 | C23: =1-ABS(1-B23/$H$15) -> 0.96515152 | D23: 274.3 | E23: =1-ABS(1-D23/$H$15) -> 0.96098485 | F23: 272.9 | G23: =1-ABS(1-F23/$H$15) -> 0.96628788 | H23: AAPL | I23: =MAX(Z2:Z10) -> 96.625682 | J23: V | O23: AVR : | P23: =AVERAGE(P14:P22) -> 66.111111 | R23: =AVERAGE(R14:R22) -> 76.666667 | T23: =AVERAGE(T14:T22) -> 68.333333 | V23: =AVERAGE(V14:V22) -> 40 | X23: =AVERAGE(X14:X22) -> 58.888889 | Z23: =AVERAGE(Z14:Z22) -> 40 | AC23: 97 | AD23: 60
AA24: =SUM(Z26:Z34) -> 451.25 | AC24: 98 | AD24: 65
A25: =AC1 -> AVR-4 | B25: {=SUM(C19:C22/4)} -> 0.98459141 | D25: {=SUM(E19:E22/4)} -> 0.98644363 | F25: {=SUM(G19:G22/4)} -> 0.98981818 | H25: max-Q AVR-4 | J25: =AVERAGE(I19:I22) -> 99.055803 | O25: History | P25: TNX | Q25: =SUM(P26:P34) -> 486.25 | R25: DJI | S25: =SUM(R26:R34) -> 563.75 | T25: SPX | U25: =SUM(T26:T34) -> 622.5 | V25: VIX | W25: =SUM(V26:V34) -> 247.275 | X25: QQQ | Y25: =SUM(X26:X34) -> 547.5 | Z25: AAPL | AA25: =Z26/$AA$24 -> 0.11911357 | AC25: 98.5 | AD25: 70
A26: =AD1 -> AVR-6 | B26: {=SUM(C18:C23/6)} -> 0.98268496 | D26: {=SUM(E18:E23/6)} -> 0.9844599 | F26: {=SUM(G18:G23/6)} -> 0.98718191 | H26: max AVR-6 | J26: =AVERAGE(I18:I23) -> 98.793334 | O26: =O2 -> PyCaret | P26: 60 | Q26: =P26/$Q$25 -> 0.12339332 | R26: 62.5 | S26: =R26/$S$25 -> 0.11086475 | T26: 61.25 | U26: =T26/$U$25 -> 0.098393574 | V26: 50 | W26: =V26/$W$25 -> 0.20220402 | X26: 72.5 | Y26: =X26/$Y$25 -> 0.13242009 | Z26: 53.75 | AA26: =Z27/$AA$24 -> 0.12188366 | AC26: 99 | AD26: 75
O27: =O3 -> ARIMAX | P27: 65 | Q27: =P27/$Q$25 -> 0.13367609 | R27: 65 | S27: =R27/$S$25 -> 0.11529933 | T27: 77.5 | U27: =T27/$U$25 -> 0.12449799 | V27: 29.25 | W27: =V27/$W$25 -> 0.11828935 | X27: 75 | Y27: =X27/$Y$25 -> 0.1369863 | Z27: 55 | AA27: =Z28/$AA$24 -> 0 | AC27: 99.25 | AD27: 80
A28: https://feargreedmeter.com/fear-and-greed-index | O28: =O4 -> PCE | P28: 0 | Q28: =P28/$Q$25 -> 0 | R28: 0 | S28: =R28/$S$25 -> 0 | T28: 0 | U28: =T28/$U$25 -> 0 | V28: 0 | W28: =V28/$W$25 -> 0 | X28: 0 | Y28: =X28/$Y$25 -> 0 | Z28: 0 | AA28: =Z29/$AA$24 -> 0.10526316 | AC28: 99.5 | AD28: 90
O29: =O5 -> LSTM | P29: 66.25 | Q29: =P29/$Q$25 -> 0.13624679 | R29: 73.75 | S29: =R29/$S$25 -> 0.1308204 | T29: 77.5 | U29: =T29/$U$25 -> 0.12449799 | V29: 26.775 | W29: =V29/$W$25 -> 0.10828025 | X29: 60 | Y29: =X29/$Y$25 -> 0.10958904 | Z29: 47.5 | AA29: =Z30/$AA$24 -> 0.13296399 | AC29: 99.75 | AD29: 95
A30: Scale | B30: 0 | C30: Extreme Fear | O30: =O6 -> GARCH | P30: 77.5 | Q30: =P30/$Q$25 -> 0.15938303 | R30: 70 | S30: =R30/$S$25 -> 0.12416851 | T30: 77.5 | U30: =T30/$U$25 -> 0.12449799 | V30: 33.75 | W30: =V30/$W$25 -> 0.13648772 | X30: 65 | Y30: =X30/$Y$25 -> 0.11872146 | Z30: 60 | AA30: =Z31/$AA$24 -> 0.12742382 | AC30: 99.99 | AD30: 100
B31: 25 | C31: Fear | O31: =O7 -> VAR | P31: 0 | Q31: =P31/$Q$25 -> 0 | R31: 73.75 | S31: =R31/$S$25 -> 0.1308204 | T31: 83.75 | U31: =T31/$U$25 -> 0.13453815 | V31: 30.5 | W31: =V31/$W$25 -> 0.12334445 | X31: 68.75 | Y31: =X31/$Y$25 -> 0.12557078 | Z31: 57.5 | AA31: =Z32/$AA$24 -> 0.13850416
B32: 45 | C32: Neutral | O32: =O8 -> RW | P32: 63.75 | Q32: =P32/$Q$25 -> 0.1311054 | R32: 72.5 | S32: =R32/$S$25 -> 0.1286031 | T32: 82.5 | U32: =T32/$U$25 -> 0.13253012 | V32: 33 | W32: =V32/$W$25 -> 0.13345466 | X32: 67.5 | Y32: =X32/$Y$25 -> 0.12328767 | Z32: 62.5 | AA32: =Z33/$AA$24 -> 0.13850416
B33: 55 | C33: Greed | O33: =O9 -> ETS | P33: 78.75 | Q33: =P33/$Q$25 -> 0.16195373 | R33: 72.5 | S33: =R33/$S$25 -> 0.1286031 | T33: 82.5 | U33: =T33/$U$25 -> 0.13253012 | V33: 23 | W33: =V33/$W$25 -> 0.093013851 | X33: 71.25 | Y33: =X33/$Y$25 -> 0.13013699 | Z33: 62.5 | AA33: =Z34/$AA$24 -> 0.11634349
B34: 75 | C34: Extreme Greed | O34: =O22 -> DynaMix | P34: 75 | Q34: =P34/$Q$25 -> 0.15424165 | R34: 73.75 | S34: =R34/$S$25 -> 0.1308204 | T34: 80 | U34: =T34/$U$25 -> 0.12851406 | V34: 21 | W34: =V34/$W$25 -> 0.08492569 | X34: 67.5 | Y34: =X34/$Y$25 -> 0.12328767 | Z34: 52.5
O35: AVR : | P35: =AVERAGE(P26:P34) -> 54.027778 | R35: =AVERAGE(R26:R34) -> 62.638889 | T35: =AVERAGE(T26:T34) -> 69.166667 | V35: =AVERAGE(V26:V34) -> 27.475 | X35: =AVERAGE(X26:X34) -> 60.833333 | Z35: =AVERAGE(Z26:Z34) -> 50.138889

Sheet AVR
A18: 1-09 | B18: TNX | C18: 565 | D18: DJI | E18: 670 | F18: SPX | G18: 645 | H18: VIX | I18: 80.6 | J18: QQQ | K18: 600.1 | L18: AAPL | M18: 625 | O18: TNX | Q18: DJI | S18: SPX | U18: VIX | W18: QQQ | Y18: AAPL | AA18: TNX | AC18: DJI | AE18: SPX | AG18: VIX | AI18: QQQ | AK18: AAPL | AM18: =AM29 -> 4
A19: =A30 -> PyCaret | B19: 90 | C19: 0.15929204 | D19: 60 | E19: 0.089552239 | F19: 75 | G19: 0.11627907 | H19: 0.1 | I19: 0.0012406948 | J19: 90 | K19: 0.149975 | L19: 75 | M19: 0.12 | O19: =AA19/$AM$172 -> 80 | Q19: =AC19/$AM$172 -> 61.25 | S19: =AE19/$AM$172 -> 62.5 | U19: =AG19/$AM$172 -> 11.3 | W19: =AI19/$AM$172 -> 83.75 | Y19: =AK19/$AM$172 -> 60 | AA19: =(B63+B52+B41+B30) -> 320 | AC19: =(D63+D52+D41+D30) -> 245 | AE19: =(F63+F52+F41+F30) -> 250 | AG19: =(H63+H52+H41+H30) -> 45.2 | AI19: =(J63+J52+J41+J30) -> 335 | AK19: =(L63+L52+L41+L30) -> 240
A20: =A31 -> ARIMAX | B20: 70 | C20: 0.12389381 | D20: 80 | E20: 0.11940299 | F20: 70 | G20: 0.10852713 | H20: 0.1 | I20: 0.0012406948 | J20: 65 | K20: 0.10831528 | L20: 90 | M20: 0.144 | O20: =AA20/$AM$172 -> 63.75 | Q20: =AC20/$AM$172 -> 72.5 | S20: =AE20/$AM$172 -> 73.75 | U20: =AG20/$AM$172 -> 1.8 | W20: =AI20/$AM$172 -> 71.25 | Y20: =AK20/$AM$172 -> 67.5 | AA20: =(B64+B53+B42+B31) -> 255 | AC20: =(D64+D53+D42+D31) -> 290 | AE20: =(F64+F53+F42+F31) -> 295 | AG20: =(H64+H53+H42+H31) -> 7.2 | AI20: =(J64+J53+J42+J31) -> 285 | AK20: =(L64+L53+L42+L31) -> 270
A21: =A32 -> PCE | B21: 80 | C21: 0.14159292 | D21: 65 | E21: 0.097014925 | F21: 65 | G21: 0.10077519 | H21: 60 | I21: 0.74441687 | J21: 60 | K21: 0.099983336 | L21: 70 | M21: 0.112 | O21: =AA21/$AM$172 -> 40 | Q21: =AC21/$AM$172 -> 32.5 | S21: =AE21/$AM$172 -> 32.5 | U21: =AG21/$AM$172 -> 30 | W21: =AI21/$AM$172 -> 30 | Y21: =AK21/$AM$172 -> 35 | AA21: =(B65+B54+B43+B32) -> 160 | AC21: =(D65+D54+D43+D32) -> 130 | AE21: =(F65+F54+F43+F32) -> 130 | AG21: =(H65+H54+H43+H32) -> 120 | AI21: =(J65+J54+J43+J32) -> 120 | AK21: =(L65+L54+L43+L32) -> 140
A22: =A33 -> LSTM | B22: 70 | C22: 0.12389381 | D22: 95 | E22: 0.14179104 | F22: 75 | G22: 0.11627907 | H22: 10 | I22: 0.12406948 | J22: 95 | K22: 0.15830695 | L22: 30 | M22: 0.048 | O22: =AA22/$AM$172 -> 65 | Q22: =AC22/$AM$172 -> 82.5 | S22: =AE22/$AM$172 -> 70 | U22: =AG22/$AM$172 -> 5.525 | W22: =AI22/$AM$172 -> 77.5 | Y22: =AK22/$AM$172 -> 32.5 | AA22: =(B66+B55+B44+B33) -> 260 | AC22: =(D66+D55+D44+D33) -> 330 | AE22: =(F66+F55+F44+F33) -> 280 | AG22: =(H66+H55+H44+H33) -> 22.1 | AI22: =(J66+J55+J44+J33) -> 310 | AK22: =(L66+L55+L44+L33) -> 130
A23: =A34 -> GARCH | B23: 65 | C23: 0.11504425 | D23: 75 | E23: 0.1119403 | F23: 75 | G23: 0.11627907 | H23: 10 | I23: 0.12406948 | J23: 95 | K23: 0.15830695 | L23: 30 | M23: 0.048 | O23: =AA23/$AM$172 -> 71.25 | Q23: =AC23/$AM$172 -> 70 | S23: =AE23/$AM$172 -> 72.5 | U23: =AG23/$AM$172 -> 7.5 | W23: =AI23/$AM$172 -> 80 | Y23: =AK23/$AM$172 -> 36.25 | AA23: =(B67+B56+B45+B34) -> 285 | AC23: =(D67+D56+D45+D34) -> 280 | AE23: =(F67+F56+F45+F34) -> 290 | AG23: =(H67+H56+H45+H34) -> 30 | AI23: =(J67+J56+J45+J34) -> 320 | AK23: =(L67+L56+L45+L34) -> 145
A24: =A35 -> VAR | B24: 0 | C24: 0 | D24: 75 | E24: 0.1119403 | F24: 65 | G24: 0.10077519 | H24: 0.1 | I24: 0.0012406948 | J24: 65 | K24: 0.10831528 | L24: 70 | M24: 0.112 | O24: =AA24/$AM$172 -> 15 | Q24: =AC24/$AM$172 -> 73.75 | S24: =AE24/$AM$172 -> 73.75 | U24: =AG24/$AM$172 -> 1.8 | W24: =AI24/$AM$172 -> 68.75 | Y24: =AK24/$AM$172 -> 57.5 | AA24: =(B68+B57+B46+B35) -> 60 | AC24: =(D68+D57+D46+D35) -> 295 | AE24: =(F68+F57+F46+F35) -> 295 | AG24: =(H68+H57+H46+H35) -> 7.2 | AI24: =(J68+J57+J46+J35) -> 275 | AK24: =(L68+L57+L46+L35) -> 230
A25: =A36 -> RW | B25: 70 | C25: 0.12389381 | D25: 75 | E25: 0.1119403 | F25: 70 | G25: 0.10852713 | H25: 0.1 | I25: 0.0012406948 | J25: 65 | K25: 0.10831528 | L25: 95 | M25: 0.152 | O25: =AA25/$AM$172 -> 58.75 | Q25: =AC25/$AM$172 -> 72.5 | S25: =AE25/$AM$172 -> 75 | U25: =AG25/$AM$172 -> 1.8 | W25: =AI25/$AM$172 -> 67.5 | Y25: =AK25/$AM$172 -> 78.75 | AA25: =(B69+B58+B47+B36) -> 235 | AC25: =(D69+D58+D47+D36) -> 290 | AE25: =(F69+F58+F47+F36) -> 300 | AG25: =(H69+H58+H47+H36) -> 7.2 | AI25: =(J69+J58+J47+J36) -> 270 | AK25: =(L69+L58+L47+L36) -> 315
A26: =A37 -> ETS | B26: 70 | C26: 0.12389381 | D26: 80 | E26: 0.11940299 | F26: 70 | G26: 0.10852713 | H26: 0.1 | I26: 0.0012406948 | J26: 0.1 | K26: 0.00016663889 | L26: 95 | M26: 0.152 | O26: =AA26/$AM$172 -> 73.75 | Q26: =AC26/$AM$172 -> 75 | S26: =AE26/$AM$172 -> 75 | U26: =AG26/$AM$172 -> 1.8 | W26: =AI26/$AM$172 -> 38.8 | Y26: =AK26/$AM$172 -> 78.75 | AA26: =(B70+B59+B48+B37) -> 295 | AC26: =(D70+D59+D48+D37) -> 300 | AE26: =(F70+F59+F48+F37) -> 300 | AG26: =(H70+H59+H48+H37) -> 7.2 | AI26: =(J70+J59+J48+J37) -> 155.2 | AK26: =(L70+L59+L48+L37) -> 315
A27: =A38 -> DynaMix | B27: 50 | C27: 0.088495575 | D27: 65 | E27: 0.097014925 | F27: 80 | G27: 0.12403101 | H27: 0.1 | I27: 0.0012406948 | J27: 65 | K27: 0.10831528 | L27: 70 | M27: 0.112 | O27: =AA27/$AM$172 -> 63.75 | Q27: =AC27/$AM$172 -> 68.75 | S27: =AE27/$AM$172 -> 78.75 | U27: =AG27/$AM$172 -> 1.05 | W27: =AI27/$AM$172 -> 68.75 | Y27: =AK27/$AM$172 -> 58.75 | AA27: =(B71+B60+B49+B38) -> 255 | AC27: =(D71+D60+D49+D38) -> 275 | AE27: =(F71+F60+F49+F38) -> 315 | AG27: =(H71+H60+H49+H38) -> 4.2 | AI27: =(J71+J60+J49+J38) -> 275 | AK27: =(L71+L60+L49+L38) -> 235
A29: 1-08 | B29: TNX | C29: 565 | D29: DJI | E29: 670 | F29: SPX | G29: 645 | H29: VIX | I29: 80.6 | J29: QQQ | K29: 600.1 | L29: AAPL | M29: 625 | O29: TNX | Q29: DJI | S29: SPX | U29: VIX | W29: QQQ | Y29: AAPL | AA29: TNX | AC29: DJI | AE29: SPX | AG29: VIX | AI29: QQQ | AK29: AAPL | AM29: =AM40 -> 4
A30: =A41 -> PyCaret | B30: 90 | C30: 0.15929204 | D30: 60 | E30: 0.089552239 | F30: 75 | G30: 0.11627907 | H30: 0.1 | I30: 0.0012406948 | J30: 90 | K30: 0.149975 | L30: 75 | M30: 0.12 | O30: =AA30/$AM$172 -> 65 | Q30: =AC30/$AM$172 -> 61.25 | S30: =AE30/$AM$172 -> 60 | U30: =AG30/$AM$172 -> 31.275 | W30: =AI30/$AM$172 -> 76.25 | Y30: =AK30/$AM$172 -> 48.75 | AA30: =(B74+B63+B52+B41) -> 260 | AC30: =(D74+D63+D52+D41) -> 245 | AE30: =(F74+F63+F52+F41) -> 240 | AG30: =(H74+H63+H52+H41) -> 125.1 | AI30: =(J74+J63+J52+J41) -> 305 | AK30: =(L74+L63+L52+L41) -> 195
A31: =A42 -> ARIMAX | B31: 70 | C31: 0.12389381 | D31: 80 | E31: 0.11940299 | F31: 70 | G31: 0.10852713 | H31: 0.1 | I31: 0.0012406948 | J31: 65 | K31: 0.10831528 | L31: 90 | M31: 0.144 | O31: =AA31/$AM$172 -> 63.75 | Q31: =AC31/$AM$172 -> 67.5 | S31: =AE31/$AM$172 -> 78.75 | U31: =AG31/$AM$172 -> 21.775 | W31: =AI31/$AM$172 -> 75 | Y31: =AK31/$AM$172 -> 60 | AA31: =(B75+B64+B53+B42) -> 255 | AC31: =(D75+D64+D53+D42) -> 270 | AE31: =(F75+F64+F53+F42) -> 315 | AG31: =(H75+H64+H53+H42) -> 87.1 | AI31: =(J75+J64+J53+J42) -> 300 | AK31: =(L75+L64+L53+L42) -> 240
A32: =A43 -> PCE | B32: 80 | C32: 0.14159292 | D32: 65 | E32: 0.097014925 | F32: 65 | G32: 0.10077519 | H32: 60 | I32: 0.74441687 | J32: 60 | K32: 0.099983336 | L32: 70 | M32: 0.112 | O32: =AA32/$AM$172 -> 37.5 | Q32: =AC32/$AM$172 -> 31.25 | S32: =AE32/$AM$172 -> 38.75 | U32: =AG32/$AM$172 -> 30 | W32: =AI32/$AM$172 -> 35 | Y32: =AK32/$AM$172 -> 32.5 | AA32: =(B76+B65+B54+B43) -> 150 | AC32: =(D76+D65+D54+D43) -> 125 | AE32: =(F76+F65+F54+F43) -> 155 | AG32: =(H76+H65+H54+H43) -> 120 | AI32: =(J76+J65+J54+J43) -> 140 | AK32: =(L76+L65+L54+L43) -> 130
A33: =A44 -> LSTM | B33: 70 | C33: 0.12389381 | D33: 95 | E33: 0.14179104 | F33: 75 | G33: 0.11627907 | H33: 10 | I33: 0.12406948 | J33: 95 | K33: 0.15830695 | L33: 30 | M33: 0.048 | O33: =AA33/$AM$172 -> 63.75 | Q33: =AC33/$AM$172 -> 81.25 | S33: =AE33/$AM$172 -> 73.75 | U33: =AG33/$AM$172 -> 21.775 | W33: =AI33/$AM$172 -> 68.75 | Y33: =AK33/$AM$172 -> 40 | AA33: =(B77+B66+B55+B44) -> 255 | AC33: =(D77+D66+D55+D44) -> 325 | AE33: =(F77+F66+F55+F44) -> 295 | AG33: =(H77+H66+H55+H44) -> 87.1 | AI33: =(J77+J66+J55+J44) -> 275 | AK33: =(L77+L66+L55+L44) -> 160
A34: =A45 -> GARCH | B34: 65 | C34: 0.11504425 | D34: 75 | E34: 0.1119403 | F34: 75 | G34: 0.11627907 | H34: 10 | I34: 0.12406948 | J34: 95 | K34: 0.15830695 | L34: 30 | M34: 0.048 | O34: =AA34/$AM$172 -> 71.25 | Q34: =AC34/$AM$172 -> 68.75 | S34: =AE34/$AM$172 -> 76.25 | U34: =AG34/$AM$172 -> 28.75 | W34: =AI34/$AM$172 -> 72.5 | Y34: =AK34/$AM$172 -> 43.75 | AA34: =(B78+B67+B56+B45) -> 285 | AC34: =(D78+D67+D56+D45) -> 275 | AE34: =(F78+F67+F56+F45) -> 305 | AG34: =(H78+H67+H56+H45) -> 115 | AI34: =(J78+J67+J56+J45) -> 290 | AK34: =(L78+L67+L56+L45) -> 175
A35: =A46 -> VAR | B35: 0 | C35: 0 | D35: 75 | E35: 0.1119403 | F35: 65 | G35: 0.10077519 | H35: 0.1 | I35: 0.0012406948 | J35: 65 | K35: 0.10831528 | L35: 70 | M35: 0.112 | O35: =AA35/$AM$172 -> 15 | Q35: =AC35/$AM$172 -> 72.5 | S35: =AE35/$AM$172 -> 80 | U35: =AG35/$AM$172 -> 20.525 | W35: =AI35/$AM$172 -> 68.75 | Y35: =AK35/$AM$172 -> 55 | AA35: =(B79+B68+B57+B46) -> 60 | AC35: =(D79+D68+D57+D46) -> 290 | AE35: =(F79+F68+F57+F46) -> 320 | AG35: =(H79+H68+H57+H46) -> 82.1 | AI35: =(J79+J68+J57+J46) -> 275 | AK35: =(L79+L68+L57+L46) -> 220
A36: =A47 -> RW | B36: 70 | C36: 0.12389381 | D36: 75 | E36: 0.1119403 | F36: 70 | G36: 0.10852713 | H36: 0.1 | I36: 0.0012406948 | J36: 65 | K36: 0.10831528 | L36: 95 | M36: 0.152 | O36: =AA36/$AM$172 -> 58.75 | Q36: =AC36/$AM$172 -> 71.25 | S36: =AE36/$AM$172 -> 81.25 | U36: =AG36/$AM$172 -> 25.525 | W36: =AI36/$AM$172 -> 67.5 | Y36: =AK36/$AM$172 -> 70 | AA36: =(B80+B69+B58+B47) -> 235 | AC36: =(D80+D69+D58+D47) -> 285 | AE36: =(F80+F69+F58+F47) -> 325 | AG36: =(H80+H69+H58+H47) -> 102.1 | AI36: =(J80+J69+J58+J47) -> 270 | AK36: =(L80+L69+L58+L47) -> 280
A37: =A48 -> ETS | B37: 70 | C37: 0.12389381 | D37: 80 | E37: 0.11940299 | F37: 70 | G37: 0.10852713 | H37: 0.1 | I37: 0.0012406948 | J37: 0.1 | K37: 0.00016663889 | L37: 95 | M37: 0.152 | O37: =AA37/$AM$172 -> 73.75 | Q37: =AC37/$AM$172 -> 72.5 | S37: =AE37/$AM$172 -> 81.25 | U37: =AG37/$AM$172 -> 18.025 | W37: =AI37/$AM$172 -> 55.025 | Y37: =AK37/$AM$172 -> 70 | AA37: =(B81+B70+B59+B48) -> 295 | AC37: =(D81+D70+D59+D48) -> 290 | AE37: =(F81+F70+F59+F48) -> 325 | AG37: =(H81+H70+H59+H48) -> 72.1 | AI37: =(J81+J70+J59+J48) -> 220.1 | AK37: =(L81+L70+L59+L48) -> 280
A38: =A49 -> DynaMix | B38: 50 | C38: 0.088495575 | D38: 65 | E38: 0.097014925 | F38: 80 | G38: 0.12403101 | H38: 0.1 | I38: 0.0012406948 | J38: 65 | K38: 0.10831528 | L38: 70 | M38: 0.112 | O38: =AA38/$AM$172 -> 67.5 | Q38: =AC38/$AM$172 -> 67.5 | S38: =AE38/$AM$172 -> 82.5 | U38: =AG38/$AM$172 -> 13.525 | W38: =AI38/$AM$172 -> 71.25 | Y38: =AK38/$AM$172 -> 53.75 | AA38: =(B82+B71+B60+B49) -> 270 | AC38: =(D82+D71+D60+D49) -> 270 | AE38: =(F82+F71+F60+F49) -> 330 | AG38: =(H82+H71+H60+H49) -> 54.1 | AI38: =(J82+J71+J60+J49) -> 285 | AK38: =(L82+L71+L60+L49) -> 215
A40: 1-07 | B40: TNX | C40: 565 | D40: DJI | E40: 670 | F40: SPX | G40: 645 | H40: VIX | I40: 80.6 | J40: QQQ | K40: 600.1 | L40: AAPL | M40: 625 | O40: TNX | Q40: DJI | S40: SPX | U40: VIX | W40: QQQ | Y40: AAPL | AA40: TNX | AC40: DJI | AE40: SPX | AG40: VIX | AI40: QQQ | AK40: AAPL | AM40: =AM51 -> 4
A41: =A52 -> PyCaret | B41: 90 | C41: 0.15929204 | D41: 60 | E41: 0.089552239 | F41: 75 | G41: 0.11627907 | H41: 0.1 | I41: 0.0012406948 | J41: 90 | K41: 0.149975 | L41: 75 | M41: 0.12 | O41: =AA41/$AM$172 -> 60 | Q41: =AC41/$AM$172 -> 62.5 | S41: =AE41/$AM$172 -> 61.25 | U41: =AG41/$AM$172 -> 50 | W41: =AI41/$AM$172 -> 72.5 | Y41: =AK41/$AM$172 -> 53.75 | AA41: =(B85+B74+B63+B52) -> 240 | AC41: =(D85+D74+D63+D52) -> 250 | AE41: =(F85+F74+F63+F52) -> 245 | AG41: =(H85+H74+H63+H52) -> 200 | AI41: =(J85+J74+J63+J52) -> 290 | AK41: =(L85+L74+L63+L52) -> 215
A42: =A53 -> ARIMAX | B42: 70 | C42: 0.12389381 | D42: 80 | E42: 0.11940299 | F42: 70 | G42: 0.10852713 | H42: 0.1 | I42: 0.0012406948 | J42: 65 | K42: 0.10831528 | L42: 90 | M42: 0.144 | O42: =AA42/$AM$172 -> 65 | Q42: =AC42/$AM$172 -> 65 | S42: =AE42/$AM$172 -> 77.5 | U42: =AG42/$AM$172 -> 29.25 | W42: =AI42/$AM$172 -> 75 | Y42: =AK42/$AM$172 -> 55 | AA42: =(B86+B75+B64+B53) -> 260 | AC42: =(D86+D75+D64+D53) -> 260 | AE42: =(F86+F75+F64+F53) -> 310 | AG42: =(H86+H75+H64+H53) -> 117 | AI42: =(J86+J75+J64+J53) -> 300 | AK42: =(L86+L75+L64+L53) -> 220
A43: =A54 -> PCE | B43: 80 | C43: 0.14159292 | D43: 65 | E43: 0.097014925 | F43: 65 | G43: 0.10077519 | H43: 60 | I43: 0.74441687 | J43: 60 | K43: 0.099983336 | L43: 70 | M43: 0.112 | O43: =AA43/$AM$172 -> 36.25 | Q43: =AC43/$AM$172 -> 40 | S43: =AE43/$AM$172 -> 46.25 | U43: =AG43/$AM$172 -> 31.25 | W43: =AI43/$AM$172 -> 38.75 | Y43: =AK43/$AM$172 -> 38.75 | AA43: =(B87+B76+B65+B54) -> 145 | AC43: =(D87+D76+D65+D54) -> 160 | AE43: =(F87+F76+F65+F54) -> 185 | AG43: =(H87+H76+H65+H54) -> 125 | AI43: =(J87+J76+J65+J54) -> 155 | AK43: =(L87+L76+L65+L54) -> 155
A44: =A55 -> LSTM | B44: 70 | C44: 0.12389381 | D44: 95 | E44: 0.14179104 | F44: 75 | G44: 0.11627907 | H44: 10 | I44: 0.12406948 | J44: 95 | K44: 0.15830695 | L44: 30 | M44: 0.048 | O44: =AA44/$AM$172 -> 66.25 | Q44: =AC44/$AM$172 -> 73.75 | S44: =AE44/$AM$172 -> 77.5 | U44: =AG44/$AM$172 -> 26.775 | W44: =AI44/$AM$172 -> 60 | Y44: =AK44/$AM$172 -> 47.5 | AA44: =(B88+B77+B66+B55) -> 265 | AC44: =(D88+D77+D66+D55) -> 295 | AE44: =(F88+F77+F66+F55) -> 310 | AG44: =(H88+H77+H66+H55) -> 107.1 | AI44: =(J88+J77+J66+J55) -> 240 | AK44: =(L88+L77+L66+L55) -> 190
A45: =A56 -> GARCH | B45: 65 | C45: 0.11504425 | D45: 75 | E45: 0.1119403 | F45: 75 | G45: 0.11627907 | H45: 10 | I45: 0.12406948 | J45: 95 | K45: 0.15830695 | L45: 30 | M45: 0.048 | O45: =AA45/$AM$172 -> 77.5 | Q45: =AC45/$AM$172 -> 70 | S45: =AE45/$AM$172 -> 77.5 | U45: =AG45/$AM$172 -> 33.75 | W45: =AI45/$AM$172 -> 65 | Y45: =AK45/$AM$172 -> 60 | AA45: =(B89+B78+B67+B56) -> 310 | AC45: =(D89+D78+D67+D56) -> 280 | AE45: =(F89+F78+F67+F56) -> 310 | AG45: =(H89+H78+H67+H56) -> 135 | AI45: =(J89+J78+J67+J56) -> 260 | AK45: =(L89+L78+L67+L56) -> 240
A46: =A57 -> VAR | B46: 0 | C46: 0 | D46: 75 | E46: 0.1119403 | F46: 65 | G46: 0.10077519 | H46: 0.1 | I46: 0.0012406948 | J46: 65 | K46: 0.10831528 | L46: 70 | M46: 0.112 | O46: =AA46/$AM$172 -> 15 | Q46: =AC46/$AM$172 -> 73.75 | S46: =AE46/$AM$172 -> 83.75 | U46: =AG46/$AM$172 -> 30.5 | W46: =AI46/$AM$172 -> 68.75 | Y46: =AK46/$AM$172 -> 57.5 | AA46: =(B90+B79+B68+B57) -> 60 | AC46: =(D90+D79+D68+D57) -> 295 | AE46: =(F90+F79+F68+F57) -> 335 | AG46: =(H90+H79+H68+H57) -> 122 | AI46: =(J90+J79+J68+J57) -> 275 | AK46: =(L90+L79+L68+L57) -> 230
A47: =A58 -> RW | B47: 70 | C47: 0.12389381 | D47: 75 | E47: 0.1119403 | F47: 70 | G47: 0.10852713 | H47: 0.1 | I47: 0.0012406948 | J47: 65 | K47: 0.10831528 | L47: 95 | M47: 0.152 | O47: =AA47/$AM$172 -> 63.75 | Q47: =AC47/$AM$172 -> 72.5 | S47: =AE47/$AM$172 -> 82.5 | U47: =AG47/$AM$172 -> 33 | W47: =AI47/$AM$172 -> 67.5 | Y47: =AK47/$AM$172 -> 62.5 | AA47: =(B91+B80+B69+B58) -> 255 | AC47: =(D91+D80+D69+D58) -> 290 | AE47: =(F91+F80+F69+F58) -> 330 | AG47: =(H91+H80+H69+H58) -> 132 | AI47: =(J91+J80+J69+J58) -> 270 | AK47: =(L91+L80+L69+L58) -> 250
A48: =A59 -> ETS | B48: 70 | C48: 0.12389381 | D48: 80 | E48: 0.11940299 | F48: 70 | G48: 0.10852713 | H48: 0.1 | I48: 0.0012406948 | J48: 0.1 | K48: 0.00016663889 | L48: 95 | M48: 0.152 | O48: =AA48/$AM$172 -> 78.75 | Q48: =AC48/$AM$172 -> 72.5 | S48: =AE48/$AM$172 -> 82.5 | U48: =AG48/$AM$172 -> 23 | W48: =AI48/$AM$172 -> 71.25 | Y48: =AK48/$AM$172 -> 62.5 | AA48: =(B92+B81+B70+B59) -> 315 | AC48: =(D92+D81+D70+D59) -> 290 | AE48: =(F92+F81+F70+F59) -> 330 | AG48: =(H92+H81+H70+H59) -> 92 | AI48: =(J92+J81+J70+J59) -> 285 | AK48: =(L92+L81+L70+L59) -> 250
A49: =A60 -> DynaMix | B49: 50 | C49: 0.088495575 | D49: 65 | E49: 0.097014925 | F49: 80 | G49: 0.12403101 | H49: 0.1 | I49: 0.0012406948 | J49: 65 | K49: 0.10831528 | L49: 70 | M49: 0.112 | O49: =AA49/$AM$172 -> 75 | Q49: =AC49/$AM$172 -> 73.75 | S49: =AE49/$AM$172 -> 80 | U49: =AG49/$AM$172 -> 21 | W49: =AI49/$AM$172 -> 67.5 | Y49: =AK49/$AM$172 -> 52.5 | AA49: =(B93+B82+B71+B60) -> 300 | AC49: =(D93+D82+D71+D60) -> 295 | AE49: =(F93+F82+F71+F60) -> 320 | AG49: =(H93+H82+H71+H60) -> 84 | AI49: =(J93+J82+J71+J60) -> 270 | AK49: =(L93+L82+L71+L60) -> 210
A51: 1-06 | B51: TNX | C51: 615 | D51: DJI | E51: 705 | F51: SPX | G51: 675 | H51: VIX | I51: 55.1 | J51: QQQ | K51: 665 | L51: AAPL | M51: 560 | O51: TNX | Q51: DJI | S51: SPX | U51: VIX | W51: QQQ | Y51: AAPL | AA51: TNX | AC51: DJI | AE51: SPX | AG51: VIX | AI51: QQQ | AK51: AAPL | AM51: =AM62 -> 4
A52: =A63 -> PyCaret | B52: 90 | C52: 0.14634146 | D52: 75 | E52: 0.10638298 | F52: 50 | G52: 0.074074074 | H52: 40 | I52: 0.72595281 | J52: 90 | K52: 0.13533835 | L52: 60 | M52: 0.10714286 | O52: =AA52/$AM$172 -> 60 | Q52: =AC52/$AM$172 -> 58.75 | S52: =AE52/$AM$172 -> 67.5 | U52: =AG52/$AM$172 -> 40.025 | W52: =AI52/$AM$172 -> 72.5 | Y52: =AK52/$AM$172 -> 57.5 | AA52: =(B96+B85+B74+B63) -> 240 | AC52: =(D96+D85+D74+D63) -> 235 | AE52: =(F96+F85+F74+F63) -> 270 | AG52: =(H96+H85+H74+H63) -> 160.1 | AI52: =(J96+J85+J74+J63) -> 290 | AK52: =(L96+L85+L74+L63) -> 230
A53: =A64 -> ARIMAX | B53: 65 | C53: 0.10569106 | D53: 90 | E53: 0.12765957 | F53: 95 | G53: 0.14074074 | H53: 2 | I53: 0.036297641 | J53: 95 | K53: 0.14285714 | L53: 70 | M53: 0.125 | O53: =AA53/$AM$172 -> 66.25 | Q53: =AC53/$AM$172 -> 62.5 | S53: =AE53/$AM$172 -> 71.25 | U53: =AG53/$AM$172 -> 28.775 | W53: =AI53/$AM$172 -> 67.5 | Y53: =AK53/$AM$172 -> 60 | AA53: =(B97+B86+B75+B64) -> 265 | AC53: =(D97+D86+D75+D64) -> 250 | AE53: =(F97+F86+F75+F64) -> 285 | AG53: =(H97+H86+H75+H64) -> 115.1 | AI53: =(J97+J86+J75+J64) -> 270 | AK53: =(L97+L86+L75+L64) -> 240
A54: =A65 -> PCE | B54: 0 | C54: 0 | D54: 0 | E54: 0 | F54: 0 | G54: 0 | H54: 0 | I54: 0 | J54: 0 | K54: 0 | L54: 0 | M54: 0 | O54: =AA54/$AM$172 -> 56.25 | Q54: =AC54/$AM$172 -> 56.25 | S54: =AE54/$AM$172 -> 62.5 | U54: =AG54/$AM$172 -> 46.25 | W54: =AI54/$AM$172 -> 53.75 | Y54: =AK54/$AM$172 -> 56.25 | AA54: =(B98+B87+B76+B65) -> 225 | AC54: =(D98+D87+D76+D65) -> 225 | AE54: =(F98+F87+F76+F65) -> 250 | AG54: =(H98+H87+H76+H65) -> 185 | AI54: =(J98+J87+J76+J65) -> 215 | AK54: =(L98+L87+L76+L65) -> 225
A55: =A66 -> LSTM | B55: 80 | C55: 0.1300813 | D55: 90 | E55: 0.12765957 | F55: 65 | G55: 0.096296296 | H55: 0.1 | I55: 0.001814882 | J55: 60 | K55: 0.090225564 | L55: 50 | M55: 0.089285714 | O55: =AA55/$AM$172 -> 63.75 | Q55: =AC55/$AM$172 -> 75 | S55: =AE55/$AM$172 -> 80 | U55: =AG55/$AM$172 -> 29.25 | W55: =AI55/$AM$172 -> 68.75 | Y55: =AK55/$AM$172 -> 42.5 | AA55: =(B99+B88+B77+B66) -> 255 | AC55: =(D99+D88+D77+D66) -> 300 | AE55: =(F99+F88+F77+F66) -> 320 | AG55: =(H99+H88+H77+H66) -> 117 | AI55: =(J99+J88+J77+J66) -> 275 | AK55: =(L99+L88+L77+L66) -> 170
A56: =A67 -> GARCH | B56: 95 | C56: 0.15447154 | D56: 80 | E56: 0.11347518 | F56: 80 | G56: 0.11851852 | H56: 5 | I56: 0.090744102 | J56: 70 | K56: 0.10526316 | L56: 65 | M56: 0.11607143 | O56: =AA56/$AM$172 -> 70 | Q56: =AC56/$AM$172 -> 68.75 | S56: =AE56/$AM$172 -> 76.25 | U56: =AG56/$AM$172 -> 35 | W56: =AI56/$AM$172 -> 71.25 | Y56: =AK56/$AM$172 -> 51.25 | AA56: =(B100+B89+B78+B67) -> 280 | AC56: =(D100+D89+D78+D67) -> 275 | AE56: =(F100+F89+F78+F67) -> 305 | AG56: =(H100+H89+H78+H67) -> 140 | AI56: =(J100+J89+J78+J67) -> 285 | AK56: =(L100+L89+L78+L67) -> 205
A57: =A68 -> VAR | B57: 0 | C57: 0 | D57: 95 | E57: 0.13475177 | F57: 100 | G57: 0.14814815 | H57: 2 | I57: 0.036297641 | J57: 80 | K57: 0.12030075 | L57: 60 | M57: 0.10714286 | O57: =AA57/$AM$172 -> 15 | Q57: =AC57/$AM$172 -> 68.75 | S57: =AE57/$AM$172 -> 75 | U57: =AG57/$AM$172 -> 30.025 | W57: =AI57/$AM$172 -> 65 | Y57: =AK57/$AM$172 -> 60 | AA57: =(B101+B90+B79+B68) -> 60 | AC57: =(D101+D90+D79+D68) -> 275 | AE57: =(F101+F90+F79+F68) -> 300 | AG57: =(H101+H90+H79+H68) -> 120.1 | AI57: =(J101+J90+J79+J68) -> 260 | AK57: =(L101+L90+L79+L68) -> 240
A58: =A69 -> RW | B58: 95 | C58: 0.15447154 | D58: 90 | E58: 0.12765957 | F58: 95 | G58: 0.14074074 | H58: 2 | I58: 0.036297641 | J58: 80 | K58: 0.12030075 | L58: 95 | M58: 0.16964286 | O58: =AA58/$AM$172 -> 57.5 | Q58: =AC58/$AM$172 -> 68.75 | S58: =AE58/$AM$172 -> 76.25 | U58: =AG58/$AM$172 -> 32.525 | W58: =AI58/$AM$172 -> 63.75 | Y58: =AK58/$AM$172 -> 56.25 | AA58: =(B102+B91+B80+B69) -> 230 | AC58: =(D102+D91+D80+D69) -> 275 | AE58: =(F102+F91+F80+F69) -> 305 | AG58: =(H102+H91+H80+H69) -> 130.1 | AI58: =(J102+J91+J80+J69) -> 255 | AK58: =(L102+L91+L80+L69) -> 225
A59: =A70 -> ETS | B59: 95 | C59: 0.15447154 | D59: 90 | E59: 0.12765957 | F59: 95 | G59: 0.14074074 | H59: 2 | I59: 0.036297641 | J59: 95 | K59: 0.14285714 | L59: 95 | M59: 0.16964286 | O59: =AA59/$AM$172 -> 72.5 | Q59: =AC59/$AM$172 -> 70 | S59: =AE59/$AM$172 -> 76.25 | U59: =AG59/$AM$172 -> 22.525 | W59: =AI59/$AM$172 -> 47.525 | Y59: =AK59/$AM$172 -> 56.25 | AA59: =(B103+B92+B81+B70) -> 290 | AC59: =(D103+D92+D81+D70) -> 280 | AE59: =(F103+F92+F81+F70) -> 305 | AG59: =(H103+H92+H81+H70) -> 90.1 | AI59: =(J103+J92+J81+J70) -> 190.1 | AK59: =(L103+L92+L81+L70) -> 225
A60: =A71 -> DynaMix | B60: 95 | C60: 0.15447154 | D60: 95 | E60: 0.13475177 | F60: 95 | G60: 0.14074074 | H60: 2 | I60: 0.036297641 | J60: 95 | K60: 0.14285714 | L60: 65 | M60: 0.11607143 | O60: =AA60/$AM$172 -> 63.75 | Q60: =AC60/$AM$172 -> 66.25 | S60: =AE60/$AM$172 -> 76.25 | U60: =AG60/$AM$172 -> 20.525 | W60: =AI60/$AM$172 -> 60 | Y60: =AK60/$AM$172 -> 51.25 | AA60: =(B104+B93+B82+B71) -> 255 | AC60: =(D104+D93+D82+D71) -> 265 | AE60: =(F104+F93+F82+F71) -> 305 | AG60: =(H104+H93+H82+H71) -> 82.1 | AI60: =(J104+J93+J82+J71) -> 240 | AK60: =(L104+L93+L82+L71) -> 205
A62: 1-05 | B62: TNX | C62: 380 | D62: DJI | E62: 390 | F62: SPX | G62: 490 | H62: VIX | I62: 34 | J62: QQQ | K62: 480 | L62: AAPL | M62: 210 | O62: TNX | Q62: DJI | S62: SPX | U62: VIX | W62: QQQ | Y62: AAPL | AA62: TNX | AC62: DJI | AE62: SPX | AG62: VIX | AI62: QQQ | AK62: AAPL | AM62: =AM73 -> 4
A63: =A74 -> PyCaret | B63: 50 | C63: 0.13157895 | D63: 50 | E63: 0.12820513 | F63: 50 | G63: 0.10204082 | H63: 5 | I63: 0.14705882 | J63: 65 | K63: 0.13541667 | L63: 30 | M63: 0.14285714 | O63: =AA63/$AM$172 -> 57.5 | Q63: =AC63/$AM$172 -> 56.25 | S63: =AE63/$AM$172 -> 77.5 | U63: =AG63/$AM$172 -> 51.275 | W63: =AI63/$AM$172 -> 76.25 | Y63: =AK63/$AM$172 -> 67.5 | AA63: =(B107+B96+B85+B74) -> 230 | AC63: =(D107+D96+D85+D74) -> 225 | AE63: =(F107+F96+F85+F74) -> 310 | AG63: =(H107+H96+H85+H74) -> 205.1 | AI63: =(J107+J96+J85+J74) -> 305 | AK63: =(L107+L96+L85+L74) -> 270
A64: =A75 -> ARIMAX | B64: 50 | C64: 0.13157895 | D64: 40 | E64: 0.1025641 | F64: 60 | G64: 0.12244898 | H64: 5 | I64: 0.14705882 | J64: 60 | K64: 0.125 | L64: 20 | M64: 0.095238095 | O64: =AA64/$AM$172 -> 71.25 | Q64: =AC64/$AM$172 -> 76.25 | S64: =AE64/$AM$172 -> 80 | U64: =AG64/$AM$172 -> 40.025 | W64: =AI64/$AM$172 -> 71.25 | Y64: =AK64/$AM$172 -> 67.5 | AA64: =(B108+B97+B86+B75) -> 285 | AC64: =(D108+D97+D86+D75) -> 305 | AE64: =(F108+F97+F86+F75) -> 320 | AG64: =(H108+H97+H86+H75) -> 160.1 | AI64: =(J108+J97+J86+J75) -> 285 | AK64: =(L108+L97+L86+L75) -> 270
A65: =A76 -> PCE | B65: 0 | C65: 0 | D65: 0 | E65: 0 | F65: 0 | G65: 0 | H65: 0 | I65: 0 | J65: 0 | K65: 0 | L65: 0 | M65: 0 | O65: =AA65/$AM$172 -> 72.5 | Q65: =AC65/$AM$172 -> 81.25 | S65: =AE65/$AM$172 -> 82.5 | U65: =AG65/$AM$172 -> 48.75 | W65: =AI65/$AM$172 -> 76.25 | Y65: =AK65/$AM$172 -> 76.25 | AA65: =(B109+B98+B87+B76) -> 290 | AC65: =(D109+D98+D87+D76) -> 325 | AE65: =(F109+F98+F87+F76) -> 330 | AG65: =(H109+H98+H87+H76) -> 195 | AI65: =(J109+J98+J87+J76) -> 305 | AK65: =(L109+L98+L87+L76) -> 305
A66: =A77 -> LSTM | B66: 40 | C66: 0.10526316 | D66: 50 | E66: 0.12820513 | F66: 65 | G66: 0.13265306 | H66: 2 | I66: 0.058823529 | J66: 60 | K66: 0.125 | L66: 20 | M66: 0.095238095 | O66: =AA66/$AM$172 -> 70 | Q66: =AC66/$AM$172 -> 82.5 | S66: =AE66/$AM$172 -> 86.25 | U66: =AG66/$AM$172 -> 46.25 | W66: =AI66/$AM$172 -> 68.75 | Y66: =AK66/$AM$172 -> 47.5 | AA66: =(B110+B99+B88+B77) -> 280 | AC66: =(D110+D99+D88+D77) -> 330 | AE66: =(F110+F99+F88+F77) -> 345 | AG66: =(H110+H99+H88+H77) -> 185 | AI66: =(J110+J99+J88+J77) -> 275 | AK66: =(L110+L99+L88+L77) -> 190
A67: =A78 -> GARCH | B67: 60 | C67: 0.15789474 | D67: 50 | E67: 0.12820513 | F67: 60 | G67: 0.12244898 | H67: 5 | I67: 0.14705882 | J67: 60 | K67: 0.125 | L67: 20 | M67: 0.095238095 | O67: =AA67/$AM$172 -> 72.5 | Q67: =AC67/$AM$172 -> 80 | S67: =AE67/$AM$172 -> 83.75 | U67: =AG67/$AM$172 -> 46.25 | W67: =AI67/$AM$172 -> 75 | Y67: =AK67/$AM$172 -> 61.25 | AA67: =(B111+B100+B89+B78) -> 290 | AC67: =(D111+D100+D89+D78) -> 320 | AE67: =(F111+F100+F89+F78) -> 335 | AG67: =(H111+H100+H89+H78) -> 185 | AI67: =(J111+J100+J89+J78) -> 300 | AK67: =(L111+L100+L89+L78) -> 245
A68: =A79 -> VAR | B68: 60 | C68: 0.15789474 | D68: 50 | E68: 0.12820513 | F68: 65 | G68: 0.13265306 | H68: 5 | I68: 0.14705882 | J68: 65 | K68: 0.13541667 | L68: 30 | M68: 0.14285714 | O68: =AA68/$AM$172 -> 0 | Q68: =AC68/$AM$172 -> 78.75 | S68: =AE68/$AM$172 -> 81.25 | U68: =AG68/$AM$172 -> 36.275 | W68: =AI68/$AM$172 -> 66.25 | Y68: =AK68/$AM$172 -> 67.5 | AA68: =(B112+B101+B90+B79) -> 0 | AC68: =(D112+D101+D90+D79) -> 315 | AE68: =(F112+F101+F90+F79) -> 325 | AG68: =(H112+H101+H90+H79) -> 145.1 | AI68: =(J112+J101+J90+J79) -> 265 | AK68: =(L112+L101+L90+L79) -> 270
A69: =A80 -> RW | B69: 0 | C69: 0 | D69: 50 | E69: 0.12820513 | F69: 65 | G69: 0.13265306 | H69: 5 | I69: 0.14705882 | J69: 60 | K69: 0.125 | L69: 30 | M69: 0.14285714 | O69: =AA69/$AM$172 -> 75 | Q69: =AC69/$AM$172 -> 80 | S69: =AE69/$AM$172 -> 83.75 | U69: =AG69/$AM$172 -> 43.775 | W69: =AI69/$AM$172 -> 66.25 | Y69: =AK69/$AM$172 -> 72.5 | AA69: =(B113+B102+B91+B80) -> 300 | AC69: =(D113+D102+D91+D80) -> 320 | AE69: =(F113+F102+F91+F80) -> 335 | AG69: =(H113+H102+H91+H80) -> 175.1 | AI69: =(J113+J102+J91+J80) -> 265 | AK69: =(L113+L102+L91+L80) -> 290
A70: =A81 -> ETS | B70: 60 | C70: 0.15789474 | D70: 50 | E70: 0.12820513 | F70: 65 | G70: 0.13265306 | H70: 5 | I70: 0.14705882 | J70: 60 | K70: 0.125 | L70: 30 | M70: 0.14285714 | O70: =AA70/$AM$172 -> 75 | Q70: =AC70/$AM$172 -> 81.25 | S70: =AE70/$AM$172 -> 83.75 | U70: =AG70/$AM$172 -> 37.525 | W70: =AI70/$AM$172 -> 50.025 | Y70: =AK70/$AM$172 -> 72.5 | AA70: =(B114+B103+B92+B81) -> 300 | AC70: =(D114+D103+D92+D81) -> 325 | AE70: =(F114+F103+F92+F81) -> 335 | AG70: =(H114+H103+H92+H81) -> 150.1 | AI70: =(J114+J103+J92+J81) -> 200.1 | AK70: =(L114+L103+L92+L81) -> 290
A71: =A82 -> DynaMix | B71: 60 | C71: 0.15789474 | D71: 50 | E71: 0.12820513 | F71: 60 | G71: 0.12244898 | H71: 2 | I71: 0.058823529 | J71: 50 | K71: 0.10416667 | L71: 30 | M71: 0.14285714 | O71: =AA71/$AM$172 -> 66.25 | Q71: =AC71/$AM$172 -> 77.5 | S71: =AE71/$AM$172 -> 81.25 | U71: =AG71/$AM$172 -> 37.525 | W71: =AI71/$AM$172 -> 65 | Y71: =AK71/$AM$172 -> 67.5 | AA71: =(B115+B104+B93+B82) -> 265 | AC71: =(D115+D104+D93+D82) -> 310 | AE71: =(F115+F104+F93+F82) -> 325 | AG71: =(H115+H104+H93+H82) -> 150.1 | AI71: =(J115+J104+J93+J82) -> 260 | AK71: =(L115+L104+L93+L82) -> 270
A73: 1-04 | B73: TNX | C73: 505 | D73: DJI | E73: 610 | F73: SPX | G73: 800 | H73: VIX | I73: 675 | J73: QQQ | K73: 615 | L73: AAPL | M73: 500 | O73: TNX | Q73: DJI | S73: SPX | U73: VIX | W73: QQQ | Y73: AAPL | AA73: TNX | AC73: DJI | AE73: SPX | AG73: VIX | AI73: QQQ | AK73: AAPL | AM73: =AM84 -> 4
A74: =A85 -> PyCaret | B74: 30 | C74: 0.059405941 | D74: 60 | E74: 0.098360656 | F74: 65 | G74: 0.08125 | H74: 80 | I74: 0.11851852 | J74: 60 | K74: 0.097560976 | L74: 30 | M74: 0.06 | O74: =AA74/$AM$172 -> 70 | Q74: =AC74/$AM$172 -> 63.75 | S74: =AE74/$AM$172 -> 78.75 | U74: =AG74/$AM$172 -> 31.3 | W74: =AI74/$AM$172 -> 76.25 | Y74: =AK74/$AM$172 -> 70 | AA74: =(B118+B107+B96+B85) -> 280 | AC74: =(D118+D107+D96+D85) -> 255 | AE74: =(F118+F107+F96+F85) -> 315 | AG74: =(H118+H107+H96+H85) -> 125.2 | AI74: =(J118+J107+J96+J85) -> 305 | AK74: =(L118+L107+L96+L85) -> 280
A75: =A86 -> ARIMAX | B75: 70 | C75: 0.13861386 | D75: 60 | E75: 0.098360656 | F75: 90 | G75: 0.1125 | H75: 80 | I75: 0.11851852 | J75: 80 | K75: 0.1300813 | L75: 60 | M75: 0.12 | O75: =AA75/$AM$172 -> 78.75 | Q75: =AC75/$AM$172 -> 85 | S75: =AE75/$AM$172 -> 81.25 | U75: =AG75/$AM$172 -> 22.525 | W75: =AI75/$AM$172 -> 73.75 | Y75: =AK75/$AM$172 -> 75 | AA75: =(B119+B108+B97+B86) -> 315 | AC75: =(D119+D108+D97+D86) -> 340 | AE75: =(F119+F108+F97+F86) -> 325 | AG75: =(H119+H108+H97+H86) -> 90.1 | AI75: =(J119+J108+J97+J86) -> 295 | AK75: =(L119+L108+L97+L86) -> 300
A76: =A87 -> PCE | B76: 70 | C76: 0.13861386 | D76: 60 | E76: 0.098360656 | F76: 90 | G76: 0.1125 | H76: 60 | I76: 0.088888889 | J76: 80 | K76: 0.1300813 | L76: 60 | M76: 0.12 | O76: =AA76/$AM$172 -> 78.75 | Q76: =AC76/$AM$172 -> 90 | S76: =AE76/$AM$172 -> 82.5 | U76: =AG76/$AM$172 -> 34 | W76: =AI76/$AM$172 -> 75 | Y76: =AK76/$AM$172 -> 80 | AA76: =(B120+B109+B98+B87) -> 315 | AC76: =(D120+D109+D98+D87) -> 360 | AE76: =(F120+F109+F98+F87) -> 330 | AG76: =(H120+H109+H98+H87) -> 136 | AI76: =(J120+J109+J98+J87) -> 300 | AK76: =(L120+L109+L98+L87) -> 320
A77: =A88 -> LSTM | B77: 65 | C77: 0.12871287 | D77: 90 | E77: 0.14754098 | F77: 90 | G77: 0.1125 | H77: 75 | I77: 0.11111111 | J77: 60 | K77: 0.097560976 | L77: 60 | M77: 0.12 | O77: =AA77/$AM$172 -> 73.75 | Q77: =AC77/$AM$172 -> 82.5 | S77: =AE77/$AM$172 -> 87.5 | U77: =AG77/$AM$172 -> 28.75 | W77: =AI77/$AM$172 -> 72.5 | Y77: =AK77/$AM$172 -> 55 | AA77: =(B121+B110+B99+B88) -> 295 | AC77: =(D121+D110+D99+D88) -> 330 | AE77: =(F121+F110+F99+F88) -> 350 | AG77: =(H121+H110+H99+H88) -> 115 | AI77: =(J121+J110+J99+J88) -> 290 | AK77: =(L121+L110+L99+L88) -> 220
A78: =A89 -> GARCH | B78: 65 | C78: 0.12871287 | D78: 70 | E78: 0.1147541 | F78: 90 | G78: 0.1125 | H78: 95 | I78: 0.14074074 | J78: 65 | K78: 0.10569106 | L78: 60 | M78: 0.12 | O78: =AA78/$AM$172 -> 80 | Q78: =AC78/$AM$172 -> 85 | S78: =AE78/$AM$172 -> 85 | U78: =AG78/$AM$172 -> 25 | W78: =AI78/$AM$172 -> 81.25 | Y78: =AK78/$AM$172 -> 65 | AA78: =(B122+B111+B100+B89) -> 320 | AC78: =(D122+D111+D100+D89) -> 340 | AE78: =(F122+F111+F100+F89) -> 340 | AG78: =(H122+H111+H100+H89) -> 100 | AI78: =(J122+J111+J100+J89) -> 325 | AK78: =(L122+L111+L100+L89) -> 260
A79: =A90 -> VAR | B79: 0 | C79: 0 | D79: 70 | E79: 0.1147541 | F79: 90 | G79: 0.1125 | H79: 75 | I79: 0.11111111 | J79: 65 | K79: 0.10569106 | L79: 60 | M79: 0.12 | O79: =AA79/$AM$172 -> 0 | Q79: =AC79/$AM$172 -> 83.75 | S79: =AE79/$AM$172 -> 81.25 | U79: =AG79/$AM$172 -> 20.025 | W79: =AI79/$AM$172 -> 72.5 | Y79: =AK79/$AM$172 -> 72.5 | AA79: =(B123+B112+B101+B90) -> 0 | AC79: =(D123+D112+D101+D90) -> 335 | AE79: =(F123+F112+F101+F90) -> 325 | AG79: =(H123+H112+H101+H90) -> 80.1 | AI79: =(J123+J112+J101+J90) -> 290 | AK79: =(L123+L112+L101+L90) -> 290
A80: =A91 -> RW | B80: 70 | C80: 0.13861386 | D80: 70 | E80: 0.1147541 | F80: 95 | G80: 0.11875 | H80: 95 | I80: 0.14074074 | J80: 65 | K80: 0.10569106 | L80: 60 | M80: 0.12 | O80: =AA80/$AM$172 -> 81.25 | Q80: =AC80/$AM$172 -> 85 | S80: =AE80/$AM$172 -> 83.75 | U80: =AG80/$AM$172 -> 25.025 | W80: =AI80/$AM$172 -> 72.5 | Y80: =AK80/$AM$172 -> 58.75 | AA80: =(B124+B113+B102+B91) -> 325 | AC80: =(D124+D113+D102+D91) -> 340 | AE80: =(F124+F113+F102+F91) -> 335 | AG80: =(H124+H113+H102+H91) -> 100.1 | AI80: =(J124+J113+J102+J91) -> 290 | AK80: =(L124+L113+L102+L91) -> 235
A81: =A92 -> ETS | B81: 70 | C81: 0.13861386 | D81: 70 | E81: 0.1147541 | F81: 95 | G81: 0.11875 | H81: 65 | I81: 0.096296296 | J81: 65 | K81: 0.10569106 | L81: 60 | M81: 0.12 | O81: =AA81/$AM$172 -> 81.25 | Q81: =AC81/$AM$172 -> 86.25 | S81: =AE81/$AM$172 -> 83.75 | U81: =AG81/$AM$172 -> 26.275 | W81: =AI81/$AM$172 -> 56.275 | Y81: =AK81/$AM$172 -> 58.75 | AA81: =(B125+B114+B103+B92) -> 325 | AC81: =(D125+D114+D103+D92) -> 345 | AE81: =(F125+F114+F103+F92) -> 335 | AG81: =(H125+H114+H103+H92) -> 105.1 | AI81: =(J125+J114+J103+J92) -> 225.1 | AK81: =(L125+L114+L103+L92) -> 235
A82: =A93 -> DynaMix | B82: 65 | C82: 0.12871287 | D82: 60 | E82: 0.098360656 | F82: 95 | G82: 0.11875 | H82: 50 | I82: 0.074074074 | J82: 75 | K82: 0.12195122 | L82: 50 | M82: 0.1 | O82: =AA82/$AM$172 -> 70 | Q82: =AC82/$AM$172 -> 86.25 | S82: =AE82/$AM$172 -> 80 | U82: =AG82/$AM$172 -> 30.025 | W82: =AI82/$AM$172 -> 63.75 | Y82: =AK82/$AM$172 -> 56.25 | AA82: =(B126+B115+B104+B93) -> 280 | AC82: =(D126+D115+D104+D93) -> 345 | AE82: =(F126+F115+F104+F93) -> 320 | AG82: =(H126+H115+H104+H93) -> 120.1 | AI82: =(J126+J115+J104+J93) -> 255 | AK82: =(L126+L115+L104+L93) -> 225
A84: 1-03 | B84: TNX | C84: 650 | D84: DJI | E84: 710 | F84: SPX | G84: 710 | H84: VIX | I84: 350 | J84: QQQ | K84: 585 | L84: AAPL | M84: 690 | O84: TNX | Q84: DJI | S84: SPX | U84: VIX | W84: QQQ | Y84: AAPL | AA84: TNX | AC84: DJI | AE84: SPX | AG84: VIX | AI84: QQQ | AK84: AAPL | AM84: =AM95 -> 4
A85: =A96 -> PyCaret | B85: 70 | C85: 0.10769231 | D85: 65 | E85: 0.091549296 | F85: 80 | G85: 0.11267606 | H85: 75 | I85: 0.21428571 | J85: 75 | K85: 0.12820513 | L85: 95 | M85: 0.13768116 | O85: =AA85/$AM$172 -> 75 | Q85: =AC85/$AM$172 -> 65 | S85: =AE85/$AM$172 -> 68.75 | U85: =AG85/$AM$172 -> 17.55 | W85: =AI85/$AM$172 -> 81.25 | Y85: =AK85/$AM$172 -> 62.5 | AA85: =(B129+B118+B107+B96) -> 300 | AC85: =(D129+D118+D107+D96) -> 260 | AE85: =(F129+F118+F107+F96) -> 275 | AG85: =(H129+H118+H107+H96) -> 70.2 | AI85: =(J129+J118+J107+J96) -> 325 | AK85: =(L129+L118+L107+L96) -> 250
A86: =A97 -> ARIMAX | B86: 75 | C86: 0.11538462 | D86: 70 | E86: 0.098591549 | F86: 65 | G86: 0.091549296 | H86: 30 | I86: 0.085714286 | J86: 65 | K86: 0.11111111 | L86: 70 | M86: 0.10144928 | O86: =AA86/$AM$172 -> 77.5 | Q86: =AC86/$AM$172 -> 85 | S86: =AE86/$AM$172 -> 82.5 | U86: =AG86/$AM$172 -> 37.525 | W86: =AI86/$AM$172 -> 72.5 | Y86: =AK86/$AM$172 -> 75 | AA86: =(B130+B119+B108+B97) -> 310 | AC86: =(D130+D119+D108+D97) -> 340 | AE86: =(F130+F119+F108+F97) -> 330 | AG86: =(H130+H119+H108+H97) -> 150.1 | AI86: =(J130+J119+J108+J97) -> 290 | AK86: =(L130+L119+L108+L97) -> 300
A87: =A98 -> PCE | B87: 75 | C87: 0.11538462 | D87: 100 | E87: 0.14084507 | F87: 95 | G87: 0.13380282 | H87: 65 | I87: 0.18571429 | J87: 75 | K87: 0.12820513 | L87: 95 | M87: 0.13768116 | O87: =AA87/$AM$172 -> 80 | Q87: =AC87/$AM$172 -> 80 | S87: =AE87/$AM$172 -> 82.5 | U87: =AG87/$AM$172 -> 17.775 | W87: =AI87/$AM$172 -> 73.75 | Y87: =AK87/$AM$172 -> 78.75 | AA87: =(B131+B120+B109+B98) -> 320 | AC87: =(D131+D120+D109+D98) -> 320 | AE87: =(F131+F120+F109+F98) -> 330 | AG87: =(H131+H120+H109+H98) -> 71.1 | AI87: =(J131+J120+J109+J98) -> 295 | AK87: =(L131+L120+L109+L98) -> 315
A88: =A99 -> LSTM | B88: 80 | C88: 0.12307692 | D88: 65 | E88: 0.091549296 | F88: 90 | G88: 0.12676056 | H88: 30 | I88: 0.085714286 | J88: 60 | K88: 0.1025641 | L88: 60 | M88: 0.086956522 | O88: =AA88/$AM$172 -> 76.25 | Q88: =AC88/$AM$172 -> 81.25 | S88: =AE88/$AM$172 -> 85 | U88: =AG88/$AM$172 -> 23.75 | W88: =AI88/$AM$172 -> 75 | Y88: =AK88/$AM$172 -> 62.5 | AA88: =(B132+B121+B110+B99) -> 305 | AC88: =(D132+D121+D110+D99) -> 325 | AE88: =(F132+F121+F110+F99) -> 340 | AG88: =(H132+H121+H110+H99) -> 95 | AI88: =(J132+J121+J110+J99) -> 300 | AK88: =(L132+L121+L110+L99) -> 250
A89: =A100 -> GARCH | B89: 90 | C89: 0.13846154 | D89: 80 | E89: 0.11267606 | F89: 80 | G89: 0.11267606 | H89: 30 | I89: 0.085714286 | J89: 65 | K89: 0.11111111 | L89: 95 | M89: 0.13768116 | O89: =AA89/$AM$172 -> 81.25 | Q89: =AC89/$AM$172 -> 82.5 | S89: =AE89/$AM$172 -> 83.75 | U89: =AG89/$AM$172 -> 25 | W89: =AI89/$AM$172 -> 80 | Y89: =AK89/$AM$172 -> 65 | AA89: =(B133+B122+B111+B100) -> 325 | AC89: =(D133+D122+D111+D100) -> 330 | AE89: =(F133+F122+F111+F100) -> 335 | AG89: =(H133+H122+H111+H100) -> 100 | AI89: =(J133+J122+J111+J100) -> 320 | AK89: =(L133+L122+L111+L100) -> 260
A90: =A101 -> VAR | B90: 0 | C90: 0 | D90: 80 | E90: 0.11267606 | F90: 80 | G90: 0.11267606 | H90: 40 | I90: 0.11428571 | J90: 65 | K90: 0.11111111 | L90: 80 | M90: 0.11594203 | O90: =AA90/$AM$172 -> 0 | Q90: =AC90/$AM$172 -> 81.25 | S90: =AE90/$AM$172 -> 85 | U90: =AG90/$AM$172 -> 12.525 | W90: =AI90/$AM$172 -> 71.25 | Y90: =AK90/$AM$172 -> 70 | AA90: =(B134+B123+B112+B101) -> 0 | AC90: =(D134+D123+D112+D101) -> 325 | AE90: =(F134+F123+F112+F101) -> 340 | AG90: =(H134+H123+H112+H101) -> 50.1 | AI90: =(J134+J123+J112+J101) -> 285 | AK90: =(L134+L123+L112+L101) -> 280
A91: =A102 -> RW | B91: 90 | C91: 0.13846154 | D91: 80 | E91: 0.11267606 | F91: 75 | G91: 0.1056338 | H91: 30 | I91: 0.085714286 | J91: 65 | K91: 0.11111111 | L91: 65 | M91: 0.094202899 | O91: =AA91/$AM$172 -> 82.5 | Q91: =AC91/$AM$172 -> 81.25 | S91: =AE91/$AM$172 -> 85 | U91: =AG91/$AM$172 -> 25.025 | W91: =AI91/$AM$172 -> 71.25 | Y91: =AK91/$AM$172 -> 62.5 | AA91: =(B135+B124+B113+B102) -> 330 | AC91: =(D135+D124+D113+D102) -> 325 | AE91: =(F135+F124+F113+F102) -> 340 | AG91: =(H135+H124+H113+H102) -> 100.1 | AI91: =(J135+J124+J113+J102) -> 285 | AK91: =(L135+L124+L113+L102) -> 250
A92: =A103 -> ETS | B92: 90 | C92: 0.13846154 | D92: 80 | E92: 0.11267606 | F92: 75 | G92: 0.1056338 | H92: 20 | I92: 0.057142857 | J92: 65 | K92: 0.11111111 | L92: 65 | M92: 0.094202899 | O92: =AA92/$AM$172 -> 82.5 | Q92: =AC92/$AM$172 -> 83.75 | S92: =AE92/$AM$172 -> 85 | U92: =AG92/$AM$172 -> 28.775 | W92: =AI92/$AM$172 -> 55.025 | Y92: =AK92/$AM$172 -> 62.5 | AA92: =(B136+B125+B114+B103) -> 330 | AC92: =(D136+D125+D114+D103) -> 335 | AE92: =(F136+F125+F114+F103) -> 340 | AG92: =(H136+H125+H114+H103) -> 115.1 | AI92: =(J136+J125+J114+J103) -> 220.1 | AK92: =(L136+L125+L114+L103) -> 250
A93: =A104 -> DynaMix | B93: 80 | C93: 0.12307692 | D93: 90 | E93: 0.12676056 | F93: 70 | G93: 0.098591549 | H93: 30 | I93: 0.085714286 | J93: 50 | K93: 0.085470085 | L93: 65 | M93: 0.094202899 | O93: =AA93/$AM$172 -> 66.25 | Q93: =AC93/$AM$172 -> 81.25 | S93: =AE93/$AM$172 -> 85 | U93: =AG93/$AM$172 -> 40.025 | W93: =AI93/$AM$172 -> 66.25 | Y93: =AK93/$AM$172 -> 56.25 | AA93: =(B137+B126+B115+B104) -> 265 | AC93: =(D137+D126+D115+D104) -> 325 | AE93: =(F137+F126+F115+F104) -> 340 | AG93: =(H137+H126+H115+H104) -> 160.1 | AI93: =(J137+J126+J115+J104) -> 265 | AK93: =(L137+L126+L115+L104) -> 225
A95: 1-02 | B95: TNX | C95: 565 | D95: DJI | E95: 670 | F95: SPX | G95: 645 | H95: VIX | I95: 80.6 | J95: QQQ | K95: 600.1 | L95: AAPL | M95: 565 | O95: TNX | Q95: DJI | S95: SPX | U95: VIX | W95: QQQ | Y95: AAPL | AA95: TNX | AC95: DJI | AE95: SPX | AG95: VIX | AI95: QQQ | AK95: AAPL | AM95: =AM106 -> 4
A96: =A107 -> PyCaret | B96: 90 | C96: 0.15929204 | D96: 60 | E96: 0.089552239 | F96: 75 | G96: 0.11627907 | H96: 0.1 | I96: 0.0012406948 | J96: 90 | K96: 0.149975 | L96: 75 | M96: 0.13274336 | O96: =AA96/$AM$172 -> 67.5 | Q96: =AC96/$AM$172 -> 62.5 | S96: =AE96/$AM$172 -> 73.75 | U96: =AG96/$AM$172 -> 25.025 | W96: =AI96/$AM$172 -> 75 | Y96: =AK96/$AM$172 -> 58.75 | AA96: =(B140+B129+B118+B107) -> 270 | AC96: =(D140+D129+D118+D107) -> 250 | AE96: =(F140+F129+F118+F107) -> 295 | AG96: =(H140+H129+H118+H107) -> 100.1 | AI96: =(J140+J129+J118+J107) -> 300 | AK96: =(L140+L129+L118+L107) -> 235
A97: =A108 -> ARIMAX | B97: 70 | C97: 0.12389381 | D97: 80 | E97: 0.11940299 | F97: 70 | G97: 0.10852713 | H97: 0.1 | I97: 0.0012406948 | J97: 65 | K97: 0.10831528 | L97: 90 | M97: 0.15929204 | O97: =AA97/$AM$172 -> 75 | Q97: =AC97/$AM$172 -> 81.25 | S97: =AE97/$AM$172 -> 87.5 | U97: =AG97/$AM$172 -> 45 | W97: =AI97/$AM$172 -> 72.5 | Y97: =AK97/$AM$172 -> 65 | AA97: =(B141+B130+B119+B108) -> 300 | AC97: =(D141+D130+D119+D108) -> 325 | AE97: =(F141+F130+F119+F108) -> 350 | AG97: =(H141+H130+H119+H108) -> 180 | AI97: =(J141+J130+J119+J108) -> 290 | AK97: =(L141+L130+L119+L108) -> 260
A98: =A109 -> PCE | B98: 80 | C98: 0.14159292 | D98: 65 | E98: 0.097014925 | F98: 65 | G98: 0.10077519 | H98: 60 | I98: 0.74441687 | J98: 60 | K98: 0.099983336 | L98: 70 | M98: 0.12389381 | O98: =AA98/$AM$172 -> 77.5 | Q98: =AC98/$AM$172 -> 78.75 | S98: =AE98/$AM$172 -> 90 | U98: =AG98/$AM$172 -> 5.275 | W98: =AI98/$AM$172 -> 76.25 | Y98: =AK98/$AM$172 -> 73.75 | AA98: =(B142+B131+B120+B109) -> 310 | AC98: =(D142+D131+D120+D109) -> 315 | AE98: =(F142+F131+F120+F109) -> 360 | AG98: =(H142+H131+H120+H109) -> 21.1 | AI98: =(J142+J131+J120+J109) -> 305 | AK98: =(L142+L131+L120+L109) -> 295
A99: =A110 -> LSTM | B99: 70 | C99: 0.12389381 | D99: 95 | E99: 0.14179104 | F99: 75 | G99: 0.11627907 | H99: 10 | I99: 0.12406948 | J99: 95 | K99: 0.15830695 | L99: 30 | M99: 0.053097345 | O99: =AA99/$AM$172 -> 73.75 | Q99: =AC99/$AM$172 -> 76.25 | S99: =AE99/$AM$172 -> 85 | U99: =AG99/$AM$172 -> 23.75 | W99: =AI99/$AM$172 -> 71.25 | Y99: =AK99/$AM$172 -> 67.5 | AA99: =(B143+B132+B121+B110) -> 295 | AC99: =(D143+D132+D121+D110) -> 305 | AE99: =(F143+F132+F121+F110) -> 340 | AG99: =(H143+H132+H121+H110) -> 95 | AI99: =(J143+J132+J121+J110) -> 285 | AK99: =(L143+L132+L121+L110) -> 270
A100: =A111 -> GARCH | B100: 65 | C100: 0.11504425 | D100: 75 | E100: 0.1119403 | F100: 75 | G100: 0.11627907 | H100: 10 | I100: 0.12406948 | J100: 95 | K100: 0.15830695 | L100: 30 | M100: 0.053097345 | O100: =AA100/$AM$172 -> 80 | Q100: =AC100/$AM$172 -> 80 | S100: =AE100/$AM$172 -> 87.5 | U100: =AG100/$AM$172 -> 30 | W100: =AI100/$AM$172 -> 72.5 | Y100: =AK100/$AM$172 -> 70 | AA100: =(B144+B133+B122+B111) -> 320 | AC100: =(D144+D133+D122+D111) -> 320 | AE100: =(F144+F133+F122+F111) -> 350 | AG100: =(H144+H133+H122+H111) -> 120 | AI100: =(J144+J133+J122+J111) -> 290 | AK100: =(L144+L133+L122+L111) -> 280
A101: =A112 -> VAR | B101: 0 | C101: 0 | D101: 75 | E101: 0.1119403 | F101: 65 | G101: 0.10077519 | H101: 0.1 | I101: 0.0012406948 | J101: 65 | K101: 0.10831528 | L101: 70 | M101: 0.12389381 | O101: =AA101/$AM$172 -> 0 | Q101: =AC101/$AM$172 -> 78.75 | S101: =AE101/$AM$172 -> 92.5 | U101: =AG101/$AM$172 -> 17.5 | W101: =AI101/$AM$172 -> 71.25 | Y101: =AK101/$AM$172 -> 65 | AA101: =(B145+B134+B123+B112) -> 0 | AC101: =(D145+D134+D123+D112) -> 315 | AE101: =(F145+F134+F123+F112) -> 370 | AG101: =(H145+H134+H123+H112) -> 70 | AI101: =(J145+J134+J123+J112) -> 285 | AK101: =(L145+L134+L123+L112) -> 260
A102: =A113 -> RW | B102: 70 | C102: 0.12389381 | D102: 75 | E102: 0.1119403 | F102: 70 | G102: 0.10852713 | H102: 0.1 | I102: 0.0012406948 | J102: 65 | K102: 0.10831528 | L102: 70 | M102: 0.12389381 | O102: =AA102/$AM$172 -> 80 | Q102: =AC102/$AM$172 -> 78.75 | S102: =AE102/$AM$172 -> 90 | U102: =AG102/$AM$172 -> 37.5 | W102: =AI102/$AM$172 -> 71.25 | Y102: =AK102/$AM$172 -> 45.025 | AA102: =(B146+B135+B124+B113) -> 320 | AC102: =(D146+D135+D124+D113) -> 315 | AE102: =(F146+F135+F124+F113) -> 360 | AG102: =(H146+H135+H124+H113) -> 150 | AI102: =(J146+J135+J124+J113) -> 285 | AK102: =(L146+L135+L124+L113) -> 180.1
A103: =A114 -> ETS | B103: 70 | C103: 0.12389381 | D103: 80 | E103: 0.11940299 | F103: 70 | G103: 0.10852713 | H103: 0.1 | I103: 0.0012406948 | J103: 0.1 | K103: 0.00016663889 | L103: 70 | M103: 0.12389381 | O103: =AA103/$AM$172 -> 80 | Q103: =AC103/$AM$172 -> 80 | S103: =AE103/$AM$172 -> 90 | U103: =AG103/$AM$172 -> 38.75 | W103: =AI103/$AM$172 -> 71.25 | Y103: =AK103/$AM$172 -> 45.025 | AA103: =(B147+B136+B125+B114) -> 320 | AC103: =(D147+D136+D125+D114) -> 320 | AE103: =(F147+F136+F125+F114) -> 360 | AG103: =(H147+H136+H125+H114) -> 155 | AI103: =(J147+J136+J125+J114) -> 285 | AK103: =(L147+L136+L125+L114) -> 180.1
A104: =A115 -> DynaMix | B104: 50 | C104: 0.088495575 | D104: 65 | E104: 0.097014925 | F104: 80 | G104: 0.12403101 | H104: 0.1 | I104: 0.0012406948 | J104: 65 | K104: 0.10831528 | L104: 60 | M104: 0.10619469 | O104: =AA104/$AM$172 -> 68.75 | Q104: =AC104/$AM$172 -> 81.25 | S104: =AE104/$AM$172 -> 88.75 | U104: =AG104/$AM$172 -> 47.5 | W104: =AI104/$AM$172 -> 66.25 | Y104: =AK104/$AM$172 -> 41.275 | AA104: =(B148+B137+B126+B115) -> 275 | AC104: =(D148+D137+D126+D115) -> 325 | AE104: =(F148+F137+F126+F115) -> 355 | AG104: =(H148+H137+H126+H115) -> 190 | AI104: =(J148+J137+J126+J115) -> 265 | AK104: =(L148+L137+L126+L115) -> 165.1
A106: 1-01 | B106: TNX | C106: 520 | D106: DJI | E106: 785 | F106: SPX | G106: 805 | H106: VIX | I106: 445 | J106: QQQ | K106: 660 | L106: AAPL | M106: 645 | O106: TNX | Q106: DJI | S106: SPX | U106: VIX | W106: QQQ | Y106: AAPL | AA106: TNX | AC106: DJI | AE106: SPX | AG106: VIX | AI106: QQQ | AK106: AAPL | AM106: =AM117 -> 4
A107: =A118 -> PyCaret | B107: 40 | C107: 0.076923077 | D107: 40 | E107: 0.050955414 | F107: 90 | G107: 0.11180124 | H107: 50 | I107: 0.11235955 | J107: 80 | K107: 0.12121212 | L107: 70 | M107: 0.10852713 | O107: =AA107/$AM$172 -> 81.25 | Q107: =AC107/$AM$172 -> 76.25 | S107: =AE107/$AM$172 -> 66.25 | U107: =AG107/$AM$172 -> 27.525 | W107: =AI107/$AM$172 -> 70 | Y107: =AK107/$AM$172 -> 60 | AA107: =(B151+B140+B129+B118) -> 325 | AC107: =(D151+D140+D129+D118) -> 305 | AE107: =(F151+F140+F129+F118) -> 265 | AG107: =(H151+H140+H129+H118) -> 110.1 | AI107: =(J151+J140+J129+J118) -> 280 | AK107: =(L151+L140+L129+L118) -> 240
A108: =A119 -> ARIMAX | B108: 70 | C108: 0.13461538 | D108: 95 | E108: 0.12101911 | F108: 95 | G108: 0.11801242 | H108: 50 | I108: 0.11235955 | J108: 75 | K108: 0.11363636 | L108: 50 | M108: 0.07751938 | O108: =AA108/$AM$172 -> 67.5 | Q108: =AC108/$AM$172 -> 72.5 | S108: =AE108/$AM$172 -> 78.75 | U108: =AG108/$AM$172 -> 32.525 | W108: =AI108/$AM$172 -> 63.75 | Y108: =AK108/$AM$172 -> 62.5 | AA108: =(B152+B141+B130+B119) -> 270 | AC108: =(D152+D141+D130+D119) -> 290 | AE108: =(F152+F141+F130+F119) -> 315 | AG108: =(H152+H141+H130+H119) -> 130.1 | AI108: =(J152+J141+J130+J119) -> 255 | AK108: =(L152+L141+L130+L119) -> 250
A109: =A120 -> PCE | B109: 65 | C109: 0.125 | D109: 100 | E109: 0.12738854 | F109: 80 | G109: 0.099378882 | H109: 10 | I109: 0.02247191 | J109: 90 | K109: 0.13636364 | L109: 80 | M109: 0.12403101 | O109: =AA109/$AM$172 -> 62.5 | Q109: =AC109/$AM$172 -> 68.75 | S109: =AE109/$AM$172 -> 87.5 | U109: =AG109/$AM$172 -> 5.275 | W109: =AI109/$AM$172 -> 71.25 | Y109: =AK109/$AM$172 -> 77.5 | AA109: =(B153+B142+B131+B120) -> 250 | AC109: =(D153+D142+D131+D120) -> 275 | AE109: =(F153+F142+F131+F120) -> 350 | AG109: =(H153+H142+H131+H120) -> 21.1 | AI109: =(J153+J142+J131+J120) -> 285 | AK109: =(L153+L142+L131+L120) -> 310
A110: =A121 -> LSTM | B110: 65 | C110: 0.125 | D110: 80 | E110: 0.10191083 | F110: 90 | G110: 0.11180124 | H110: 70 | I110: 0.15730337 | J110: 60 | K110: 0.090909091 | L110: 40 | M110: 0.062015504 | O110: =AA110/$AM$172 -> 80 | Q110: =AC110/$AM$172 -> 80 | S110: =AE110/$AM$172 -> 85 | U110: =AG110/$AM$172 -> 7.5 | W110: =AI110/$AM$172 -> 78.75 | Y110: =AK110/$AM$172 -> 73.75 | AA110: =(B154+B143+B132+B121) -> 320 | AC110: =(D154+D143+D132+D121) -> 320 | AE110: =(F154+F143+F132+F121) -> 340 | AG110: =(H154+H143+H132+H121) -> 30 | AI110: =(J154+J143+J132+J121) -> 315 | AK110: =(L154+L143+L132+L121) -> 295
A111: =A122 -> GARCH | B111: 70 | C111: 0.13461538 | D111: 95 | E111: 0.12101911 | F111: 90 | G111: 0.11180124 | H111: 50 | I111: 0.11235955 | J111: 75 | K111: 0.11363636 | L111: 60 | M111: 0.093023256 | O111: =AA111/$AM$172 -> 82.5 | Q111: =AC111/$AM$172 -> 80 | S111: =AE111/$AM$172 -> 85 | U111: =AG111/$AM$172 -> 35 | W111: =AI111/$AM$172 -> 72.5 | Y111: =AK111/$AM$172 -> 75 | AA111: =(B155+B144+B133+B122) -> 330 | AC111: =(D155+D144+D133+D122) -> 320 | AE111: =(F155+F144+F133+F122) -> 340 | AG111: =(H155+H144+H133+H122) -> 140 | AI111: =(J155+J144+J133+J122) -> 290 | AK111: =(L155+L144+L133+L122) -> 300
A112: =A123 -> VAR | B112: 0 | C112: 0 | D112: 90 | E112: 0.11464968 | F112: 90 | G112: 0.11180124 | H112: 30 | I112: 0.06741573 | J112: 70 | K112: 0.10606061 | L112: 60 | M112: 0.093023256 | O112: =AA112/$AM$172 -> 0 | Q112: =AC112/$AM$172 -> 80 | S112: =AE112/$AM$172 -> 93.75 | U112: =AG112/$AM$172 -> 26.25 | W112: =AI112/$AM$172 -> 76.25 | Y112: =AK112/$AM$172 -> 66.25 | AA112: =(B156+B145+B134+B123) -> 0 | AC112: =(D156+D145+D134+D123) -> 320 | AE112: =(F156+F145+F134+F123) -> 375 | AG112: =(H156+H145+H134+H123) -> 105 | AI112: =(J156+J145+J134+J123) -> 305 | AK112: =(L156+L145+L134+L123) -> 265
A113: =A124 -> RW | B113: 70 | C113: 0.13461538 | D113: 95 | E113: 0.12101911 | F113: 95 | G113: 0.11801242 | H113: 50 | I113: 0.11235955 | J113: 70 | K113: 0.10606061 | L113: 95 | M113: 0.14728682 | O113: =AA113/$AM$172 -> 85 | Q113: =AC113/$AM$172 -> 78.75 | S113: =AE113/$AM$172 -> 90 | U113: =AG113/$AM$172 -> 43.75 | W113: =AI113/$AM$172 -> 77.5 | Y113: =AK113/$AM$172 -> 43.775 | AA113: =(B157+B146+B135+B124) -> 340 | AC113: =(D157+D146+D135+D124) -> 315 | AE113: =(F157+F146+F135+F124) -> 360 | AG113: =(H157+H146+H135+H124) -> 175 | AI113: =(J157+J146+J135+J124) -> 310 | AK113: =(L157+L146+L135+L124) -> 175.1
A114: =A125 -> ETS | B114: 70 | C114: 0.13461538 | D114: 95 | E114: 0.12101911 | F114: 95 | G114: 0.11801242 | H114: 65 | I114: 0.14606742 | J114: 70 | K114: 0.10606061 | L114: 95 | M114: 0.14728682 | O114: =AA114/$AM$172 -> 85 | Q114: =AC114/$AM$172 -> 80 | S114: =AE114/$AM$172 -> 90 | U114: =AG114/$AM$172 -> 38.75 | W114: =AI114/$AM$172 -> 77.5 | Y114: =AK114/$AM$172 -> 43.775 | AA114: =(B158+B147+B136+B125) -> 340 | AC114: =(D158+D147+D136+D125) -> 320 | AE114: =(F158+F147+F136+F125) -> 360 | AG114: =(H158+H147+H136+H125) -> 155 | AI114: =(J158+J147+J136+J125) -> 310 | AK114: =(L158+L147+L136+L125) -> 175.1
A115: =A126 -> DynaMix | B115: 70 | C115: 0.13461538 | D115: 95 | E115: 0.12101911 | F115: 80 | G115: 0.099378882 | H115: 70 | I115: 0.15730337 | J115: 70 | K115: 0.10606061 | L115: 95 | M115: 0.14728682 | O115: =AA115/$AM$172 -> 71.25 | Q115: =AC115/$AM$172 -> 80 | S115: =AE115/$AM$172 -> 86.25 | U115: =AG115/$AM$172 -> 52.5 | W115: =AI115/$AM$172 -> 65 | Y115: =AK115/$AM$172 -> 37.525 | AA115: =(B159+B148+B137+B126) -> 285 | AC115: =(D159+D148+D137+D126) -> 320 | AE115: =(F159+F148+F137+F126) -> 345 | AG115: =(H159+H148+H137+H126) -> 210 | AI115: =(J159+J148+J137+J126) -> 260 | AK115: =(L159+L148+L137+L126) -> 150.1
A117: 4-12 | B117: TNX | C117: 720 | D117: DJI | E117: 825 | F117: SPX | G117: 815 | H117: VIX | I117: 96.1 | J117: QQQ | K117: 730 | L117: AAPL | M117: 465 | O117: TNX | Q117: DJI | S117: SPX | U117: VIX | W117: QQQ | Y117: AAPL | AA117: TNX | AC117: DJI | AE117: SPX | AG117: VIX | AI117: QQQ | AK117: AAPL | AM117: =AM128 -> 4
A118: =A129 -> PyCaret | B118: 80 | C118: 0.11111111 | D118: 90 | E118: 0.10909091 | F118: 70 | G118: 0.085889571 | H118: 0.1 | I118: 0.0010405827 | J118: 60 | K118: 0.082191781 | L118: 40 | M118: 0.086021505 | O118: =AA118/$AM$172 -> 83.75 | Q118: =AC118/$AM$172 -> 72.5 | S118: =AE118/$AM$172 -> 66.25 | U118: =AG118/$AM$172 -> 35 | W118: =AI118/$AM$172 -> 73.75 | Y118: =AK118/$AM$172 -> 66.25 | AA118: =(B162+B151+B140+B129) -> 335 | AC118: =(D162+D151+D140+D129) -> 290 | AE118: =(F162+F151+F140+F129) -> 265 | AG118: =(H162+H151+H140+H129) -> 140 | AI118: =(J162+J151+J140+J129) -> 295 | AK118: =(L162+L151+L140+L129) -> 265
A119: =A130 -> ARIMAX | B119: 100 | C119: 0.13888889 | D119: 95 | E119: 0.11515152 | F119: 95 | G119: 0.11656442 | H119: 10 | I119: 0.10405827 | J119: 90 | K119: 0.12328767 | L119: 90 | M119: 0.19354839 | O119: =AA119/$AM$172 -> 62.5 | Q119: =AC119/$AM$172 -> 68.75 | S119: =AE119/$AM$172 -> 77.5 | U119: =AG119/$AM$172 -> 35.025 | W119: =AI119/$AM$172 -> 61.25 | Y119: =AK119/$AM$172 -> 52.5 | AA119: =(B163+B152+B141+B130) -> 250 | AC119: =(D163+D152+D141+D130) -> 275 | AE119: =(F163+F152+F141+F130) -> 310 | AG119: =(H163+H152+H141+H130) -> 140.1 | AI119: =(J163+J152+J141+J130) -> 245 | AK119: =(L163+L152+L141+L130) -> 210
A120: =A131 -> PCE | B120: 95 | C120: 0.13194444 | D120: 95 | E120: 0.11515152 | F120: 90 | G120: 0.11042945 | H120: 1 | I120: 0.010405827 | J120: 75 | K120: 0.10273973 | L120: 75 | M120: 0.16129032 | O120: =AA120/$AM$172 -> 43.75 | Q120: =AC120/$AM$172 -> 61.25 | S120: =AE120/$AM$172 -> 85 | U120: =AG120/$AM$172 -> 12.525 | W120: =AI120/$AM$172 -> 70 | Y120: =AK120/$AM$172 -> 78.75 | AA120: =(B164+B153+B142+B131) -> 175 | AC120: =(D164+D153+D142+D131) -> 245 | AE120: =(F164+F153+F142+F131) -> 340 | AG120: =(H164+H153+H142+H131) -> 50.1 | AI120: =(J164+J153+J142+J131) -> 280 | AK120: =(L164+L153+L142+L131) -> 315
A121: =A132 -> LSTM | B121: 80 | C121: 0.11111111 | D121: 90 | E121: 0.10909091 | F121: 95 | G121: 0.11656442 | H121: 5 | I121: 0.052029136 | J121: 75 | K121: 0.10273973 | L121: 90 | M121: 0.19354839 | O121: =AA121/$AM$172 -> 80 | Q121: =AC121/$AM$172 -> 72.5 | S121: =AE121/$AM$172 -> 76.25 | U121: =AG121/$AM$172 -> 6.75 | W121: =AI121/$AM$172 -> 70 | Y121: =AK121/$AM$172 -> 70 | AA121: =(B165+B154+B143+B132) -> 320 | AC121: =(D165+D154+D143+D132) -> 290 | AE121: =(F165+F154+F143+F132) -> 305 | AG121: =(H165+H154+H143+H132) -> 27 | AI121: =(J165+J154+J143+J132) -> 280 | AK121: =(L165+L154+L143+L132) -> 280
A122: =A133 -> GARCH | B122: 95 | C122: 0.13194444 | D122: 90 | E122: 0.10909091 | F122: 95 | G122: 0.11656442 | H122: 10 | I122: 0.10405827 | J122: 90 | K122: 0.12328767 | L122: 75 | M122: 0.16129032 | O122: =AA122/$AM$172 -> 82.5 | Q122: =AC122/$AM$172 -> 80 | S122: =AE122/$AM$172 -> 78.75 | U122: =AG122/$AM$172 -> 42.5 | W122: =AI122/$AM$172 -> 65 | Y122: =AK122/$AM$172 -> 73.75 | AA122: =(B166+B155+B144+B133) -> 330 | AC122: =(D166+D155+D144+D133) -> 320 | AE122: =(F166+F155+F144+F133) -> 315 | AG122: =(H166+H155+H144+H133) -> 170 | AI122: =(J166+J155+J144+J133) -> 260 | AK122: =(L166+L155+L144+L133) -> 295
A123: =A134 -> VAR | B123: 0 | C123: 0 | D123: 90 | E123: 0.10909091 | F123: 90 | G123: 0.11042945 | H123: 10 | I123: 0.10405827 | J123: 90 | K123: 0.12328767 | L123: 80 | M123: 0.17204301 | O123: =AA123/$AM$172 -> 0 | Q123: =AC123/$AM$172 -> 77.5 | S123: =AE123/$AM$172 -> 93.75 | U123: =AG123/$AM$172 -> 31.25 | W123: =AI123/$AM$172 -> 71.25 | Y123: =AK123/$AM$172 -> 70 | AA123: =(B167+B156+B145+B134) -> 0 | AC123: =(D167+D156+D145+D134) -> 310 | AE123: =(F167+F156+F145+F134) -> 375 | AG123: =(H167+H156+H145+H134) -> 125 | AI123: =(J167+J156+J145+J134) -> 285 | AK123: =(L167+L156+L145+L134) -> 280
A124: =A135 -> RW | B124: 95 | C124: 0.13194444 | D124: 90 | E124: 0.10909091 | F124: 95 | G124: 0.11656442 | H124: 20 | I124: 0.20811655 | J124: 90 | K124: 0.12328767 | L124: 5 | M124: 0.010752688 | O124: =AA124/$AM$172 -> 83.75 | Q124: =AC124/$AM$172 -> 80 | S124: =AE124/$AM$172 -> 86.25 | U124: =AG124/$AM$172 -> 46.25 | W124: =AI124/$AM$172 -> 71.25 | Y124: =AK124/$AM$172 -> 60.025 | AA124: =(B168+B157+B146+B135) -> 335 | AC124: =(D168+D157+D146+D135) -> 320 | AE124: =(F168+F157+F146+F135) -> 345 | AG124: =(H168+H157+H146+H135) -> 185 | AI124: =(J168+J157+J146+J135) -> 285 | AK124: =(L168+L157+L146+L135) -> 240.1
A125: =A136 -> ETS | B125: 95 | C125: 0.13194444 | D125: 90 | E125: 0.10909091 | F125: 95 | G125: 0.11656442 | H125: 20 | I125: 0.20811655 | J125: 90 | K125: 0.12328767 | L125: 5 | M125: 0.010752688 | O125: =AA125/$AM$172 -> 83.75 | Q125: =AC125/$AM$172 -> 81.25 | S125: =AE125/$AM$172 -> 86.25 | U125: =AG125/$AM$172 -> 48.75 | W125: =AI125/$AM$172 -> 71.25 | Y125: =AK125/$AM$172 -> 60.025 | AA125: =(B169+B158+B147+B136) -> 335 | AC125: =(D169+D158+D147+D136) -> 325 | AE125: =(F169+F158+F147+F136) -> 345 | AG125: =(H169+H158+H147+H136) -> 195 | AI125: =(J169+J158+J147+J136) -> 285 | AK125: =(L169+L158+L147+L136) -> 240.1
A126: =A137 -> DynaMix | B126: 80 | C126: 0.11111111 | D126: 95 | E126: 0.11515152 | F126: 90 | G126: 0.11042945 | H126: 20 | I126: 0.20811655 | J126: 70 | K126: 0.095890411 | L126: 5 | M126: 0.010752688 | O126: =AA126/$AM$172 -> 68.75 | Q126: =AC126/$AM$172 -> 72.5 | S126: =AE126/$AM$172 -> 82.5 | U126: =AG126/$AM$172 -> 52.5 | W126: =AI126/$AM$172 -> 65 | Y126: =AK126/$AM$172 -> 51.275 | AA126: =(B170+B159+B148+B137) -> 275 | AC126: =(D170+D159+D148+D137) -> 290 | AE126: =(F170+F159+F148+F137) -> 330 | AG126: =(H170+H159+H148+H137) -> 210 | AI126: =(J170+J159+J148+J137) -> 260 | AK126: =(L170+L159+L148+L137) -> 205.1
...

Sheet 26-1-06
A1: model | B1: PyCaret | C1: ARIMAX | D1: PCE | E1: LSTM | F1: GARCH | G1: VAR | H1: RW | I1: ETS | J1: DynaMix | L1: 26-Q1-06 | O1: Accuracy | P1: TNX | Q1: =SUM(P2:P10) -> 693.46223 | R1: DJI | S1: =SUM(R2:R10) -> 798.4875 | T1: SPX | U1: =SUM(T2:T10) -> 791.13146 | V1: VIX | W1: =SUM(V2:V10) -> 726.93905 | X1: QQQ | Y1: =SUM(X2:X10) -> 790.33538 | Z1: AAPL | AA1: =SUM(Z2:Z10) -> 787.76865 | AC1: AVR-4 | AD1: AVR-6
A2: TNX | B2: 4.0675 | C2: 4.1177 | D2: 0 | E2: 4.0263 | F2: 4.0481 | G2: 0 | H2: 4.046 | I2: 4.0461 | J2: 4.041632 | O2: =B1 -> PyCaret | P2: =100-ABS((($H10-B2)/($H10)))*100 -> 99.571603 | Q2: =P2/$Q$1 -> 0.1435862 | R2: =100-ABS((($H11-B3)/($H11)))*100 -> 99.479344 | S2: =R2/$S$1 -> 0.12458472 | T2: =100-ABS((($H12-B4)/($H12)))*100 -> 96.020945 | U2: =T2/$U$1 -> 0.12137167 | V2: =100-ABS((($H13-B5)/($H13)))*100 -> 68.504453 | W2: =V2/$W$1 -> 0.094236859 | X2: =100-ABS((($H14-B6)/($H14)))*100 -> 98.126443 | Y2: =X2/$Y$1 -> 0.12415798 | Z2: =100-ABS((($H15-B7)/($H15)))*100 -> 97.300627 | AA2: =Z2/$AA$1 -> 0.12351422 | AC2: =(R2+T2+V2+X2)/4 -> 90.532796 | AD2: =(P2+R2+T2+V2+X2+Z2)/6 -> 93.167236 | AE2: =IF($AC2=MAX(AC2:AC10),"TOP","")
A3: DJI | B3: 49884.35 | C3: 49718.107 | D3: 0 | E3: 49649.941 | F3: 49798.621 | G3: 49579.973 | H3: 49681.45 | I3: 49686.771 | J3: 49584.794 | L3: 2026/02/17 | O3: =C1 -> ARIMAX | P3: =100-ABS((($H10-C2)/($H10)))*100 -> 99.19951 | Q3: =P3/$Q$1 -> 0.14304962 | R3: =100-ABS((($H11-C3)/($H11)))*100 -> 99.814337 | S3: =R3/$S$1 -> 0.12500426 | T3: =100-ABS((($H12-C4)/($H12)))*100 -> 99.183379 | U3: =T3/$U$1 -> 0.12536902 | V3: =100-ABS((($H13-C5)/($H13)))*100 -> 93.267679 | W3: =V3/$W$1 -> 0.12830192 | X3: =100-ABS((($H14-C6)/($H14)))*100 -> 98.540743 | Y3: =X3/$Y$1 -> 0.12468219 | Z3: =100-ABS((($H15-C7)/($H15)))*100 -> 98.723184 | AA3: =Z3/$AA$1 -> 0.12532002 | AC3: =(R3+T3+V3+X3)/4 -> 97.701535 | AD3: =(P3+R3+T3+V3+X3+Z3)/6 -> 98.121472 | AE3: =IF($AC3=MAX(AC2:AC10),"TOP","")
A4: SPX | B4: 6634.5864 | C4: 6853.0954 | D4: 0 | E4: 6980.9101 | F4: 6895.9926 | G4: 6855.2932 | H4: 6864.794 | I4: 6864.9122 | J4: 6856.5825 | O4: =D1 -> PCE | P4: =100-ABS((($H10-D2)/($H10)))*100 -> 0 | Q4: =P4/$Q$1 -> 0 | R4: =100-ABS((($H11-D3)/($H11)))*100 -> 0 | S4: =R4/$S$1 -> 0 | T4: =100-ABS((($H12-D4)/($H12)))*100 -> 0 | U4: =T4/$U$1 -> 0 | V4: =100-ABS((($H13-D5)/($H13)))*100 -> 0 | W4: =V4/$W$1 -> 0 | X4: =100-ABS((($H14-D6)/($H14)))*100 -> 0 | Y4: =X4/$Y$1 -> 0 | Z4: =100-ABS((($H15-D7)/($H15)))*100 -> 0 | AA4: =Z4/$AA$1 -> 0 | AC4: =(R4+T4+V4+X4)/4 -> 0 | AD4: =(P4+R4+T4+V4+X4+Z4)/6 -> 0 | AE4: =IF($AC4=MAX(AC2:AC10),"TOP","")
A5: VIX | B5: 25.1025 | C5: 20.3752 | D5: 0 | E5: 17.7465 | F5: 20.4557 | G5: 19.9523 | H5: 20.1965 | I5: 20.228 | J5: 19.923635 | L5: ML | O5: =E1 -> LSTM | P5: =100-ABS((($H10-E2)/($H10)))*100 -> 98.563035 | Q5: =P5/$Q$1 -> 0.1421318 | R5: =100-ABS((($H11-E3)/($H11)))*100 -> 99.951697 | S5: =R5/$S$1 -> 0.12517628 | T5: =100-ABS((($H12-E4)/($H12)))*100 -> 98.966786 | U5: =T5/$U$1 -> 0.12509525 | V5: =100-ABS((($H13-E5)/($H13)))*100 -> 92.962284 | W5: =V5/$W$1 -> 0.12788181 | X5: =100-ABS((($H14-E6)/($H14)))*100 -> 98.612983 | Y5: =X5/$Y$1 -> 0.12477359 | Z5: =100-ABS((($H15-E7)/($H15)))*100 -> 97.048076 | AA5: =Z5/$AA$1 -> 0.12319363 | AC5: =(R5+T5+V5+X5)/4 -> 97.623437 | AD5: =(P5+R5+T5+V5+X5+Z5)/6 -> 97.684144 | AE5: =IF($AC5=MAX(AC2:AC10),"TOP","")
A6: QQQ | B6: 597.4036 | C6: 599.9259 | D6: 0 | E6: 617.2543 | F6: 606.1497 | G6: 604.1474 | H6: 603.4882 | I6: 601.4659 | J6: 598.6944 | O6: =F1 -> GARCH | P6: =100-ABS((($H10-F2)/($H10)))*100 -> 99.096695 | Q6: =P6/$Q$1 -> 0.14290136 | R6: =100-ABS((($H11-F3)/($H11)))*100 -> 99.652095 | S6: =R6/$S$1 -> 0.12480107 | T6: =100-ABS((($H12-F4)/($H12)))*100 -> 99.804221 | U6: =T6/$U$1 -> 0.12615378 | V6: =100-ABS((($H13-F5)/($H13)))*100 -> 92.845993 | W6: =V6/$W$1 -> 0.12772184 | X6: =100-ABS((($H14-F6)/($H14)))*100 -> 99.563033 | Y6: =X6/$Y$1 -> 0.12597568 | Z6: =100-ABS((($H15-F7)/($H15)))*100 -> 98.625217 | AA6: =Z6/$AA$1 -> 0.12519566 | AC6: =(R6+T6+V6+X6)/4 -> 97.966335 | AD6: =(P6+R6+T6+V6+X6+Z6)/6 -> 98.264542 | AE6: =IF($AC6=MAX(AC2:AC10),"TOP","")
A7: AAPL | B7: 257.438 | C7: 267.9582 | D7: 0 | E7: 272.3902 | F7: 268.2174 | G7: 269.4713 | H7: 264.6526 | I7: 264.6526 | J7: 259.2226 | O7: =G1 -> VAR | P7: =100-ABS((($H10-G2)/($H10)))*100 -> 0 | Q7: =P7/$Q$1 -> 0 | R7: =100-ABS((($H11-G3)/($H11)))*100 -> 99.907312 | S7: =R7/$S$1 -> 0.1251207 | T7: =100-ABS((($H12-G4)/($H12)))*100 -> 99.215187 | U7: =T7/$U$1 -> 0.12540923 | V7: =100-ABS((($H13-G5)/($H13)))*100 -> 95.482975 | W7: =V7/$W$1 -> 0.13134935 | X7: =100-ABS((($H14-G6)/($H14)))*100 -> 99.234145 | Y7: =X7/$Y$1 -> 0.12555954 | Z7: =100-ABS((($H15-G7)/($H15)))*100 -> 98.151296 | AA7: =Z7/$AA$1 -> 0.12459406 | AC7: =(R7+T7+V7+X7)/4 -> 98.459905 | AD7: =(P7+R7+T7+V7+X7+Z7)/6 -> 81.998486 | AE7: =IF($AC7=MAX(AC2:AC10),"TOP","") -> TOP
O8: =H1 -> RW | P8: =100-ABS((($H10-H2)/($H10)))*100 -> 99.045288 | Q8: =P8/$Q$1 -> 0.14282723 | R8: =100-ABS((($H11-H3)/($H11)))*100 -> 99.888204 | S8: =R8/$S$1 -> 0.12509677 | T8: =100-ABS((($H12-H4)/($H12)))*100 -> 99.35269 | U8: =T8/$U$1 -> 0.12558304 | V8: =100-ABS((($H13-H5)/($H13)))*100 -> 94.203772 | W8: =V8/$W$1 -> 0.12958964 | X8: =100-ABS((($H14-H6)/($H14)))*100 -> 99.125868 | Y8: =X8/$Y$1 -> 0.12542254 | Z8: =100-ABS((($H15-H7)/($H15)))*100 -> 99.97256 | AA8: =Z8/$AA$1 -> 0.12690599 | AC8: =(R8+T8+V8+X8)/4 -> 98.142634 | AD8: =(P8+R8+T8+V8+X8+Z8)/6 -> 98.598064 | AE8: =IF($AC8=MAX(AC2:AC10),"TOP","")
B9: Close YF | C9: Oraclum | D9: ML | F9: LLM | H9: +3-day | L9: =IF(L10<25,C30,IF(L10<45,C31,IF(L10<55,C32,IF(L10<75,C33,C34)))) -> Fear | O9: =I1 -> ETS | P9: =100-ABS((($H10-I2)/($H10)))*100 -> 99.047736 | Q9: =P9/$Q$1 -> 0.14283076 | R9: =100-ABS((($H11-I3)/($H11)))*100 -> 99.877482 | S9: =R9/$S$1 -> 0.12508334 | T9: =100-ABS((($H12-I4)/($H12)))*100 -> 99.354401 | U9: =T9/$U$1 -> 0.1255852 | V9: =100-ABS((($H13-I5)/($H13)))*100 -> 94.038764 | W9: =V9/$W$1 -> 0.12936265 | X9: =100-ABS((($H14-I6)/($H14)))*100 -> 98.793696 | Y9: =X9/$Y$1 -> 0.12500224 | Z9: =100-ABS((($H15-I7)/($H15)))*100 -> 99.97256 | AA9: =Z9/$AA$1 -> 0.12690599 | AC9: =(R9+T9+V9+X9)/4 -> 98.016086 | AD9: =(P9+R9+T9+V9+X9+Z9)/6 -> 98.514106 | AE9: =IF($AC9=MAX(AC2:AC10),"TOP","")
A10: TNX | B10: 4.052 | C10: 4.022 | D10: =(B2*Q26)+(C2*Q27)+(D2*Q28)+(E2*Q29)+(F2*Q30)+(G2*Q31)+(H2*Q32)+(I2*Q33)+(J2*Q34) -> 4.0562701 | E10: =D10/$H$10 -> 0.99296697 | F10: 4.0651808 | G10: =F10/$H$10 -> 0.99514831 | H10: 4.085 | L10: 37 | O10: =J1 -> DynaMix | P10: =100-ABS((($H10-J2)/($H10)))*100 -> 98.93836 | Q10: =P10/$Q$1 -> 0.14267303 | R10: =100-ABS((($H11-J3)/($H11)))*100 -> 99.917027 | S10: =R10/$S$1 -> 0.12513286 | T10: =100-ABS((($H12-J4)/($H12)))*100 -> 99.233847 | U10: =T10/$U$1 -> 0.12543282 | V10: =100-ABS((($H13-J5)/($H13)))*100 -> 95.633133 | W10: =V10/$W$1 -> 0.13155592 | X10: =100-ABS((($H14-J6)/($H14)))*100 -> 98.338463 | Y10: =X10/$Y$1 -> 0.12442625 | Z10: =100-ABS((($H15-J7)/($H15)))*100 -> 97.975129 | AA10: =Z10/$AA$1 -> 0.12437043 | AC10: =(R10+T10+V10+X10)/4 -> 98.280617 | AD10: =(P10+R10+T10+V10+X10+Z10)/6 -> 98.339326 | AE10: =IF($AC10=MAX(AC2:AC10),"TOP","")
A11: DJI | B11: 49533.19 | C11: 49499.41 | D11: =(B3*S26)+(C3*S27)+(D3*S28)+(E3*S29)+(F3*S30)+(G3*S31)+(H3*S32)+(I3*S33)+(J3*S34) -> 49694.25 | E11: =D11/$H$11 -> 1.0013759 | F11: 49671.393 | G11: =F11/$H$11 -> 1.0009153 | H11: 49625.97 | O11: AVR : | P11: =SUM(P2:P10)/8 -> 86.682778 | R11: =AVERAGE(R2:R10) -> 88.720833 | T11: =AVERAGE(T2:T10) -> 87.903495 | V11: =AVERAGE(V2:V10) -> 80.771006 | X11: =AVERAGE(X2:X10) -> 87.815042 | Z11: =AVERAGE(Z2:Z10) -> 87.52985
A12: SPX | B12: 6843.22 | C12: 6836.18 | D12: =(B4*U26)+(C4*U27)+(D4*U28)+(E4*U29)+(F4*U30)+(G4*U31)+(H4*U32)+(I4*U33)+(J4*U34) -> 6854.7163 | E12: =D12/$H$12 -> 0.99206838 | F12: 6854.8962 | G12: =F12/$H$12 -> 0.99209441 | H12: 6909.52
A13: VIX | B13: 20.29 | C13: 20.6 | D13: =(B5*W26)+(C5*W27)+(D5*W28)+(E5*W29)+(F5*W30)+(G5*W31)+(H5*W32)+(I5*W33)+(J5*W34) -> 20.727366 | E13: =D13/$H$13 -> 1.0857709 | F13: 20.845937 | G13: =F13/$H$13 -> 1.091982 | H13: 19.09 | O13: Update | P13: TNX | Q13: =SUM(P14:P22) -> 530 | R13: DJI | S13: =SUM(R14:R22) -> 740 | T13: SPX | U13: =SUM(T14:T22) -> 600 | V13: VIX | W13: =SUM(V14:V22) -> 230.1 | X13: QQQ | Y13: =SUM(X14:X22) -> 580 | Z13: AAPL | AA13: =SUM(Z14:Z22) -> 575 | AC13: Value | AD13: Assign
A14: QQQ | B14: 601.3 | C14: 601.21 | D14: =(B6*Y26)+(C6*Y27)+(D6*Y28)+(E6*Y29)+(F6*Y30)+(G6*Y31)+(H6*Y32)+(I6*Y33)+(J6*Y34) -> 603.70818 | E14: =D14/$H$14 -> 0.99162002 | F14: 600.53095 | G14: =F14/$H$14 -> 0.98640125 | H14: 608.81 | O14: =O2 -> PyCaret | P14: =IF(P2=0,0, LOOKUP(P2-0.000000000001,$AC$14:$AC$30,$AD$14:$AD$30)) -> 90 | Q14: =P14/$Q$13 -> 0.16981132 | R14: =IF(R2=0,0, LOOKUP(R2-0.000000000001,$AC$14:$AC$30,$AD$14:$AD$30)) -> 80 | S14: =R14/$S$13 -> 0.10810811 | T14: =IF(T2=0,0, LOOKUP(T2-0.000000000001,$AC$14:$AC$30,$AD$14:$AD$30)) -> 50 | U14: =T14/$U$13 -> 0.083333333 | V14: =IF(V2=0,0, LOOKUP(V2-0.000000000001,$AC$14:$AC$30,$AD$14:$AD$30)) -> 0.1 | W14: =V14/$W$13 -> 0.00043459365 | X14: =IF(X2=0,0, LOOKUP(X2-0.000000000001,$AC$14:$AC$30,$AD$14:$AD$30)) -> 65 | Y14: =X14/$Y$13 -> 0.11206897 | Z14: =IF(Z2=0,0, LOOKUP(Z2-0.000000000001,$AC$14:$AC$30,$AD$14:$AD$30)) -> 60 | AA14: =Z14/$AA$13 -> 0.10434783 | AC14: 1 | AD14: 0.1
A15: AAPL | B15: 263.88 | C15: 263.8 | D15: =(B7*AA25)+(C7*AA26)+(D7*AA27)+(E7*AA28)+(F7*AA29)+(G7*AA30)+(H7*AA31)+(I7*AA32)+(J7*AA33) -> 265.35576 | E15: =D15/$H$15 -> 1.002932 | F15: 264.2216 | G15: =F15/$H$15 -> 0.9986454 | H15: 264.58 | O15: =O3 -> ARIMAX | P15: =IF(P3=0,0, LOOKUP(P3-0.000000000001,$AC$14:$AC$30,$AD$14:$AD$30)) -> 75 | Q15: =P15/$Q$13 -> 0.14150943 | R15: =IF(R3=0,0, LOOKUP(R3-0.000000000001,$AC$14:$AC$30,$AD$14:$AD$30)) -> 95 | S15: =R15/$S$13 -> 0.12837838 | T15: =IF(T3=0,0, LOOKUP(T3-0.000000000001,$AC$14:$AC$30,$AD$14:$AD$30)) -> 75 | U15: =T15/$U$13 -> 0.125 | V15: =IF(V3=0,0, LOOKUP(V3-0.000000000001,$AC$14:$AC$30,$AD$14:$AD$30)) -> 30 | W15: =V15/$W$13 -> 0.1303781 | X15: =IF(X3=0,0, LOOKUP(X3-0.000000000001,$AC$14:$AC$30,$AD$14:$AD$30)) -> 70 | Y15: =X15/$Y$13 -> 0.12068966 | Z15: =IF(Z3=0,0, LOOKUP(Z3-0.000000000001,$AC$14:$AC$30,$AD$14:$AD$30)) -> 70 | AA15: =Z15/$AA$13 -> 0.12173913 | AC15: 80 | AD15: 1
O16: =O4 -> PCE | P16: =IF(P4=0,0, LOOKUP(P4-0.000000000001,$AC$14:$AC$30,$AD$14:$AD$30)) -> 0 | Q16: =P16/$Q$13 -> 0 | R16: =IF(R4=0,0, LOOKUP(R4-0.000000000001,$AC$14:$AC$30,$AD$14:$AD$30)) -> 0 | S16: =R16/$S$13 -> 0 | T16: =IF(T4=0,0, LOOKUP(T4-0.000000000001,$AC$14:$AC$30,$AD$14:$AD$30)) -> 0 | U16: =T16/$U$13 -> 0 | V16: =IF(V4=0,0, LOOKUP(V4-0.000000000001,$AC$14:$AC$30,$AD$14:$AD$30)) -> 0 | W16: =V16/$W$13 -> 0 | X16: =IF(X4=0,0, LOOKUP(X4-0.000000000001,$AC$14:$AC$30,$AD$14:$AD$30)) -> 0 | Y16: =X16/$Y$13 -> 0 | Z16: =IF(Z4=0,0, LOOKUP(Z4-0.000000000001,$AC$14:$AC$30,$AD$14:$AD$30)) -> 0 | AA16: =Z16/$AA$13 -> 0 | AC16: 82.5 | AD16: 2
A17: =F9 -> LLM | B17: RD | D17: 85220 | F17: MICH | H17: max-Q | O17: =O5 -> LSTM | P17: =IF(P5=0,0, LOOKUP(P5-0.000000000001,$AC$14:$AC$30,$AD$14:$AD$30)) -> 70 | Q17: =P17/$Q$13 -> 0.13207547 | R17: =IF(R5=0,0, LOOKUP(R5-0.000000000001,$AC$14:$AC$30,$AD$14:$AD$30)) -> 95 | S17: =R17/$S$13 -> 0.12837838 | T17: =IF(T5=0,0, LOOKUP(T5-0.000000000001,$AC$14:$AC$30,$AD$14:$AD$30)) -> 70 | U17: =T17/$U$13 -> 0.11666667 | V17: =IF(V5=0,0, LOOKUP(V5-0.000000000001,$AC$14:$AC$30,$AD$14:$AD$30)) -> 30 | W17: =V17/$W$13 -> 0.1303781 | X17: =IF(X5=0,0, LOOKUP(X5-0.000000000001,$AC$14:$AC$30,$AD$14:$AD$30)) -> 70 | Y17: =X17/$Y$13 -> 0.12068966 | Z17: =IF(Z5=0,0, LOOKUP(Z5-0.000000000001,$AC$14:$AC$30,$AD$14:$AD$30)) -> 60 | AA17: =Z17/$AA$13 -> 0.10434783 | AC17: 85 | AD17: 5
A18: TNX | B18: 4 | C18: =1-ABS(1-B18/$H$10) -> 0.97919217 | D18: 4.01 | E18: =1-ABS(1-D18/$H$10) -> 0.98164015 | F18: 4.08 | G18: =1-ABS(1-F18/$H$10) -> 0.99877601 | H18: TNX | I18: =MAX(P2:P10) -> 99.571603 | J18: G | O18: =O6 -> GARCH | P18: =IF(P6=0,0, LOOKUP(P6-0.000000000001,$AC$14:$AC$30,$AD$14:$AD$30)) -> 75 | Q18: =P18/$Q$13 -> 0.14150943 | R18: =IF(R6=0,0, LOOKUP(R6-0.000000000001,$AC$14:$AC$30,$AD$14:$AD$30)) -> 90 | S18: =R18/$S$13 -> 0.12162162 | T18: =IF(T6=0,0, LOOKUP(T6-0.000000000001,$AC$14:$AC$30,$AD$14:$AD$30)) -> 95 | U18: =T18/$U$13 -> 0.15833333 | V18: =IF(V6=0,0, LOOKUP(V6-0.000000000001,$AC$14:$AC$30,$AD$14:$AD$30)) -> 30 | W18: =V18/$W$13 -> 0.1303781 | X18: =IF(X6=0,0, LOOKUP(X6-0.000000000001,$AC$14:$AC$30,$AD$14:$AD$30)) -> 90 | Y18: =X18/$Y$13 -> 0.15517241 | Z18: =IF(Z6=0,0, LOOKUP(Z6-0.000000000001,$AC$14:$AC$30,$AD$14:$AD$30)) -> 70 | AA18: =Z18/$AA$13 -> 0.12173913 | AC18: 87.5 | AD18: 10
A19: DJI | B19: 49450 | C19: =1-ABS(1-B19/$H$11) -> 0.99645407 | D19: 49485 | E19: =1-ABS(1-D19/$H$11) -> 0.99715935 | F19: 49622 | G19: =1-ABS(1-F19/$H$11) -> 0.99992 | H19: DJI | I19: =MAX(R2:R10) -> 99.951697 | J19: R | O19: =O7 -> VAR | P19: =IF(P7=0,0, LOOKUP(P7-0.000000000001,$AC$14:$AC$30,$AD$14:$AD$30)) -> 0 | Q19: =P19/$Q$13 -> 0 | R19: =IF(R7=0,0, LOOKUP(R7-0.000000000001,$AC$14:$AC$30,$AD$14:$AD$30)) -> 95 | S19: =R19/$S$13 -> 0.12837838 | T19: =IF(T7=0,0, LOOKUP(T7-0.000000000001,$AC$14:$AC$30,$AD$14:$AD$30)) -> 75 | U19: =T19/$U$13 -> 0.125 | V19: =IF(V7=0,0, LOOKUP(V7-0.000000000001,$AC$14:$AC$30,$AD$14:$AD$30)) -> 40 | W19: =V19/$W$13 -> 0.17383746 | X19: =IF(X7=0,0, LOOKUP(X7-0.000000000001,$AC$14:$AC$30,$AD$14:$AD$30)) -> 75 | Y19: =X19/$Y$13 -> 0.12931034 | Z19: =IF(Z7=0,0, LOOKUP(Z7-0.000000000001,$AC$14:$AC$30,$AD$14:$AD$30)) -> 65 | AA19: =Z19/$AA$13 -> 0.11304348 | AC19: 90 | AD19: 20
A20: SPX | B20: 6803 | C20: =1-ABS(1-B20/$H$12) -> 0.98458359 | D20: 6790 | E20: =1-ABS(1-D20/$H$12) -> 0.98270213 | F20: 6850 | G20: =1-ABS(1-F20/$H$12) -> 0.9913858 | H20: SPX | I20: =MAX(T2:T10) -> 99.804221 | J20: A | O20: =O8 -> RW | P20: =IF(P8=0,0, LOOKUP(P8-0.000000000001,$AC$14:$AC$30,$AD$14:$AD$30)) -> 75 | Q20: =P20/$Q$13 -> 0.14150943 | R20: =IF(R8=0,0, LOOKUP(R8-0.000000000001,$AC$14:$AC$30,$AD$14:$AD$30)) -> 95 | S20: =R20/$S$13 -> 0.12837838 | T20: =IF(T8=0,0, LOOKUP(T8-0.000000000001,$AC$14:$AC$30,$AD$14:$AD$30)) -> 80 | U20: =T20/$U$13 -> 0.13333333 | V20: =IF(V8=0,0, LOOKUP(V8-0.000000000001,$AC$14:$AC$30,$AD$14:$AD$30)) -> 30 | W20: =V20/$W$13 -> 0.1303781 | X20: =IF(X8=0,0, LOOKUP(X8-0.000000000001,$AC$14:$AC$30,$AD$14:$AD$30)) -> 75 | Y20: =X20/$Y$13 -> 0.12931034 | Z20: =IF(Z8=0,0, LOOKUP(Z8-0.000000000001,$AC$14:$AC$30,$AD$14:$AD$30)) -> 95 | AA20: =Z20/$AA$13 -> 0.16521739 | AC20: 92.5 | AD20: 30
A21: VIX | B21: 21.18 | C21: =1-ABS(1-B21/$H$13) -> 0.8905186 | D21: 21.52 | E21: =1-ABS(1-D21/$H$13) -> 0.87270822 | F21: 19.19 | G21: =1-ABS(1-F21/$H$13) -> 0.99476166 | H21: VIX | I21: =MAX(V2:V10) -> 95.633133 | J21: E | O21: =O9 -> ETS | P21: =IF(P9=0,0, LOOKUP(P9-0.000000000001,$AC$14:$AC$30,$AD$14:$AD$30)) -> 75 | Q21: =P21/$Q$13 -> 0.14150943 | R21: =IF(R9=0,0, LOOKUP(R9-0.000000000001,$AC$14:$AC$30,$AD$14:$AD$30)) -> 95 | S21: =R21/$S$13 -> 0.12837838 | T21: =IF(T9=0,0, LOOKUP(T9-0.000000000001,$AC$14:$AC$30,$AD$14:$AD$30)) -> 80 | U21: =T21/$U$13 -> 0.13333333 | V21: =IF(V9=0,0, LOOKUP(V9-0.000000000001,$AC$14:$AC$30,$AD$14:$AD$30)) -> 30 | W21: =V21/$W$13 -> 0.1303781 | X21: =IF(X9=0,0, LOOKUP(X9-0.000000000001,$AC$14:$AC$30,$AD$14:$AD$30)) -> 70 | Y21: =X21/$Y$13 -> 0.12068966 | Z21: =IF(Z9=0,0, LOOKUP(Z9-0.000000000001,$AC$14:$AC$30,$AD$14:$AD$30)) -> 95 | AA21: =Z21/$AA$13 -> 0.16521739 | AC21: 95 | AD21: 40
A22: QQQ | B22: 597.3 | C22: =1-ABS(1-B22/$H$14) -> 0.98109427 | D22: 595.8 | E22: =1-ABS(1-D22/$H$14) -> 0.97863044 | F22: 603.5 | G22: =1-ABS(1-F22/$H$14) -> 0.99127807 | H22: QQQ | I22: =MAX(X2:X10) -> 99.563033 | J22: A | O22: =O10 -> DynaMix | P22: =IF(P10=0,0, LOOKUP(P10-0.000000000001,$AC$14:$AC$30,$AD$14:$AD$30)) -> 70 | Q22: =P22/$Q$13 -> 0.13207547 | R22: =IF(R10=0,0, LOOKUP(R10-0.000000000001,$AC$14:$AC$30,$AD$14:$AD$30)) -> 95 | S22: =R22/$S$13 -> 0.12837838 | T22: =IF(T10=0,0, LOOKUP(T10-0.000000000001,$AC$14:$AC$30,$AD$14:$AD$30)) -> 75 | U22: =T22/$U$13 -> 0.125 | V22: =IF(V10=0,0, LOOKUP(V10-0.000000000001,$AC$14:$AC$30,$AD$14:$AD$30)) -> 40 | W22: =V22/$W$13 -> 0.17383746 | X22: =IF(X10=0,0, LOOKUP(X10-0.000000000001,$AC$14:$AC$30,$AD$14:$AD$30)) -> 65 | Y22: =X22/$Y$13 -> 0.11206897 | Z22: =IF(Z10=0,0, LOOKUP(Z10-0.000000000001,$AC$14:$AC$30,$AD$14:$AD$30)) -> 60 | AA22: =Z22/$AA$13 -> 0.10434783 | AC22: 96 | AD22: 50
A23: AAPL | B23: 266.4 | C23: =1-ABS(1-B23/$H$15) -> 0.99312117 | D23: 267.2 | E23: =1-ABS(1-D23/$H$15) -> 0.99009751 | F23: 264.3 | G23: =1-ABS(1-F23/$H$15) -> 0.99894172 | H23: AAPL | I23: =MAX(Z2:Z10) -> 99.97256 | J23: V | O23: AVR : | P23: =AVERAGE(P14:P22) -> 58.888889 | R23: =AVERAGE(R14:R22) -> 82.222222 | T23: =AVERAGE(T14:T22) -> 66.666667 | V23: =AVERAGE(V14:V22) -> 25.566667 | X23: =AVERAGE(X14:X22) -> 64.444444 | Z23: =AVERAGE(Z14:Z22) -> 63.888889 | AC23: 97 | AD23: 60
AA24: =SUM(Z26:Z34) -> 435 | AC24: 98 | AD24: 65
A25: =AC1 -> AVR-4 | B25: {=SUM(C19:C22/4)} -> 0.96316263 | D25: {=SUM(E19:E22/4)} -> 0.95780004 | F25: {=SUM(G19:G22/4)} -> 0.99433638 | H25: max-Q AVR-4 | J25: =AVERAGE(I19:I22) -> 98.738021 | O25: History | P25: TNX | Q25: =SUM(P26:P34) -> 453.75 | R25: DJI | S25: =SUM(R26:R34) -> 538.75 | T25: SPX | U25: =SUM(T26:T34) -> 598.75 | V25: VIX | W25: =SUM(V26:V34) -> 238.65 | X25: QQQ | Y25: =SUM(X26:X34) -> 516.275 | Z25: AAPL | AA25: =Z26/$AA$24 -> 0.13218391 | AC25: 98.5 | AD25: 70
A26: =AD1 -> AVR-6 | B26: {=SUM(C18:C23/6)} -> 0.97082731 | D26: {=SUM(E18:E23/6)} -> 0.9671563 | F26: {=SUM(G18:G23/6)} -> 0.99584388 | H26: max AVR-6 | J26: =AVERAGE(I18:I23) -> 99.082708 | O26: =O2 -> PyCaret | P26: 60 | Q26: =P26/$Q$25 -> 0.1322314 | R26: 58.75 | S26: =R26/$S$25 -> 0.10904872 | T26: 67.5 | U26: =T26/$U$25 -> 0.11273486 | V26: 40.025 | W26: =V26/$W$25 -> 0.16771423 | X26: 72.5 | Y26: =X26/$Y$25 -> 0.14042903 | Z26: 57.5 | AA26: =Z27/$AA$24 -> 0.13793103 | AC26: 99 | AD26: 75
O27: =O3 -> ARIMAX | P27: 66.25 | Q27: =P27/$Q$25 -> 0.14600551 | R27: 62.5 | S27: =R27/$S$25 -> 0.11600928 | T27: 71.25 | U27: =T27/$U$25 -> 0.11899791 | V27: 28.775 | W27: =V27/$W$25 -> 0.12057406 | X27: 67.5 | Y27: =X27/$Y$25 -> 0.13074427 | Z27: 60 | AA27: =Z28/$AA$24 -> 0 | AC27: 99.25 | AD27: 80
A28: https://feargreedmeter.com/fear-and-greed-index | O28: =O4 -> PCE | P28: 0 | Q28: =P28/$Q$25 -> 0 | R28: 0 | S28: =R28/$S$25 -> 0 | T28: 0 | U28: =T28/$U$25 -> 0 | V28: 0 | W28: =V28/$W$25 -> 0 | X28: 0 | Y28: =X28/$Y$25 -> 0 | Z28: 0 | AA28: =Z29/$AA$24 -> 0.097701149 | AC28: 99.5 | AD28: 90
O29: =O5 -> LSTM | P29: 63.75 | Q29: =P29/$Q$25 -> 0.14049587 | R29: 75 | S29: =R29/$S$25 -> 0.13921114 | T29: 80 | U29: =T29/$U$25 -> 0.13361169 | V29: 29.25 | W29: =V29/$W$25 -> 0.12256442 | X29: 68.75 | Y29: =X29/$Y$25 -> 0.13316546 | Z29: 42.5 | AA29: =Z30/$AA$24 -> 0.11781609 | AC29: 99.75 | AD29: 95
A30: Scale | B30: 0 | C30: Extreme Fear | O30: =O6 -> GARCH | P30: 70 | Q30: =P30/$Q$25 -> 0.15426997 | R30: 68.75 | S30: =R30/$S$25 -> 0.12761021 | T30: 76.25 | U30: =T30/$U$25 -> 0.12734864 | V30: 35 | W30: =V30/$W$25 -> 0.14665829 | X30: 71.25 | Y30: =X30/$Y$25 -> 0.13800784 | Z30: 51.25 | AA30: =Z31/$AA$24 -> 0.13793103 | AC30: 99.99 | AD30: 100
B31: 25 | C31: Fear | O31: =O7 -> VAR | P31: 0 | Q31: =P31/$Q$25 -> 0 | R31: 68.75 | S31: =R31/$S$25 -> 0.12761021 | T31: 75 | U31: =T31/$U$25 -> 0.12526096 | V31: 30.025 | W31: =V31/$W$25 -> 0.12581186 | X31: 65 | Y31: =X31/$Y$25 -> 0.12590189 | Z31: 60 | AA31: =Z32/$AA$24 -> 0.12931034
B32: 45 | C32: Neutral | O32: =O8 -> RW | P32: 57.5 | Q32: =P32/$Q$25 -> 0.12672176 | R32: 68.75 | S32: =R32/$S$25 -> 0.12761021 | T32: 76.25 | U32: =T32/$U$25 -> 0.12734864 | V32: 32.525 | W32: =V32/$W$25 -> 0.13628745 | X32: 63.75 | Y32: =X32/$Y$25 -> 0.1234807 | Z32: 56.25 | AA32: =Z33/$AA$24 -> 0.12931034
B33: 55 | C33: Greed | O33: =O9 -> ETS | P33: 72.5 | Q33: =P33/$Q$25 -> 0.15977961 | R33: 70 | S33: =R33/$S$25 -> 0.12993039 | T33: 76.25 | U33: =T33/$U$25 -> 0.12734864 | V33: 22.525 | W33: =V33/$W$25 -> 0.094385083 | X33: 47.525 | Y33: =X33/$Y$25 -> 0.092053654 | Z33: 56.25 | AA33: =Z34/$AA$24 -> 0.11781609
B34: 75 | C34: Extreme Greed | O34: =O22 -> DynaMix | P34: 63.75 | Q34: =P34/$Q$25 -> 0.14049587 | R34: 66.25 | S34: =R34/$S$25 -> 0.12296984 | T34: 76.25 | U34: =T34/$U$25 -> 0.12734864 | V34: 20.525 | W34: =V34/$W$25 -> 0.086004609 | X34: 60 | Y34: =X34/$Y$25 -> 0.11621713 | Z34: 51.25
O35: AVR : | P35: =AVERAGE(P26:P34) -> 50.416667 | R35: =AVERAGE(R26:R34) -> 59.861111 | T35: =AVERAGE(T26:T34) -> 66.527778 | V35: =AVERAGE(V26:V34) -> 26.516667 | X35: =AVERAGE(X26:X34) -> 57.363889 | Z35: =AVERAGE(Z26:Z34) -> 48.333333

Sheet 26-1-05
A1: model | B1: PyCaret | C1: ARIMAX | D1: PCE | E1: LSTM | F1: GARCH | G1: VAR | H1: RW | I1: ETS | J1: DynaMix | L1: 26-Q1-05 | O1: Accuracy | P1: TNX | Q1: =SUM(P2:P10) -> 679.74815 | R1: DJI | S1: =SUM(R2:R10) -> 770.19697 | T1: SPX | U1: =SUM(T2:T10) -> 781.75621 | V1: VIX | W1: =SUM(V2:V10) -> 683.0568 | X1: QQQ | Y1: =SUM(X2:X10) -> 781.46396 | Z1: AAPL | AA1: =SUM(Z2:Z10) -> 740.97205 | AC1: AVR-4 | AD1: AVR-6
A2: TNX | B2: 4.173 | C2: 4.1945 | D2: 0 | E2: 4.2308 | F2: 4.1473 | G2: 4.1422 | H2: 0 | I2: 4.1434 | J2: 4.139 | O2: =B1 -> PyCaret | P2: =100-ABS((($H10-B2)/($H10)))*100 -> 96.962963 | Q2: =P2/$Q$1 -> 0.14264542 | R2: =100-ABS((($H11-B3)/($H11)))*100 -> 96.49618 | S2: =R2/$S$1 -> 0.12528767 | T2: =100-ABS((($H12-B4)/($H12)))*100 -> 96.632056 | U2: =T2/$U$1 -> 0.12360894 | V2: =100-ABS((($H13-B5)/($H13)))*100 -> 86.338835 | W2: =V2/$W$1 -> 0.12640067 | X2: =100-ABS((($H14-B6)/($H14)))*100 -> 98.445794 | Y2: =X2/$Y$1 -> 0.12597612 | Z2: =100-ABS((($H15-B7)/($H15)))*100 -> 93.521777 | AA2: =Z2/$AA$1 -> 0.12621499 | AC2: =(R2+T2+V2+X2)/4 -> 94.478216 | AD2: =(P2+R2+T2+V2+X2+Z2)/6 -> 94.732934 | AE2: =IF($AC2=MAX(AC2:AC10),"TOP","") | AG2: max-Q | AK2: https://feargreedmeter.com/fear-and-greed-index
A3: DJI | B3: 50200.315 | C3: 50611.199 | D3: 0 | E3: 50047.759 | F3: 50412.837 | G3: 50185.052 | H3: 50348.59 | I3: 50343.236 | J3: 50313.2 | L3: 2026/02/10 | O3: =C1 -> ARIMAX | P3: =100-ABS((($H10-C2)/($H10)))*100 -> 96.432099 | Q3: =P3/$Q$1 -> 0.14186445 | R3: =100-ABS((($H11-C3)/($H11)))*100 -> 95.649014 | S3: =R3/$S$1 -> 0.12418773 | T3: =100-ABS((($H12-C4)/($H12)))*100 -> 97.099146 | U3: =T3/$U$1 -> 0.12420643 | V3: =100-ABS((($H13-C5)/($H13)))*100 -> 87.442718 | W3: =V3/$W$1 -> 0.12801676 | X3: =100-ABS((($H14-C6)/($H14)))*100 -> 97.299855 | Y3: =X3/$Y$1 -> 0.12450972 | Z3: =100-ABS((($H15-C7)/($H15)))*100 -> 92.372664 | AA3: =Z3/$AA$1 -> 0.12466417 | AC3: =(R3+T3+V3+X3)/4 -> 94.372684 | AD3: =(P3+R3+T3+V3+X3+Z3)/6 -> 94.382583 | AE3: =IF($AC3=MAX(AC2:AC10),"TOP","") | AG3: TNX | AH3: G | AI3: =MAX(P2:P10) -> 97.802469
A4: SPX | B4: 7066.4187 | C4: 7034.4876 | D4: 0 | E4: 6948.1977 | F4: 6980.2006 | G4: 6955.6471 | H4: 6965.288 | I4: 6967.0784 | J4: 7019.3 | O4: =D1 -> PCE | P4: =100-ABS((($H10-D2)/($H10)))*100 -> 0 | Q4: =P4/$Q$1 -> 0 | R4: =100-ABS((($H11-D3)/($H11)))*100 -> 0 | S4: =R4/$S$1 -> 0 | T4: =100-ABS((($H12-D4)/($H12)))*100 -> 0 | U4: =T4/$U$1 -> 0 | V4: =100-ABS((($H13-D5)/($H13)))*100 -> 0 | W4: =V4/$W$1 -> 0 | X4: =100-ABS((($H14-D6)/($H14)))*100 -> 0 | Y4: =X4/$Y$1 -> 0 | Z4: =100-ABS((($H15-D7)/($H15)))*100 -> 0 | AA4: =Z4/$AA$1 -> 0 | AC4: =(R4+T4+V4+X4)/4 -> 0 | AD4: =(P4+R4+T4+V4+X4+Z4)/6 -> 0 | AE4: =IF($AC4=MAX(AC2:AC10),"TOP","") | AG4: DJI | AH4: R | AI4: =MAX(R2:R10) -> 96.810723
A5: VIX | B5: 17.7858 | C5: 18.0132 | D5: 0 | E5: 17.0805 | F5: 17.6745 | G5: 17.5339 | H5: 17.618 | I5: 17.6238 | J5: 17.38 | L5: ML | O5: =E1 -> LSTM | P5: =100-ABS((($H10-E2)/($H10)))*100 -> 95.535802 | Q5: =P5/$Q$1 -> 0.14054588 | R5: =100-ABS((($H11-E3)/($H11)))*100 -> 96.810723 | S5: =R5/$S$1 -> 0.12569606 | T5: =100-ABS((($H12-E4)/($H12)))*100 -> 98.361399 | U5: =T5/$U$1 -> 0.12582106 | V5: =100-ABS((($H13-E5)/($H13)))*100 -> 82.915049 | W5: =V5/$W$1 -> 0.12138822 | X5: =100-ABS((($H14-E6)/($H14)))*100 -> 97.006232 | Y5: =X5/$Y$1 -> 0.12413398 | Z5: =100-ABS((($H15-E7)/($H15)))*100 -> 91.524005 | AA5: =Z5/$AA$1 -> 0.12351884 | AC5: =(R5+T5+V5+X5)/4 -> 93.773351 | AD5: =(P5+R5+T5+V5+X5+Z5)/6 -> 93.692202 | AE5: =IF($AC5=MAX(AC2:AC10),"TOP","") | AG5: SPX | AH5: A | AI5: =MAX(T2:T10) -> 98.361399
A6: QQQ | B6: 592.3385 | C6: 617.9365 | D6: 0 | E6: 619.7032 | F6: 616.3108 | G6: 612.0493 | H6: 613.8556 | I6: 613.9716 | J6: 620.181 | O6: =F1 -> GARCH | P6: =100-ABS((($H10-F2)/($H10)))*100 -> 97.597531 | Q6: =P6/$Q$1 -> 0.14357896 | R6: =100-ABS((($H11-F3)/($H11)))*100 -> 96.058 | S6: =R6/$S$1 -> 0.12471874 | T6: =100-ABS((($H12-F4)/($H12)))*100 -> 97.893259 | U6: =T6/$U$1 -> 0.12522223 | V6: =100-ABS((($H13-F5)/($H13)))*100 -> 85.798544 | W6: =V6/$W$1 -> 0.12560968 | X6: =100-ABS((($H14-F6)/($H14)))*100 -> 97.570044 | Y6: =X6/$Y$1 -> 0.12485546 | Z6: =100-ABS((($H15-F7)/($H15)))*100 -> 92.210884 | AA6: =Z6/$AA$1 -> 0.12444583 | AC6: =(R6+T6+V6+X6)/4 -> 94.329962 | AD6: =(P6+R6+T6+V6+X6+Z6)/6 -> 94.521377 | AE6: =IF($AC6=MAX(AC2:AC10),"TOP","") | AG6: VIX | AH6: E | AI6: =MAX(V2:V10) -> 87.442718
A7: AAPL | B7: 272.35 | C7: 275.2892 | D7: 0 | E7: 277.4599 | F7: 275.703 | G7: 273.4032 | H7: 274.6133 | I7: 274.6133 | J7: 273.7898 | O7: =G1 -> VAR | P7: =100-ABS((($H10-G2)/($H10)))*100 -> 97.723457 | Q7: =P7/$Q$1 -> 0.14376421 | R7: =100-ABS((($H11-G3)/($H11)))*100 -> 96.527651 | S7: =R7/$S$1 -> 0.12532853 | T7: =100-ABS((($H12-G4)/($H12)))*100 -> 98.252429 | U7: =T7/$U$1 -> 0.12568167 | V7: =100-ABS((($H13-G5)/($H13)))*100 -> 85.116019 | W7: =V7/$W$1 -> 0.12461046 | X7: =100-ABS((($H14-G6)/($H14)))*100 -> 98.278299 | Y7: =X7/$Y$1 -> 0.12576178 | Z7: =100-ABS((($H15-G7)/($H15)))*100 -> 93.110016 | AA7: =Z7/$AA$1 -> 0.12565928 | AC7: =(R7+T7+V7+X7)/4 -> 94.5436 | AD7: =(P7+R7+T7+V7+X7+Z7)/6 -> 94.834645 | AE7: =IF($AC7=MAX(AC2:AC10),"TOP","") -> TOP | AG7: QQQ | AH7: A | AI7: =MAX(X2:X10) -> 98.445794
O8: =H1 -> RW | P8: =100-ABS((($H10-H2)/($H10)))*100 -> 0 | Q8: =P8/$Q$1 -> 0 | R8: =100-ABS((($H11-H3)/($H11)))*100 -> 96.190465 | S8: =R8/$S$1 -> 0.12489073 | T8: =100-ABS((($H12-H4)/($H12)))*100 -> 98.111401 | U8: =T8/$U$1 -> 0.12550127 | V8: =100-ABS((($H13-H5)/($H13)))*100 -> 85.524272 | W8: =V8/$W$1 -> 0.12520814 | X8: =100-ABS((($H14-H6)/($H14)))*100 -> 97.978095 | Y8: =X8/$Y$1 -> 0.12537762 | Z8: =100-ABS((($H15-H7)/($H15)))*100 -> 92.636915 | AA8: =Z8/$AA$1 -> 0.1250208 | AC8: =(R8+T8+V8+X8)/4 -> 94.451058 | AD8: =(P8+R8+T8+V8+X8+Z8)/6 -> 78.406858 | AE8: =IF($AC8=MAX(AC2:AC10),"TOP","") | AG8: AAPL | AH8: V | AI8: =MAX(Z2:Z10) -> 93.521777
B9: Close YF | C9: Oraclum | D9: ML | F9: LLM | H9: +3-day | L9: =IF(M9<25,L11,IF(M9<45,L12,IF(M9<55,L13,IF(M9<75,L14,L15)))) -> Neutral | M9: 46 | O9: =I1 -> ETS | P9: =100-ABS((($H10-I2)/($H10)))*100 -> 97.693827 | Q9: =P9/$Q$1 -> 0.14372062 | R9: =100-ABS((($H11-I3)/($H11)))*100 -> 96.201505 | S9: =R9/$S$1 -> 0.12490507 | T9: =100-ABS((($H12-I4)/($H12)))*100 -> 98.085211 | U9: =T9/$U$1 -> 0.12546777 | V9: =100-ABS((($H13-I5)/($H13)))*100 -> 85.552427 | W9: =V9/$W$1 -> 0.12524936 | X9: =100-ABS((($H14-I6)/($H14)))*100 -> 97.958816 | Y9: =X9/$Y$1 -> 0.12535295 | Z9: =100-ABS((($H15-I7)/($H15)))*100 -> 92.636915 | AA9: =Z9/$AA$1 -> 0.1250208 | AC9: =(R9+T9+V9+X9)/4 -> 94.44949 | AD9: =(P9+R9+T9+V9+X9+Z9)/6 -> 94.688117 | AE9: =IF($AC9=MAX(AC2:AC10),"TOP","")
A10: TNX | B10: 4.147 | C10: 4.143 | D10: =(B2*Q26)+(C2*Q27)+(D2*Q28)+(E2*Q29)+(F2*Q30)+(G2*Q31)+(H2*Q32)+(I2*Q33)+(J2*Q34) -> 4.1669609 | E10: =D10/$H$10 -> 1.0288792 | F10: 4.1583987 | G10: =F10/$H$10 -> 1.0267651 | H10: 4.05 | O10: =J1 -> DynaMix | P10: =100-ABS((($H10-J2)/($H10)))*100 -> 97.802469 | Q10: =P10/$Q$1 -> 0.14388045 | R10: =100-ABS((($H11-J3)/($H11)))*100 -> 96.263432 | S10: =R10/$S$1 -> 0.12498547 | T10: =100-ABS((($H12-J4)/($H12)))*100 -> 97.321311 | U10: =T10/$U$1 -> 0.12449061 | V10: =100-ABS((($H13-J5)/($H13)))*100 -> 84.368932 | W10: =V10/$W$1 -> 0.12351672 | X10: =100-ABS((($H14-J6)/($H14)))*100 -> 96.926823 | Y10: =X10/$Y$1 -> 0.12403236 | Z10: =100-ABS((($H15-J7)/($H15)))*100 -> 92.958871 | AA10: =Z10/$AA$1 -> 0.1254553 | AC10: =(R10+T10+V10+X10)/4 -> 93.720125 | AD10: =(P10+R10+T10+V10+X10+Z10)/6 -> 94.27364 | AE10: =IF($AC10=MAX(AC2:AC10),"TOP","") | AG10: max-Q AVR-4 | AI10: =AVERAGE(AI4:AI7) -> 95.265159
A11: DJI | B11: 50188.14 | C11: 50174.74 | D11: =(B3*S26)+(C3*S27)+(D3*S28)+(E3*S29)+(F3*S30)+(G3*S31)+(H3*S32)+(I3*S33)+(J3*S34) -> 50309.322 | E11: =D11/$H$11 -> 1.0372857 | F11: 50351.514 | G11: =F11/$H$11 -> 1.0381556 | H11: 48500.93 | J11: Scale | K11: 0 | L11: Extreme Fear | O11: AVR : | P11: =SUM(P2:P10)/8 -> 84.968519 | R11: =AVERAGE(R2:R10) -> 85.577441 | T11: =AVERAGE(T2:T10) -> 86.861802 | V11: =AVERAGE(V2:V10) -> 75.8952 | X11: =AVERAGE(X2:X10) -> 86.829329 | Z11: =AVERAGE(Z2:Z10) -> 82.330227 | AG11: max AVR-6 | AI11: =AVERAGE(AI3:AI8) -> 95.39748
A12: SPX | B12: 6941.81 | C12: 6941.82 | D12: =(B4*U26)+(C4*U27)+(D4*U28)+(E4*U29)+(F4*U30)+(G4*U31)+(H4*U32)+(I4*U33)+(J4*U34) -> 6990.9969 | E12: =D12/$H$12 -> 1.0226467 | F12: 6980.842 | G12: =F12/$H$12 -> 1.0211612 | H12: 6836.18 | K12: 25 | L12: Fear
A13: VIX | B13: 17.79 | C13: 17.79 | D13: =(B5*W26)+(C5*W27)+(D5*W28)+(E5*W29)+(F5*W30)+(G5*W31)+(H5*W32)+(I5*W33)+(J5*W34) -> 17.589707 | E13: =D13/$H$13 -> 0.85386928 | F13: 17.728653 | G13: =F13/$H$13 -> 0.8606142 | H13: 20.6 | K13: 45 | L13: Neutral | O13: Update | P13: TNX | Q13: =SUM(P14:P22) -> 380 | R13: DJI | S13: =SUM(R14:R22) -> 390 | T13: SPX | U13: =SUM(T14:T22) -> 490 | V13: VIX | W13: =SUM(V14:V22) -> 34 | X13: QQQ | Y13: =SUM(X14:X22) -> 480 | Z13: AAPL | AA13: =SUM(Z14:Z22) -> 210 | AC13: Value | AD13: Assign
A14: QQQ | B14: 611.47 | C14: 611.51 | D14: =(B6*Y26)+(C6*Y27)+(D6*Y28)+(E6*Y29)+(F6*Y30)+(G6*Y31)+(H6*Y32)+(I6*Y33)+(J6*Y34) -> 612.98981 | E14: =D14/$H$14 -> 1.0187801 | F14: 613.71726 | G14: =F14/$H$14 -> 1.0199891 | H14: 601.69 | K14: 55 | L14: Greed | O14: =O2 -> PyCaret | P14: =IF(P2=0,0, LOOKUP(P2-0.000000000001,$AC$14:$AC$30,$AD$14:$AD$30)) -> 50 | Q14: =P14/$Q$13 -> 0.13157895 | R14: =IF(R2=0,0, LOOKUP(R2-0.000000000001,$AC$14:$AC$30,$AD$14:$AD$30)) -> 50 | S14: =R14/$S$13 -> 0.12820513 | T14: =IF(T2=0,0, LOOKUP(T2-0.000000000001,$AC$14:$AC$30,$AD$14:$AD$30)) -> 50 | U14: =T14/$U$13 -> 0.10204082 | V14: =IF(V2=0,0, LOOKUP(V2-0.000000000001,$AC$14:$AC$30,$AD$14:$AD$30)) -> 5 | W14: =V14/$W$13 -> 0.14705882 | X14: =IF(X2=0,0, LOOKUP(X2-0.000000000001,$AC$14:$AC$30,$AD$14:$AD$30)) -> 65 | Y14: =X14/$Y$13 -> 0.13541667 | Z14: =IF(Z2=0,0, LOOKUP(Z2-0.000000000001,$AC$14:$AC$30,$AD$14:$AD$30)) -> 30 | AA14: =Z14/$AA$13 -> 0.14285714 | AC14: 1 | AD14: 0.1
A15: AAPL | B15: 273.68 | C15: 273.81 | D15: =(B7*AA25)+(C7*AA26)+(D7*AA27)+(E7*AA28)+(F7*AA29)+(G7*AA30)+(H7*AA31)+(I7*AA32)+(J7*AA33) -> 274.53223 | E15: =D15/$H$15 -> 1.0733139 | F15: 275.05213 | G15: =F15/$H$15 -> 1.0753465 | H15: 255.78 | K15: 75 | L15: Extreme Greed | O15: =O3 -> ARIMAX | P15: =IF(P3=0,0, LOOKUP(P3-0.000000000001,$AC$14:$AC$30,$AD$14:$AD$30)) -> 50 | Q15: =P15/$Q$13 -> 0.13157895 | R15: =IF(R3=0,0, LOOKUP(R3-0.000000000001,$AC$14:$AC$30,$AD$14:$AD$30)) -> 40 | S15: =R15/$S$13 -> 0.1025641 | T15: =IF(T3=0,0, LOOKUP(T3-0.000000000001,$AC$14:$AC$30,$AD$14:$AD$30)) -> 60 | U15: =T15/$U$13 -> 0.12244898 | V15: =IF(V3=0,0, LOOKUP(V3-0.000000000001,$AC$14:$AC$30,$AD$14:$AD$30)) -> 5 | W15: =V15/$W$13 -> 0.14705882 | X15: =IF(X3=0,0, LOOKUP(X3-0.000000000001,$AC$14:$AC$30,$AD$14:$AD$30)) -> 60 | Y15: =X15/$Y$13 -> 0.125 | Z15: =IF(Z3=0,0, LOOKUP(Z3-0.000000000001,$AC$14:$AC$30,$AD$14:$AD$30)) -> 20 | AA15: =Z15/$AA$13 -> 0.095238095 | AC15: 80 | AD15: 1
O16: =O4 -> PCE | P16: =IF(P4=0,0, LOOKUP(P4-0.000000000001,$AC$14:$AC$30,$AD$14:$AD$30)) -> 0 | Q16: =P16/$Q$13 -> 0 | R16: =IF(R4=0,0, LOOKUP(R4-0.000000000001,$AC$14:$AC$30,$AD$14:$AD$30)) -> 0 | S16: =R16/$S$13 -> 0 | T16: =IF(T4=0,0, LOOKUP(T4-0.000000000001,$AC$14:$AC$30,$AD$14:$AD$30)) -> 0 | U16: =T16/$U$13 -> 0 | V16: =IF(V4=0,0, LOOKUP(V4-0.000000000001,$AC$14:$AC$30,$AD$14:$AD$30)) -> 0 | W16: =V16/$W$13 -> 0 | X16: =IF(X4=0,0, LOOKUP(X4-0.000000000001,$AC$14:$AC$30,$AD$14:$AD$30)) -> 0 | Y16: =X16/$Y$13 -> 0 | Z16: =IF(Z4=0,0, LOOKUP(Z4-0.000000000001,$AC$14:$AC$30,$AD$14:$AD$30)) -> 0 | AA16: =Z16/$AA$13 -> 0 | AC16: 82.5 | AD16: 2
A17: =F9 -> LLM | B17: RD | D17: 85220 | F17: MICH | O17: =O5 -> LSTM | P17: =IF(P5=0,0, LOOKUP(P5-0.000000000001,$AC$14:$AC$30,$AD$14:$AD$30)) -> 40 | Q17: =P17/$Q$13 -> 0.10526316 | R17: =IF(R5=0,0, LOOKUP(R5-0.000000000001,$AC$14:$AC$30,$AD$14:$AD$30)) -> 50 | S17: =R17/$S$13 -> 0.12820513 | T17: =IF(T5=0,0, LOOKUP(T5-0.000000000001,$AC$14:$AC$30,$AD$14:$AD$30)) -> 65 | U17: =T17/$U$13 -> 0.13265306 | V17: =IF(V5=0,0, LOOKUP(V5-0.000000000001,$AC$14:$AC$30,$AD$14:$AD$30)) -> 2 | W17: =V17/$W$13 -> 0.058823529 | X17: =IF(X5=0,0, LOOKUP(X5-0.000000000001,$AC$14:$AC$30,$AD$14:$AD$30)) -> 60 | Y17: =X17/$Y$13 -> 0.125 | Z17: =IF(Z5=0,0, LOOKUP(Z5-0.000000000001,$AC$14:$AC$30,$AD$14:$AD$30)) -> 20 | AA17: =Z17/$AA$13 -> 0.095238095 | AC17: 85 | AD17: 5
A18: TNX | B18: 4.12 | C18: =1-ABS(1-B18/$H$10) -> 0.98271605 | D18: 4.13 | E18: =1-ABS(1-D18/$H$10) -> 0.98024691 | F18: 4.15 | G18: =1-ABS(1-F18/$H$10) -> 0.97530864 | O18: =O6 -> GARCH | P18: =IF(P6=0,0, LOOKUP(P6-0.000000000001,$AC$14:$AC$30,$AD$14:$AD$30)) -> 60 | Q18: =P18/$Q$13 -> 0.15789474 | R18: =IF(R6=0,0, LOOKUP(R6-0.000000000001,$AC$14:$AC$30,$AD$14:$AD$30)) -> 50 | S18: =R18/$S$13 -> 0.12820513 | T18: =IF(T6=0,0, LOOKUP(T6-0.000000000001,$AC$14:$AC$30,$AD$14:$AD$30)) -> 60 | U18: =T18/$U$13 -> 0.12244898 | V18: =IF(V6=0,0, LOOKUP(V6-0.000000000001,$AC$14:$AC$30,$AD$14:$AD$30)) -> 5 | W18: =V18/$W$13 -> 0.14705882 | X18: =IF(X6=0,0, LOOKUP(X6-0.000000000001,$AC$14:$AC$30,$AD$14:$AD$30)) -> 60 | Y18: =X18/$Y$13 -> 0.125 | Z18: =IF(Z6=0,0, LOOKUP(Z6-0.000000000001,$AC$14:$AC$30,$AD$14:$AD$30)) -> 20 | AA18: =Z18/$AA$13 -> 0.095238095 | AC18: 87.5 | AD18: 10
A19: DJI | B19: 50650 | C19: =1-ABS(1-B19/$H$11) -> 0.95569013 | D19: 50715 | E19: =1-ABS(1-D19/$H$11) -> 0.95434995 | F19: 50321 | G19: =1-ABS(1-F19/$H$11) -> 0.9624735 | O19: =O7 -> VAR | P19: =IF(P7=0,0, LOOKUP(P7-0.000000000001,$AC$14:$AC$30,$AD$14:$AD$30)) -> 60 | Q19: =P19/$Q$13 -> 0.15789474 | R19: =IF(R7=0,0, LOOKUP(R7-0.000000000001,$AC$14:$AC$30,$AD$14:$AD$30)) -> 50 | S19: =R19/$S$13 -> 0.12820513 | T19: =IF(T7=0,0, LOOKUP(T7-0.000000000001,$AC$14:$AC$30,$AD$14:$AD$30)) -> 65 | U19: =T19/$U$13 -> 0.13265306 | V19: =IF(V7=0,0, LOOKUP(V7-0.000000000001,$AC$14:$AC$30,$AD$14:$AD$30)) -> 5 | W19: =V19/$W$13 -> 0.14705882 | X19: =IF(X7=0,0, LOOKUP(X7-0.000000000001,$AC$14:$AC$30,$AD$14:$AD$30)) -> 65 | Y19: =X19/$Y$13 -> 0.13541667 | Z19: =IF(Z7=0,0, LOOKUP(Z7-0.000000000001,$AC$14:$AC$30,$AD$14:$AD$30)) -> 30 | AA19: =Z19/$AA$13 -> 0.14285714 | AC19: 90 | AD19: 20
A20: SPX | B20: 6930 | C20: =1-ABS(1-B20/$H$12) -> 0.98627596 | D20: 6939 | E20: =1-ABS(1-D20/$H$12) -> 0.98495944 | F20: 6957 | G20: =1-ABS(1-F20/$H$12) -> 0.98232639 | O20: =O8 -> RW | P20: =IF(P8=0,0, LOOKUP(P8-0.000000000001,$AC$14:$AC$30,$AD$14:$AD$30)) -> 0 | Q20: =P20/$Q$13 -> 0 | R20: =IF(R8=0,0, LOOKUP(R8-0.000000000001,$AC$14:$AC$30,$AD$14:$AD$30)) -> 50 | S20: =R20/$S$13 -> 0.12820513 | T20: =IF(T8=0,0, LOOKUP(T8-0.000000000001,$AC$14:$AC$30,$AD$14:$AD$30)) -> 65 | U20: =T20/$U$13 -> 0.13265306 | V20: =IF(V8=0,0, LOOKUP(V8-0.000000000001,$AC$14:$AC$30,$AD$14:$AD$30)) -> 5 | W20: =V20/$W$13 -> 0.14705882 | X20: =IF(X8=0,0, LOOKUP(X8-0.000000000001,$AC$14:$AC$30,$AD$14:$AD$30)) -> 60 | Y20: =X20/$Y$13 -> 0.125 | Z20: =IF(Z8=0,0, LOOKUP(Z8-0.000000000001,$AC$14:$AC$30,$AD$14:$AD$30)) -> 30 | AA20: =Z20/$AA$13 -> 0.14285714 | AC20: 92.5 | AD20: 30
A21: VIX | B21: 18.12 | C21: =1-ABS(1-B21/$H$13) -> 0.87961165 | D21: 18.37 | E21: =1-ABS(1-D21/$H$13) -> 0.89174757 | F21: 18.02 | G21: =1-ABS(1-F21/$H$13) -> 0.87475728 | O21: =O9 -> ETS | P21: =IF(P9=0,0, LOOKUP(P9-0.000000000001,$AC$14:$AC$30,$AD$14:$AD$30)) -> 60 | Q21: =P21/$Q$13 -> 0.15789474 | R21: =IF(R9=0,0, LOOKUP(R9-0.000000000001,$AC$14:$AC$30,$AD$14:$AD$30)) -> 50 | S21: =R21/$S$13 -> 0.12820513 | T21: =IF(T9=0,0, LOOKUP(T9-0.000000000001,$AC$14:$AC$30,$AD$14:$AD$30)) -> 65 | U21: =T21/$U$13 -> 0.13265306 | V21: =IF(V9=0,0, LOOKUP(V9-0.000000000001,$AC$14:$AC$30,$AD$14:$AD$30)) -> 5 | W21: =V21/$W$13 -> 0.14705882 | X21: =IF(X9=0,0, LOOKUP(X9-0.000000000001,$AC$14:$AC$30,$AD$14:$AD$30)) -> 60 | Y21: =X21/$Y$13 -> 0.125 | Z21: =IF(Z9=0,0, LOOKUP(Z9-0.000000000001,$AC$14:$AC$30,$AD$14:$AD$30)) -> 30 | AA21: =Z21/$AA$13 -> 0.14285714 | AC21: 95 | AD21: 40
A22: QQQ | B22: 608.5 | C22: =1-ABS(1-B22/$H$14) -> 0.98868188 | D22: 606.4 | E22: =1-ABS(1-D22/$H$14) -> 0.99217205 | F22: 613.2 | G22: =1-ABS(1-F22/$H$14) -> 0.98087055 | O22: =O10 -> DynaMix | P22: =IF(P10=0,0, LOOKUP(P10-0.000000000001,$AC$14:$AC$30,$AD$14:$AD$30)) -> 60 | Q22: =P22/$Q$13 -> 0.15789474 | R22: =IF(R10=0,0, LOOKUP(R10-0.000000000001,$AC$14:$AC$30,$AD$14:$AD$30)) -> 50 | S22: =R22/$S$13 -> 0.12820513 | T22: =IF(T10=0,0, LOOKUP(T10-0.000000000001,$AC$14:$AC$30,$AD$14:$AD$30)) -> 60 | U22: =T22/$U$13 -> 0.12244898 | V22: =IF(V10=0,0, LOOKUP(V10-0.000000000001,$AC$14:$AC$30,$AD$14:$AD$30)) -> 2 | W22: =V22/$W$13 -> 0.058823529 | X22: =IF(X10=0,0, LOOKUP(X10-0.000000000001,$AC$14:$AC$30,$AD$14:$AD$30)) -> 50 | Y22: =X22/$Y$13 -> 0.10416667 | Z22: =IF(Z10=0,0, LOOKUP(Z10-0.000000000001,$AC$14:$AC$30,$AD$14:$AD$30)) -> 30 | AA22: =Z22/$AA$13 -> 0.14285714 | AC22: 96 | AD22: 50
A23: AAPL | B23: 274.7 | C23: =1-ABS(1-B23/$H$15) -> 0.92603018 | D23: 274.3 | E23: =1-ABS(1-D23/$H$15) -> 0.92759403 | F23: 274.4 | G23: =1-ABS(1-F23/$H$15) -> 0.92720307 | O23: AVR : | P23: =AVERAGE(P14:P22) -> 42.222222 | R23: =AVERAGE(R14:R22) -> 43.333333 | T23: =AVERAGE(T14:T22) -> 54.444444 | V23: =AVERAGE(V14:V22) -> 3.7777778 | X23: =AVERAGE(X14:X22) -> 53.333333 | Z23: =AVERAGE(Z14:Z22) -> 23.333333 | AC23: 97 | AD23: 60
AA24: =SUM(Z26:Z34) -> 523.75 | AC24: 98 | AD24: 65
A25: =AC1 -> AVR-4 | B25: {=SUM(C19:C22/4)} -> 0.9525649 | D25: {=SUM(E19:E22/4)} -> 0.95580725 | F25: {=SUM(G19:G22/4)} -> 0.95010693 | O25: History | P25: TNX | Q25: =SUM(P26:P34) -> 482.5 | R25: DJI | S25: =SUM(R26:R34) -> 612.5 | T25: SPX | U25: =SUM(T26:T34) -> 657.5 | V25: VIX | W25: =SUM(V26:V34) -> 338.9 | X25: QQQ | Y25: =SUM(X26:X34) -> 538.775 | Z25: AAPL | AA25: =Z26/$AA$24 -> 0.12887828 | AC25: 98.5 | AD25: 70
A26: =AD1 -> AVR-6 | B26: {=SUM(C18:C23/6)} -> 0.95316764 | D26: {=SUM(E18:E23/6)} -> 0.95517832 | F26: {=SUM(G18:G23/6)} -> 0.9504899 | O26: =O2 -> PyCaret | P26: 57.5 | Q26: =P26/$Q$25 -> 0.11917098 | R26: 56.25 | S26: =R26/$S$25 -> 0.091836735 | T26: 77.5 | U26: =T26/$U$25 -> 0.11787072 | V26: 51.275 | W26: =V26/$W$25 -> 0.15129832 | X26: 76.25 | Y26: =X26/$Y$25 -> 0.14152476 | Z26: 67.5 | AA26: =Z27/$AA$24 -> 0.12887828 | AC26: 99 | AD26: 75
O27: =O3 -> ARIMAX | P27: 71.25 | Q27: =P27/$Q$25 -> 0.14766839 | R27: 76.25 | S27: =R27/$S$25 -> 0.1244898 | T27: 80 | U27: =T27/$U$25 -> 0.121673 | V27: 40.025 | W27: =V27/$W$25 -> 0.11810269 | X27: 71.25 | Y27: =X27/$Y$25 -> 0.13224444 | Z27: 67.5 | AA27: =Z28/$AA$24 -> 0 | AC27: 99.25 | AD27: 80
O28: =O4 -> PCE | P28: 0 | Q28: =P28/$Q$25 -> 0 | R28: 0 | S28: =R28/$S$25 -> 0 | T28: 0 | U28: =T28/$U$25 -> 0 | V28: 0 | W28: =V28/$W$25 -> 0 | X28: 0 | Y28: =X28/$Y$25 -> 0 | Z28: 0 | AA28: =Z29/$AA$24 -> 0.090692124 | AC28: 99.5 | AD28: 90
O29: =O5 -> LSTM | P29: 70 | Q29: =P29/$Q$25 -> 0.14507772 | R29: 82.5 | S29: =R29/$S$25 -> 0.13469388 | T29: 86.25 | U29: =T29/$U$25 -> 0.13117871 | V29: 46.25 | W29: =V29/$W$25 -> 0.13647094 | X29: 68.75 | Y29: =X29/$Y$25 -> 0.12760429 | Z29: 47.5 | AA29: =Z30/$AA$24 -> 0.11694511 | AC29: 99.75 | AD29: 95
O30: =O6 -> GARCH | P30: 72.5 | Q30: =P30/$Q$25 -> 0.15025907 | R30: 80 | S30: =R30/$S$25 -> 0.13061224 | T30: 83.75 | U30: =T30/$U$25 -> 0.12737643 | V30: 46.25 | W30: =V30/$W$25 -> 0.13647094 | X30: 75 | Y30: =X30/$Y$25 -> 0.13920468 | Z30: 61.25 | AA30: =Z31/$AA$24 -> 0.12887828 | AC30: 99.99 | AD30: 100
O31: =O7 -> VAR | P31: 70 | Q31: =P31/$Q$25 -> 0.14507772 | R31: 78.75 | S31: =R31/$S$25 -> 0.12857143 | T31: 81.25 | U31: =T31/$U$25 -> 0.12357414 | V31: 36.275 | W31: =V31/$W$25 -> 0.10703747 | X31: 66.25 | Y31: =X31/$Y$25 -> 0.12296413 | Z31: 67.5 | AA31: =Z32/$AA$24 -> 0.13842482
O32: =O8 -> RW | P32: 0 | Q32: =P32/$Q$25 -> 0 | R32: 80 | S32: =R32/$S$25 -> 0.13061224 | T32: 83.75 | U32: =T32/$U$25 -> 0.12737643 | V32: 43.775 | W32: =V32/$W$25 -> 0.1291679 | X32: 66.25 | Y32: =X32/$Y$25 -> 0.12296413 | Z32: 72.5 | AA32: =Z33/$AA$24 -> 0.13842482
O33: =O9 -> ETS | P33: 75 | Q33: =P33/$Q$25 -> 0.15544041 | R33: 81.25 | S33: =R33/$S$25 -> 0.13265306 | T33: 83.75 | U33: =T33/$U$25 -> 0.12737643 | V33: 37.525 | W33: =V33/$W$25 -> 0.11072588 | X33: 50.025 | Y33: =X33/$Y$25 -> 0.09284952 | Z33: 72.5 | AA33: =Z34/$AA$24 -> 0.12887828
O34: =O22 -> DynaMix | P34: 66.25 | Q34: =P34/$Q$25 -> 0.1373057 | R34: 77.5 | S34: =R34/$S$25 -> 0.12653061 | T34: 81.25 | U34: =T34/$U$25 -> 0.12357414 | V34: 37.525 | W34: =V34/$W$25 -> 0.11072588 | X34: 65 | Y34: =X34/$Y$25 -> 0.12064405 | Z34: 67.5
O35: AVR : | P35: =AVERAGE(P26:P34) -> 53.611111 | R35: =AVERAGE(R26:R34) -> 68.055556 | T35: =AVERAGE(T26:T34) -> 73.055556 | V35: =AVERAGE(V26:V34) -> 37.655556 | X35: =AVERAGE(X26:X34) -> 59.863889 | Z35: =AVERAGE(Z26:Z34) -> 58.194444

Sheet 26-1-04
A1: model | B1: PyCaret | C1: ARIMAX | D1: PCE | E1: LSTM | F1: GARCH | G1: VAR | H1: RW | I1: ETS | J1: DynaMix | L1: 26-Q1-04 | O1: Accuracy | P1: TNX | Q1: =SUM(P2:P10) -> 783.3775 | R1: DJI | S1: =SUM(R2:R10) -> 885.33029 | T1: SPX | U1: =SUM(T2:T10) -> 895.93691 | V1: VIX | W1: =SUM(V2:V10) -> 889.21584 | X1: QQQ | Y1: =SUM(X2:X10) -> 885.86793 | Z1: AAPL | AA1: =SUM(Z2:Z10) -> 873.14945 | AC1: AVR-4 | AD1: AVR-6
A2: TNX | B2: 3.9418 | C2: 4.2668 | D2: 4.2586 | E2: 4.2721 | F2: 4.2773 | G2: 0 | H2: 4.2709 | I2: 4.2709 | J2: 4.272675 | O2: =B1 -> PyCaret | P2: =100-ABS((($H10-B2)/($H10)))*100 -> 93.673954 | Q2: =P2/$Q$1 -> 0.11957703 | R2: =100-ABS((($H11-B3)/($H11)))*100 -> 97.332259 | S2: =R2/$S$1 -> 0.10993892 | T2: =100-ABS((($H12-B4)/($H12)))*100 -> 98.361959 | U2: =T2/$U$1 -> 0.1097867 | V2: =100-ABS((($H13-B5)/($H13)))*100 -> 99.406074 | W2: =V2/$W$1 -> 0.11179071 | X2: =100-ABS((($H14-B6)/($H14)))*100 -> 97.524416 | Y2: =X2/$Y$1 -> 0.11008911 | Z2: =100-ABS((($H15-B7)/($H15)))*100 -> 93.696786 | AA2: =Z2/$AA$1 -> 0.10730899 | AC2: =(R2+T2+V2+X2)/4 -> 98.156177 | AD2: =(P2+R2+T2+V2+X2+Z2)/6 -> 96.665908 | AE2: =IF($AC2=MAX(AC2:AC10),"TOP","") | AG2: max-Q | AK2: https://feargreedmeter.com/fear-and-greed-index
A3: DJI | B3: 48778.908 | C3: 49094.968 | D3: 48940.671 | E3: 49938.347 | F3: 49441.637 | G3: 49589.874 | H3: 49392.043 | I3: 49417.8 | J3: 49096.73 | L3: 2026/02/03 | O3: =C1 -> ARIMAX | P3: =100-ABS((($H10-C2)/($H10)))*100 -> 98.602662 | Q3: =P3/$Q$1 -> 0.12586864 | R3: =100-ABS((($H11-C3)/($H11)))*100 -> 97.962916 | S3: =R3/$S$1 -> 0.11065126 | T3: =100-ABS((($H12-C4)/($H12)))*100 -> 99.625954 | U3: =T3/$U$1 -> 0.11119751 | V3: =100-ABS((($H13-C5)/($H13)))*100 -> 99.445444 | W3: =V3/$W$1 -> 0.11183499 | X3: =100-ABS((($H14-C6)/($H14)))*100 -> 99.448946 | Y3: =X3/$Y$1 -> 0.11226159 | Z3: =100-ABS((($H15-C7)/($H15)))*100 -> 97.284913 | AA3: =Z3/$AA$1 -> 0.1114184 | AC3: =(R3+T3+V3+X3)/4 -> 99.120815 | AD3: =(P3+R3+T3+V3+X3+Z3)/6 -> 98.728473 | AE3: =IF($AC3=MAX(AC2:AC10),"TOP","") | AG3: TNX | AH3: G | AI3: =MAX(P2:P10) -> 98.797529
A4: SPX | B4: 6818.7559 | C4: 6906.38 | D4: 6902.0845 | E4: 6905.4278 | F4: 6957.6785 | G4: 6910.5639 | H4: 6941.5072 | I4: 6945.1772 | J4: 6916.415 | O4: =D1 -> PCE | P4: =100-ABS((($H10-D2)/($H10)))*100 -> 98.797529 | Q4: =P4/$Q$1 -> 0.12611739 | R4: =100-ABS((($H11-D3)/($H11)))*100 -> 97.655037 | S4: =R4/$S$1 -> 0.11030351 | T4: =100-ABS((($H12-D4)/($H12)))*100 -> 99.563991 | U4: =T4/$U$1 -> 0.11112835 | V4: =100-ABS((($H13-D5)/($H13)))*100 -> 97.286839 | W4: =V4/$W$1 -> 0.10940745 | X4: =100-ABS((($H14-D6)/($H14)))*100 -> 99.274239 | Y4: =X4/$Y$1 -> 0.11206438 | Z4: =100-ABS((($H15-D7)/($H15)))*100 -> 97.877139 | AA4: =Z4/$AA$1 -> 0.11209666 | AC4: =(R4+T4+V4+X4)/4 -> 98.445027 | AD4: =(P4+R4+T4+V4+X4+Z4)/6 -> 98.409129 | AE4: =IF($AC4=MAX(AC2:AC10),"TOP","") | AG4: DJI | AH4: R | AI4: =MAX(R2:R10) -> 99.645775
A5: VIX | B5: 17.8856 | C5: 17.6814 | D5: 18.2624 | E5: 17.6213 | F5: 17.7819 | G5: 17.6044 | H5: 17.766 | I5: 17.4777 | J5: 17.201677 | L5: ML | O5: =E1 -> LSTM | P5: =100-ABS((($H10-E2)/($H10)))*100 -> 98.476711 | Q5: =P5/$Q$1 -> 0.12570786 | R5: =100-ABS((($H11-E3)/($H11)))*100 -> 99.645775 | S5: =R5/$S$1 -> 0.11255209 | T5: =100-ABS((($H12-E4)/($H12)))*100 -> 99.612219 | U5: =T5/$U$1 -> 0.11118218 | V5: =100-ABS((($H13-E5)/($H13)))*100 -> 99.107424 | W5: =V5/$W$1 -> 0.11145486 | X5: =100-ABS((($H14-E6)/($H14)))*100 -> 97.544493 | Y5: =X5/$Y$1 -> 0.11011178 | Z5: =100-ABS((($H15-E7)/($H15)))*100 -> 97.892169 | AA5: =Z5/$AA$1 -> 0.11211388 | AC5: =(R5+T5+V5+X5)/4 -> 98.977478 | AD5: =(P5+R5+T5+V5+X5+Z5)/6 -> 98.713132 | AE5: =IF($AC5=MAX(AC2:AC10),"TOP","") | AG5: SPX | AH5: A | AI5: =MAX(T2:T10) -> 99.867328
A6: QQQ | B6: 624.7424 | C6: 613.0095 | D6: 614.0746 | E6: 624.62 | F6: 621.3125 | G6: 621.3125 | H6: 619.0377 | I6: 619.6354 | J6: 615.26154 | O6: =F1 -> GARCH | P6: =100-ABS((($H10-F2)/($H10)))*100 -> 98.353137 | Q6: =P6/$Q$1 -> 0.12555012 | R6: =100-ABS((($H11-F3)/($H11)))*100 -> 98.654652 | S6: =R6/$S$1 -> 0.1114326 | T6: =100-ABS((($H12-F4)/($H12)))*100 -> 99.634054 | U6: =T6/$U$1 -> 0.11120655 | V6: =100-ABS((($H13-F5)/($H13)))*100 -> 99.989314 | W6: =V6/$W$1 -> 0.11244662 | X6: =100-ABS((($H14-F6)/($H14)))*100 -> 98.087017 | Y6: =X6/$Y$1 -> 0.1107242 | Z6: =100-ABS((($H15-F7)/($H15)))*100 -> 97.681217 | AA6: =Z6/$AA$1 -> 0.11187228 | AC6: =(R6+T6+V6+X6)/4 -> 99.091259 | AD6: =(P6+R6+T6+V6+X6+Z6)/6 -> 98.733232 | AE6: =IF($AC6=MAX(AC2:AC10),"TOP","") | AG6: VIX | AH6: E | AI6: =MAX(V2:V10) -> 99.989314
A7: AAPL | B7: 260.5895 | C7: 270.5688 | D7: 272.2159 | E7: 272.2577 | F7: 271.671 | G7: 271.671 | H7: 270.3741 | I7: 270.3741 | J7: 268.68115 | O7: =G1 -> VAR | P7: =100-ABS((($H10-G2)/($H10)))*100 -> 0 | Q7: =P7/$Q$1 -> 0 | R7: =100-ABS((($H11-G3)/($H11)))*100 -> 98.950441 | S7: =R7/$S$1 -> 0.1117667 | T7: =100-ABS((($H12-G4)/($H12)))*100 -> 99.686308 | U7: =T7/$U$1 -> 0.11126487 | V7: =100-ABS((($H13-G5)/($H13)))*100 -> 99.012373 | W7: =V7/$W$1 -> 0.11134796 | X7: =100-ABS((($H14-G6)/($H14)))*100 -> 98.087017 | Y7: =X7/$Y$1 -> 0.1107242 | Z7: =100-ABS((($H15-G7)/($H15)))*100 -> 97.681217 | AA7: =Z7/$AA$1 -> 0.11187228 | AC7: =(R7+T7+V7+X7)/4 -> 98.934035 | AD7: =(P7+R7+T7+V7+X7+Z7)/6 -> 82.236226 | AE7: =IF($AC7=MAX(AC2:AC10),"TOP","") | AG7: QQQ | AH7: A | AI7: =MAX(X2:X10) -> 99.448946
O8: =H1 -> RW | P8: =100-ABS((($H10-H2)/($H10)))*100 -> 98.505228 | Q8: =P8/$Q$1 -> 0.12574427 | R8: =100-ABS((($H11-H3)/($H11)))*100 -> 98.555692 | S8: =R8/$S$1 -> 0.11132082 | T8: =100-ABS((($H12-H4)/($H12)))*100 -> 99.867328 | U8: =T8/$U$1 -> 0.11146692 | V8: =100-ABS((($H13-H5)/($H13)))*100 -> 99.92126 | W8: =V8/$W$1 -> 0.11237008 | X8: =100-ABS((($H14-H6)/($H14)))*100 -> 98.460149 | Y8: =X8/$Y$1 -> 0.1111454 | Z8: =100-ABS((($H15-H7)/($H15)))*100 -> 97.214907 | AA8: =Z8/$AA$1 -> 0.11133822 | AC8: =(R8+T8+V8+X8)/4 -> 99.201107 | AD8: =(P8+R8+T8+V8+X8+Z8)/6 -> 98.754094 | AE8: =IF($AC8=MAX(AC2:AC10),"TOP","") -> TOP | AG8: AAPL | AH8: V | AI8: =MAX(Z2:Z10) -> 97.892169
B9: Close YF | C9: Oraclum | D9: ML | F9: LLM | H9: +3-day | L9: =IF(M9<25,L11,IF(M9<45,L12,IF(M9<55,L13,IF(M9<75,L14,L15)))) -> Fear | M9: 41 | O9: =I1 -> ETS | P9: =100-ABS((($H10-I2)/($H10)))*100 -> 98.505228 | Q9: =P9/$Q$1 -> 0.12574427 | R9: =100-ABS((($H11-I3)/($H11)))*100 -> 98.607087 | S9: =R9/$S$1 -> 0.11137887 | T9: =100-ABS((($H12-I4)/($H12)))*100 -> 99.814388 | U9: =T9/$U$1 -> 0.11140783 | V9: =100-ABS((($H13-I5)/($H13)))*100 -> 98.299775 | W9: =V9/$W$1 -> 0.11054659 | X9: =100-ABS((($H14-I6)/($H14)))*100 -> 98.362109 | Y9: =X9/$Y$1 -> 0.11103473 | Z9: =100-ABS((($H15-I7)/($H15)))*100 -> 97.214907 | AA9: =Z9/$AA$1 -> 0.11133822 | AC9: =(R9+T9+V9+X9)/4 -> 98.77084 | AD9: =(P9+R9+T9+V9+X9+Z9)/6 -> 98.467249 | AE9: =IF($AC9=MAX(AC2:AC10),"TOP","")
A10: TNX | B10: 4.274 | C10: 4.281 | D10: =(B2*Q26)+(C2*Q27)+(D2*Q28)+(E2*Q29)+(F2*Q30)+(G2*Q31)+(H2*Q32)+(I2*Q33)+(J2*Q34) -> 4.2324418 | E10: =D10/$H$10 -> 1.0058084 | F10: 4.2650888 | G10: =F10/$H$10 -> 1.0135667 | H10: 4.208 | O10: =J1 -> DynaMix | P10: =100-ABS((($H10-J2)/($H10)))*100 -> 98.463047 | Q10: =P10/$Q$1 -> 0.12569042 | R10: =100-ABS((($H11-J3)/($H11)))*100 -> 97.966433 | S10: =R10/$S$1 -> 0.11065524 | T10: =100-ABS((($H12-J4)/($H12)))*100 -> 99.770712 | U10: =T10/$U$1 -> 0.11135908 | V10: =100-ABS((($H13-J5)/($H13)))*100 -> 96.74734 | W10: =V10/$W$1 -> 0.10880074 | X10: =100-ABS((($H14-J6)/($H14)))*100 -> 99.079548 | Y10: =X10/$Y$1 -> 0.1118446 | Z10: =100-ABS((($H15-J7)/($H15)))*100 -> 96.606196 | AA10: =Z10/$AA$1 -> 0.11064108 | AC10: =(R10+T10+V10+X10)/4 -> 98.391008 | AD10: =(P10+R10+T10+V10+X10+Z10)/6 -> 98.105546 | AE10: =IF($AC10=MAX(AC2:AC10),"TOP","") | AG10: max-Q AVR-4 | AI10: =AVERAGE(AI4:AI7) -> 99.737841
A11: DJI | B11: 49240.99 | C11: 49406.65 | D11: =(B3*S26)+(C3*S27)+(D3*S28)+(E3*S29)+(F3*S30)+(G3*S31)+(H3*S32)+(I3*S33)+(J3*S34) -> 49308.622 | E11: =D11/$H$11 -> 0.98389236 | F11: 49268.743 | G11: =F11/$H$11 -> 0.98309663 | H11: 50115.87 | J11: Scale | K11: 0 | L11: Extreme Fear | O11: AVR : | P11: =SUM(P2:P10)/8 -> 97.922187 | R11: =AVERAGE(R2:R10) -> 98.370032 | T11: =AVERAGE(T2:T10) -> 99.548546 | V11: =AVERAGE(V2:V10) -> 98.80176 | X11: =AVERAGE(X2:X10) -> 98.429771 | Z11: =AVERAGE(Z2:Z10) -> 97.016606 | AG11: max AVR-6 | AI11: =AVERAGE(AI3:AI8) -> 99.27351
A12: SPX | B12: 6917.81 | C12: 6917.79 | D12: =(B4*U26)+(C4*U27)+(D4*U28)+(E4*U29)+(F4*U30)+(G4*U31)+(H4*U32)+(I4*U33)+(J4*U34) -> 6912.2371 | E12: =D12/$H$12 -> 0.99710444 | F12: 6915.244 | G12: =F12/$H$12 -> 0.9975382 | H12: 6932.31 | K12: 25 | L12: Fear
A13: VIX | B13: 17.94 | C13: 16.34 | D13: =(B5*W26)+(C5*W27)+(D5*W28)+(E5*W29)+(F5*W30)+(G5*W31)+(H5*W32)+(I5*W33)+(J5*W34) -> 17.7133 | E13: =D13/$H$13 -> 0.99624861 | F13: 17.864075 | G13: =F13/$H$13 -> 1.0047286 | H13: 17.78 | K13: 45 | L13: Neutral | O13: Update | P13: TNX | Q13: =SUM(P14:P22) -> 505 | R13: DJI | S13: =SUM(R14:R22) -> 610 | T13: SPX | U13: =SUM(T14:T22) -> 800 | V13: VIX | W13: =SUM(V14:V22) -> 675 | X13: QQQ | Y13: =SUM(X14:X22) -> 615 | Z13: AAPL | AA13: =SUM(Z14:Z22) -> 500 | AC13: Value | AD13: Assign
A14: QQQ | B14: 616.52 | C14: 616.46 | D14: =(B6*Y26)+(C6*Y27)+(D6*Y28)+(E6*Y29)+(F6*Y30)+(G6*Y31)+(H6*Y32)+(I6*Y33)+(J6*Y34) -> 619.29484 | E14: =D14/$H$14 -> 1.0158203 | F14: 617.58866 | G14: =F14/$H$14 -> 1.0130217 | H14: 609.65 | K14: 55 | L14: Greed | O14: =O2 -> PyCaret | P14: =IF(P2=0,0, LOOKUP(P2-0.000000000001,$AC$14:$AC$30,$AD$14:$AD$30)) -> 30 | Q14: =P14/$Q$13 -> 0.059405941 | R14: =IF(R2=0,0, LOOKUP(R2-0.000000000001,$AC$14:$AC$30,$AD$14:$AD$30)) -> 60 | S14: =R14/$S$13 -> 0.098360656 | T14: =IF(T2=0,0, LOOKUP(T2-0.000000000001,$AC$14:$AC$30,$AD$14:$AD$30)) -> 65 | U14: =T14/$U$13 -> 0.08125 | V14: =IF(V2=0,0, LOOKUP(V2-0.000000000001,$AC$14:$AC$30,$AD$14:$AD$30)) -> 80 | W14: =V14/$W$13 -> 0.11851852 | X14: =IF(X2=0,0, LOOKUP(X2-0.000000000001,$AC$14:$AC$30,$AD$14:$AD$30)) -> 60 | Y14: =X14/$Y$13 -> 0.097560976 | Z14: =IF(Z2=0,0, LOOKUP(Z2-0.000000000001,$AC$14:$AC$30,$AD$14:$AD$30)) -> 30 | AA14: =Z14/$AA$13 -> 0.06 | AC14: 1 | AD14: 0.1
A15: AAPL | B15: 269.48 | C15: 269.46 | D15: =(B7*AA25)+(C7*AA26)+(D7*AA27)+(E7*AA28)+(F7*AA29)+(G7*AA30)+(H7*AA31)+(I7*AA32)+(J7*AA33) -> 269.80534 | E15: =D15/$H$15 -> 0.97010404 | F15: 270.80475 | G15: =F15/$H$15 -> 0.97369752 | H15: 278.12 | K15: 75 | L15: Extreme Greed | O15: =O3 -> ARIMAX | P15: =IF(P3=0,0, LOOKUP(P3-0.000000000001,$AC$14:$AC$30,$AD$14:$AD$30)) -> 70 | Q15: =P15/$Q$13 -> 0.13861386 | R15: =IF(R3=0,0, LOOKUP(R3-0.000000000001,$AC$14:$AC$30,$AD$14:$AD$30)) -> 60 | S15: =R15/$S$13 -> 0.098360656 | T15: =IF(T3=0,0, LOOKUP(T3-0.000000000001,$AC$14:$AC$30,$AD$14:$AD$30)) -> 90 | U15: =T15/$U$13 -> 0.1125 | V15: =IF(V3=0,0, LOOKUP(V3-0.000000000001,$AC$14:$AC$30,$AD$14:$AD$30)) -> 80 | W15: =V15/$W$13 -> 0.11851852 | X15: =IF(X3=0,0, LOOKUP(X3-0.000000000001,$AC$14:$AC$30,$AD$14:$AD$30)) -> 80 | Y15: =X15/$Y$13 -> 0.1300813 | Z15: =IF(Z3=0,0, LOOKUP(Z3-0.000000000001,$AC$14:$AC$30,$AD$14:$AD$30)) -> 60 | AA15: =Z15/$AA$13 -> 0.12 | AC15: 80 | AD15: 1
O16: =O4 -> PCE | P16: =IF(P4=0,0, LOOKUP(P4-0.000000000001,$AC$14:$AC$30,$AD$14:$AD$30)) -> 70 | Q16: =P16/$Q$13 -> 0.13861386 | R16: =IF(R4=0,0, LOOKUP(R4-0.000000000001,$AC$14:$AC$30,$AD$14:$AD$30)) -> 60 | S16: =R16/$S$13 -> 0.098360656 | T16: =IF(T4=0,0, LOOKUP(T4-0.000000000001,$AC$14:$AC$30,$AD$14:$AD$30)) -> 90 | U16: =T16/$U$13 -> 0.1125 | V16: =IF(V4=0,0, LOOKUP(V4-0.000000000001,$AC$14:$AC$30,$AD$14:$AD$30)) -> 60 | W16: =V16/$W$13 -> 0.088888889 | X16: =IF(X4=0,0, LOOKUP(X4-0.000000000001,$AC$14:$AC$30,$AD$14:$AD$30)) -> 80 | Y16: =X16/$Y$13 -> 0.1300813 | Z16: =IF(Z4=0,0, LOOKUP(Z4-0.000000000001,$AC$14:$AC$30,$AD$14:$AD$30)) -> 60 | AA16: =Z16/$AA$13 -> 0.12 | AC16: 82.5 | AD16: 2
A17: =F9 -> LLM | B17: RD | D17: 85220 | F17: MICH | O17: =O5 -> LSTM | P17: =IF(P5=0,0, LOOKUP(P5-0.000000000001,$AC$14:$AC$30,$AD$14:$AD$30)) -> 65 | Q17: =P17/$Q$13 -> 0.12871287 | R17: =IF(R5=0,0, LOOKUP(R5-0.000000000001,$AC$14:$AC$30,$AD$14:$AD$30)) -> 90 | S17: =R17/$S$13 -> 0.14754098 | T17: =IF(T5=0,0, LOOKUP(T5-0.000000000001,$AC$14:$AC$30,$AD$14:$AD$30)) -> 90 | U17: =T17/$U$13 -> 0.1125 | V17: =IF(V5=0,0, LOOKUP(V5-0.000000000001,$AC$14:$AC$30,$AD$14:$AD$30)) -> 75 | W17: =V17/$W$13 -> 0.11111111 | X17: =IF(X5=0,0, LOOKUP(X5-0.000000000001,$AC$14:$AC$30,$AD$14:$AD$30)) -> 60 | Y17: =X17/$Y$13 -> 0.097560976 | Z17: =IF(Z5=0,0, LOOKUP(Z5-0.000000000001,$AC$14:$AC$30,$AD$14:$AD$30)) -> 60 | AA17: =Z17/$AA$13 -> 0.12 | AC17: 85 | AD17: 5
A18: TNX | B18: 4.23 | C18: =B18/$H$10 -> 1.0052281 | D18: 4.23 | E18: =D18/$H$10 -> 1.0052281 | F18: 4.24 | G18: =F18/$H$10 -> 1.0076046 | O18: =O6 -> GARCH | P18: =IF(P6=0,0, LOOKUP(P6-0.000000000001,$AC$14:$AC$30,$AD$14:$AD$30)) -> 65 | Q18: =P18/$Q$13 -> 0.12871287 | R18: =IF(R6=0,0, LOOKUP(R6-0.000000000001,$AC$14:$AC$30,$AD$14:$AD$30)) -> 70 | S18: =R18/$S$13 -> 0.1147541 | T18: =IF(T6=0,0, LOOKUP(T6-0.000000000001,$AC$14:$AC$30,$AD$14:$AD$30)) -> 90 | U18: =T18/$U$13 -> 0.1125 | V18: =IF(V6=0,0, LOOKUP(V6-0.000000000001,$AC$14:$AC$30,$AD$14:$AD$30)) -> 95 | W18: =V18/$W$13 -> 0.14074074 | X18: =IF(X6=0,0, LOOKUP(X6-0.000000000001,$AC$14:$AC$30,$AD$14:$AD$30)) -> 65 | Y18: =X18/$Y$13 -> 0.10569106 | Z18: =IF(Z6=0,0, LOOKUP(Z6-0.000000000001,$AC$14:$AC$30,$AD$14:$AD$30)) -> 60 | AA18: =Z18/$AA$13 -> 0.12 | AC18: 87.5 | AD18: 10
A19: DJI | B19: 49305 | C19: =B19/$H$11 -> 0.9838201 | D19: 49341 | E19: =D19/$H$11 -> 0.98453843 | F19: 49272 | G19: =F19/$H$11 -> 0.98316162 | O19: =O7 -> VAR | P19: =IF(P7=0,0, LOOKUP(P7-0.000000000001,$AC$14:$AC$30,$AD$14:$AD$30)) -> 0 | Q19: =P19/$Q$13 -> 0 | R19: =IF(R7=0,0, LOOKUP(R7-0.000000000001,$AC$14:$AC$30,$AD$14:$AD$30)) -> 70 | S19: =R19/$S$13 -> 0.1147541 | T19: =IF(T7=0,0, LOOKUP(T7-0.000000000001,$AC$14:$AC$30,$AD$14:$AD$30)) -> 90 | U19: =T19/$U$13 -> 0.1125 | V19: =IF(V7=0,0, LOOKUP(V7-0.000000000001,$AC$14:$AC$30,$AD$14:$AD$30)) -> 75 | W19: =V19/$W$13 -> 0.11111111 | X19: =IF(X7=0,0, LOOKUP(X7-0.000000000001,$AC$14:$AC$30,$AD$14:$AD$30)) -> 65 | Y19: =X19/$Y$13 -> 0.10569106 | Z19: =IF(Z7=0,0, LOOKUP(Z7-0.000000000001,$AC$14:$AC$30,$AD$14:$AD$30)) -> 60 | AA19: =Z19/$AA$13 -> 0.12 | AC19: 90 | AD19: 20
A20: SPX | B20: 7000 | C20: =B20/$H$12 -> 1.0097644 | D20: 7005 | E20: =D20/$H$12 -> 1.0104857 | F20: 6995 | G20: =F20/$H$12 -> 1.0090432 | O20: =O8 -> RW | P20: =IF(P8=0,0, LOOKUP(P8-0.000000000001,$AC$14:$AC$30,$AD$14:$AD$30)) -> 70 | Q20: =P20/$Q$13 -> 0.13861386 | R20: =IF(R8=0,0, LOOKUP(R8-0.000000000001,$AC$14:$AC$30,$AD$14:$AD$30)) -> 70 | S20: =R20/$S$13 -> 0.1147541 | T20: =IF(T8=0,0, LOOKUP(T8-0.000000000001,$AC$14:$AC$30,$AD$14:$AD$30)) -> 95 | U20: =T20/$U$13 -> 0.11875 | V20: =IF(V8=0,0, LOOKUP(V8-0.000000000001,$AC$14:$AC$30,$AD$14:$AD$30)) -> 95 | W20: =V20/$W$13 -> 0.14074074 | X20: =IF(X8=0,0, LOOKUP(X8-0.000000000001,$AC$14:$AC$30,$AD$14:$AD$30)) -> 65 | Y20: =X20/$Y$13 -> 0.10569106 | Z20: =IF(Z8=0,0, LOOKUP(Z8-0.000000000001,$AC$14:$AC$30,$AD$14:$AD$30)) -> 60 | AA20: =Z20/$AA$13 -> 0.12 | AC20: 92.5 | AD20: 30
A21: VIX | B21: 15.5 | C21: =B21/$H$13 -> 0.87176603 | D21: 15.9 | E21: =D21/$H$13 -> 0.89426322 | F21: 16.52 | G21: =F21/$H$13 -> 0.92913386 | O21: =O9 -> ETS | P21: =IF(P9=0,0, LOOKUP(P9-0.000000000001,$AC$14:$AC$30,$AD$14:$AD$30)) -> 70 | Q21: =P21/$Q$13 -> 0.13861386 | R21: =IF(R9=0,0, LOOKUP(R9-0.000000000001,$AC$14:$AC$30,$AD$14:$AD$30)) -> 70 | S21: =R21/$S$13 -> 0.1147541 | T21: =IF(T9=0,0, LOOKUP(T9-0.000000000001,$AC$14:$AC$30,$AD$14:$AD$30)) -> 95 | U21: =T21/$U$13 -> 0.11875 | V21: =IF(V9=0,0, LOOKUP(V9-0.000000000001,$AC$14:$AC$30,$AD$14:$AD$30)) -> 65 | W21: =V21/$W$13 -> 0.096296296 | X21: =IF(X9=0,0, LOOKUP(X9-0.000000000001,$AC$14:$AC$30,$AD$14:$AD$30)) -> 65 | Y21: =X21/$Y$13 -> 0.10569106 | Z21: =IF(Z9=0,0, LOOKUP(Z9-0.000000000001,$AC$14:$AC$30,$AD$14:$AD$30)) -> 60 | AA21: =Z21/$AA$13 -> 0.12 | AC21: 95 | AD21: 40
A22: QQQ | B22: 635.3 | C22: =B22/$H$14 -> 1.0420733 | D22: 637.5 | E22: =D22/$H$14 -> 1.0456819 | F22: 635.2 | G22: =F22/$H$14 -> 1.0419093 | O22: =O10 -> DynaMix | P22: =IF(P10=0,0, LOOKUP(P10-0.000000000001,$AC$14:$AC$30,$AD$14:$AD$30)) -> 65 | Q22: =P22/$Q$13 -> 0.12871287 | R22: =IF(R10=0,0, LOOKUP(R10-0.000000000001,$AC$14:$AC$30,$AD$14:$AD$30)) -> 60 | S22: =R22/$S$13 -> 0.098360656 | T22: =IF(T10=0,0, LOOKUP(T10-0.000000000001,$AC$14:$AC$30,$AD$14:$AD$30)) -> 95 | U22: =T22/$U$13 -> 0.11875 | V22: =IF(V10=0,0, LOOKUP(V10-0.000000000001,$AC$14:$AC$30,$AD$14:$AD$30)) -> 50 | W22: =V22/$W$13 -> 0.074074074 | X22: =IF(X10=0,0, LOOKUP(X10-0.000000000001,$AC$14:$AC$30,$AD$14:$AD$30)) -> 75 | Y22: =X22/$Y$13 -> 0.12195122 | Z22: =IF(Z10=0,0, LOOKUP(Z10-0.000000000001,$AC$14:$AC$30,$AD$14:$AD$30)) -> 50 | AA22: =Z22/$AA$13 -> 0.1 | AC22: 96 | AD22: 50
A23: AAPL | B23: 261 | C23: =B23/$H$15 -> 0.93844384 | D23: 261.3 | E23: =D23/$H$15 -> 0.93952251 | F23: 259.4 | G23: =F23/$H$15 -> 0.93269092 | O23: AVR : | P23: =AVERAGE(P14:P22) -> 56.111111 | R23: =AVERAGE(R14:R22) -> 67.777778 | T23: =AVERAGE(T14:T22) -> 88.888889 | V23: =AVERAGE(V14:V22) -> 75 | X23: =AVERAGE(X14:X22) -> 68.333333 | Z23: =AVERAGE(Z14:Z22) -> 55.555556 | AC23: 97 | AD23: 60
AA24: =SUM(Z26:Z34) -> 591.25 | AC24: 98 | AD24: 65
A25: =AC1 -> AVR-4 | B25: {=SUM(C19:C22/4)} -> 0.97685597 | D25: {=SUM(E19:E22/4)} -> 0.98374232 | F25: {=SUM(G19:G22/4)} -> 0.99081198 | O25: History | P25: TNX | Q25: =SUM(P26:P34) -> 613.75 | R25: DJI | S25: =SUM(R26:R34) -> 747.5 | T25: SPX | U25: =SUM(T26:T34) -> 743.75 | V25: VIX | W25: =SUM(V26:V34) -> 242.925 | X25: QQQ | Y25: =SUM(X26:X34) -> 643.775 | Z25: AAPL | AA25: =Z26/$AA$24 -> 0.11839323 | AC25: 98.5 | AD25: 70
A26: =AD1 -> AVR-6 | B26: {=SUM(C18:C23/6)} -> 0.97518264 | D26: {=SUM(E18:E23/6)} -> 0.97995332 | F26: {=SUM(G18:G23/6)} -> 0.9839239 | O26: =O2 -> PyCaret | P26: 70 | Q26: =P26/$Q$25 -> 0.11405295 | R26: 63.75 | S26: =R26/$S$25 -> 0.085284281 | T26: 78.75 | U26: =T26/$U$25 -> 0.10588235 | V26: 31.3 | W26: =V26/$W$25 -> 0.12884635 | X26: 76.25 | Y26: =X26/$Y$25 -> 0.118442 | Z26: 70 | AA26: =Z27/$AA$24 -> 0.12684989 | AC26: 99 | AD26: 75
O27: =O3 -> ARIMAX | P27: 78.75 | Q27: =P27/$Q$25 -> 0.12830957 | R27: 85 | S27: =R27/$S$25 -> 0.11371237 | T27: 81.25 | U27: =T27/$U$25 -> 0.1092437 | V27: 22.525 | W27: =V27/$W$25 -> 0.092724092 | X27: 73.75 | Y27: =X27/$Y$25 -> 0.11455866 | Z27: 75 | AA27: =Z28/$AA$24 -> 0.13530655 | AC27: 99.25 | AD27: 80
O28: =O4 -> PCE | P28: 78.75 | Q28: =P28/$Q$25 -> 0.12830957 | R28: 90 | S28: =R28/$S$25 -> 0.12040134 | T28: 82.5 | U28: =T28/$U$25 -> 0.11092437 | V28: 34 | W28: =V28/$W$25 -> 0.13996089 | X28: 75 | Y28: =X28/$Y$25 -> 0.11650033 | Z28: 80 | AA28: =Z29/$AA$24 -> 0.093023256 | AC28: 99.5 | AD28: 90
O29: =O5 -> LSTM | P29: 73.75 | Q29: =P29/$Q$25 -> 0.12016293 | R29: 82.5 | S29: =R29/$S$25 -> 0.11036789 | T29: 87.5 | U29: =T29/$U$25 -> 0.11764706 | V29: 28.75 | W29: =V29/$W$25 -> 0.11834928 | X29: 72.5 | Y29: =X29/$Y$25 -> 0.11261699 | Z29: 55 | AA29: =Z30/$AA$24 -> 0.10993658 | AC29: 99.75 | AD29: 95
O30: =O6 -> GARCH | P30: 80 | Q30: =P30/$Q$25 -> 0.13034623 | R30: 85 | S30: =R30/$S$25 -> 0.11371237 | T30: 85 | U30: =T30/$U$25 -> 0.11428571 | V30: 25 | W30: =V30/$W$25 -> 0.10291242 | X30: 81.25 | Y30: =X30/$Y$25 -> 0.12620869 | Z30: 65 | AA30: =Z31/$AA$24 -> 0.12262156 | AC30: 99.99 | AD30: 100
O31: =O7 -> VAR | P31: 0 | Q31: =P31/$Q$25 -> 0 | R31: 83.75 | S31: =R31/$S$25 -> 0.11204013 | T31: 81.25 | U31: =T31/$U$25 -> 0.1092437 | V31: 20.025 | W31: =V31/$W$25 -> 0.08243285 | X31: 72.5 | Y31: =X31/$Y$25 -> 0.11261699 | Z31: 72.5 | AA31: =Z32/$AA$24 -> 0.099365751
O32: =O8 -> RW | P32: 81.25 | Q32: =P32/$Q$25 -> 0.13238289 | R32: 85 | S32: =R32/$S$25 -> 0.11371237 | T32: 83.75 | U32: =T32/$U$25 -> 0.11260504 | V32: 25.025 | W32: =V32/$W$25 -> 0.10301533 | X32: 72.5 | Y32: =X32/$Y$25 -> 0.11261699 | Z32: 58.75 | AA32: =Z33/$AA$24 -> 0.099365751
O33: =O9 -> ETS | P33: 81.25 | Q33: =P33/$Q$25 -> 0.13238289 | R33: 86.25 | S33: =R33/$S$25 -> 0.11538462 | T33: 83.75 | U33: =T33/$U$25 -> 0.11260504 | V33: 26.275 | W33: =V33/$W$25 -> 0.10816096 | X33: 56.275 | Y33: =X33/$Y$25 -> 0.087414081 | Z33: 58.75 | AA33: =Z34/$AA$24 -> 0.095137421
O34: =O22 -> DynaMix | P34: 70 | Q34: =P34/$Q$25 -> 0.11405295 | R34: 86.25 | S34: =R34/$S$25 -> 0.11538462 | T34: 80 | U34: =T34/$U$25 -> 0.10756303 | V34: 30.025 | W34: =V34/$W$25 -> 0.12359782 | X34: 63.75 | Y34: =X34/$Y$25 -> 0.099025281 | Z34: 56.25
O35: AVR : | P35: =AVERAGE(P26:P34) -> 68.194444 | R35: =AVERAGE(R26:R34) -> 83.055556 | T35: =AVERAGE(T26:T34) -> 82.638889 | V35: =AVERAGE(V26:V34) -> 26.991667 | X35: =AVERAGE(X26:X34) -> 71.530556 | Z35: =AVERAGE(Z26:Z34) -> 65.694444

Sheet 26-1-03
A1: model | B1: PyCaret | C1: ARIMAX | D1: PCE | E1: LSTM | F1: GARCH | G1: VAR | H1: RW | I1: ETS | J1: DynaMix | L1: 26-Q1-03 | O1: Accuracy | P1: TNX | Q1: =SUM(P2:P10) -> 794.45313 | R1: DJI | S1: =SUM(R2:R10) -> 892.90765 | T1: SPX | U1: =SUM(T2:T10) -> 892.78731 | V1: VIX | W1: =SUM(V2:V10) -> 852.38991 | X1: QQQ | Y1: =SUM(X2:X10) -> 881.99016 | Z1: AAPL | AA1: =SUM(Z2:Z10) -> 894.44543 | AC1: AVR-4 | AD1: AVR-6
A2: TNX | B2: 4.2954 | C2: 4.1973 | D2: 4.206 | E2: 4.2662 | F2: 4.2248 | G2: 0 | H2: 4.2191 | I2: 4.2189 | J2: 4.216368 | O2: =B1 -> PyCaret | P2: =100-ABS((($H10-B2)/($H10)))*100 -> 98.669498 | Q2: =P2/$Q$1 -> 0.12419801 | R2: =100-ABS((($H11-B3)/($H11)))*100 -> 98.41511 | S2: =R2/$S$1 -> 0.11021869 | T2: =100-ABS((($H12-B4)/($H12)))*100 -> 99.30236 | U2: =T2/$U$1 -> 0.11122734 | V2: =100-ABS((($H13-B5)/($H13)))*100 -> 99.056766 | W2: =V2/$W$1 -> 0.11621063 | X2: =100-ABS((($H14-B6)/($H14)))*100 -> 99.072652 | Y2: =X2/$Y$1 -> 0.11232852 | Z2: =100-ABS((($H15-B7)/($H15)))*100 -> 99.96254 | AA2: =Z2/$AA$1 -> 0.11175924 | AC2: =(R2+T2+V2+X2)/4 -> 98.961722 | AD2: =(P2+R2+T2+V2+X2+Z2)/6 -> 99.079821 | AE2: =IF($AC2=MAX(AC2:AC10),"TOP","") | AG2: max-Q
A3: DJI | B3: 48117.578 | C3: 49413.033 | D3: 48894.522 | E3: 49663.544 | F3: 49204.156 | G3: 49245.882 | H3: 49154.663 | I3: 49225.084 | J3: 49031.609 | L3: 2026/01/27 | O3: =C1 -> ARIMAX | P3: =100-ABS((($H10-C2)/($H10)))*100 -> 99.016277 | Q3: =P3/$Q$1 -> 0.12463451 | R3: =100-ABS((($H11-C3)/($H11)))*100 -> 98.935291 | S3: =R3/$S$1 -> 0.11080126 | T3: =100-ABS((($H12-C4)/($H12)))*100 -> 98.488761 | U3: =T3/$U$1 -> 0.11031604 | V3: =100-ABS((($H13-C5)/($H13)))*100 -> 93.53039 | W3: =V3/$W$1 -> 0.10972724 | X3: =100-ABS((($H14-C6)/($H14)))*100 -> 98.105472 | Y3: =X3/$Y$1 -> 0.11123194 | Z3: =100-ABS((($H15-C7)/($H15)))*100 -> 98.646485 | AA3: =Z3/$AA$1 -> 0.11028787 | AC3: =(R3+T3+V3+X3)/4 -> 97.264978 | AD3: =(P3+R3+T3+V3+X3+Z3)/6 -> 97.787113 | AE3: =IF($AC3=MAX(AC2:AC10),"TOP","") | AG3: TNX | AH3: G | AI3: =MAX(P2:P10) -> 99.665015
A4: SPX | B4: 6987.4294 | C4: 7043.8852 | D4: 6954.8641 | E4: 6956.4613 | F4: 6990.3749 | G4: 6988.8033 | H4: 7003.7866 | I4: 7002.8074 | J4: 7023.2578 | O4: =D1 -> PCE | P4: =100-ABS((($H10-D2)/($H10)))*100 -> 99.221515 | Q4: =P4/$Q$1 -> 0.12489285 | R4: =100-ABS((($H11-D3)/($H11)))*100 -> 99.995802 | S4: =R4/$S$1 -> 0.11198896 | T4: =100-ABS((($H12-D4)/($H12)))*100 -> 99.771667 | U4: =T4/$U$1 -> 0.11175301 | V4: =100-ABS((($H13-D5)/($H13)))*100 -> 98.443234 | W4: =V4/$W$1 -> 0.11549085 | X4: =100-ABS((($H14-D6)/($H14)))*100 -> 99.03036 | Y4: =X4/$Y$1 -> 0.11228057 | Z4: =100-ABS((($H15-D7)/($H15)))*100 -> 99.934138 | AA4: =Z4/$AA$1 -> 0.11172748 | AC4: =(R4+T4+V4+X4)/4 -> 99.310266 | AD4: =(P4+R4+T4+V4+X4+Z4)/6 -> 99.399452 | AE4: =IF($AC4=MAX(AC2:AC10),"TOP","") -> TOP | AG4: DJI | AH4: R | AI4: =MAX(R2:R10) -> 99.995802
A5: VIX | B5: 17.2755 | C5: 16.3117 | D5: 17.1685 | E5: 16.4768 | F5: 16.3427 | G5: 16.6008 | H5: 16.1485 | I5: 16.0869 | J5: 16.2454 | L5: ML | O5: =E1 -> LSTM | P5: =100-ABS((($H10-E2)/($H10)))*100 -> 99.358339 | Q5: =P5/$Q$1 -> 0.12506507 | R5: =100-ABS((($H11-E3)/($H11)))*100 -> 98.422918 | S5: =R5/$S$1 -> 0.11022743 | T5: =100-ABS((($H12-E4)/($H12)))*100 -> 99.748649 | U5: =T5/$U$1 -> 0.11172723 | V5: =100-ABS((($H13-E5)/($H13)))*100 -> 94.477064 | W5: =V5/$W$1 -> 0.11083785 | X5: =100-ABS((($H14-E6)/($H14)))*100 -> 97.260521 | Y5: =X5/$Y$1 -> 0.11027393 | Z5: =100-ABS((($H15-E7)/($H15)))*100 -> 97.281216 | AA5: =Z5/$AA$1 -> 0.10876149 | AC5: =(R5+T5+V5+X5)/4 -> 97.477288 | AD5: =(P5+R5+T5+V5+X5+Z5)/6 -> 97.758118 | AE5: =IF($AC5=MAX(AC2:AC10),"TOP","") | AG5: SPX | AH5: A | AI5: =MAX(T2:T10) -> 99.771667
A6: QQQ | B6: 616.1031 | C6: 633.6515 | D6: 627.8999 | E6: 638.906 | F6: 633.5322 | G6: 634.0954 | H6: 633.9298 | I6: 633.6456 | J6: 645.5305 | O6: =F1 -> GARCH | P6: =100-ABS((($H10-F2)/($H10)))*100 -> 99.665015 | Q6: =P6/$Q$1 -> 0.1254511 | R6: =100-ABS((($H11-F3)/($H11)))*100 -> 99.362507 | S6: =R6/$S$1 -> 0.11127971 | T6: =100-ABS((($H12-F4)/($H12)))*100 -> 99.259911 | U6: =T6/$U$1 -> 0.1111798 | V6: =100-ABS((($H13-F5)/($H13)))*100 -> 93.708142 | W6: =V6/$W$1 -> 0.10993577 | X6: =100-ABS((($H14-F6)/($H14)))*100 -> 98.124656 | Y6: =X6/$Y$1 -> 0.11125369 | Z6: =100-ABS((($H15-F7)/($H15)))*100 -> 99.75447 | AA6: =Z6/$AA$1 -> 0.11152661 | AC6: =(R6+T6+V6+X6)/4 -> 97.613804 | AD6: =(P6+R6+T6+V6+X6+Z6)/6 -> 98.31245 | AE6: =IF($AC6=MAX(AC2:AC10),"TOP","") | AG6: VIX | AH6: E | AI6: =MAX(V2:V10) -> 99.056766
A7: AAPL | B7: 259.3828 | C7: 262.9921 | D7: 259.3091 | E7: 266.5347 | F7: 260.1171 | G7: 260.875 | H7: 259.016 | I7: 259.016 | J7: 258.862 | O7: =G1 -> VAR | P7: =100-ABS((($H10-G2)/($H10)))*100 -> 0 | Q7: =P7/$Q$1 -> 0 | R7: =100-ABS((($H11-G3)/($H11)))*100 -> 99.277166 | S7: =R7/$S$1 -> 0.11118414 | T7: =100-ABS((($H12-G4)/($H12)))*100 -> 99.28256 | U7: =T7/$U$1 -> 0.11120516 | V7: =100-ABS((($H13-G5)/($H13)))*100 -> 95.188073 | W7: =V7/$W$1 -> 0.11167199 | X7: =100-ABS((($H14-G6)/($H14)))*100 -> 98.034091 | Y7: =X7/$Y$1 -> 0.111151 | Z7: =100-ABS((($H15-G7)/($H15)))*100 -> 99.462386 | AA7: =Z7/$AA$1 -> 0.11120006 | AC7: =(R7+T7+V7+X7)/4 -> 97.945472 | AD7: =(P7+R7+T7+V7+X7+Z7)/6 -> 81.874046 | AE7: =IF($AC7=MAX(AC2:AC10),"TOP","") | AG7: QQQ | AH7: A | AI7: =MAX(X2:X10) -> 99.072652
O8: =H1 -> RW | P8: =100-ABS((($H10-H2)/($H10)))*100 -> 99.53055 | Q8: =P8/$Q$1 -> 0.12528184 | R8: =100-ABS((($H11-H3)/($H11)))*100 -> 99.463735 | S8: =R8/$S$1 -> 0.11139308 | T8: =100-ABS((($H12-H4)/($H12)))*100 -> 99.066632 | U8: =T8/$U$1 -> 0.11096331 | V8: =100-ABS((($H13-H5)/($H13)))*100 -> 92.59461 | W8: =V8/$W$1 -> 0.10862941 | X8: =100-ABS((($H14-H6)/($H14)))*100 -> 98.06072 | Y8: =X8/$Y$1 -> 0.1111812 | Z8: =100-ABS((($H15-H7)/($H15)))*100 -> 99.821181 | AA8: =Z8/$AA$1 -> 0.1116012 | AC8: =(R8+T8+V8+X8)/4 -> 97.296424 | AD8: =(P8+R8+T8+V8+X8+Z8)/6 -> 98.089571 | AE8: =IF($AC8=MAX(AC2:AC10),"TOP","") | AG8: AAPL | AH8: V | AI8: =MAX(Z2:Z10) -> 99.96254
B9: Close YF | C9: Oraclum | D9: ML | F9: LLM | H9: +3-day | L9: =IF(M9<25,L11,IF(M9<45,L12,IF(M9<55,L13,IF(M9<75,L14,L15)))) -> Greed | M9: 64 | O9: =I1 -> ETS | P9: =100-ABS((($H10-I2)/($H10)))*100 -> 99.525832 | Q9: =P9/$Q$1 -> 0.1252759 | R9: =100-ABS((($H11-I3)/($H11)))*100 -> 99.319703 | S9: =R9/$S$1 -> 0.11123178 | T9: =100-ABS((($H12-I4)/($H12)))*100 -> 99.080743 | U9: =T9/$U$1 -> 0.11097911 | V9: =100-ABS((($H13-I5)/($H13)))*100 -> 92.241399 | W9: =V9/$W$1 -> 0.10821503 | X9: =100-ABS((($H14-I6)/($H14)))*100 -> 98.106421 | Y9: =X9/$Y$1 -> 0.11123301 | Z9: =100-ABS((($H15-I7)/($H15)))*100 -> 99.821181 | AA9: =Z9/$AA$1 -> 0.1116012 | AC9: =(R9+T9+V9+X9)/4 -> 97.187067 | AD9: =(P9+R9+T9+V9+X9+Z9)/6 -> 98.01588 | AE9: =IF($AC9=MAX(AC2:AC10),"TOP","")
A10: TNX | B10: 4.223 | C10: 4.227 | D10: =(B2*Q26)+(C2*Q27)+(D2*Q28)+(E2*Q29)+(F2*Q30)+(G2*Q31)+(H2*Q32)+(I2*Q33)+(J2*Q34) -> 4.2301133 | E10: =D10/$H$10 -> 0.99790358 | F10: 4.2257303 | G10: =F10/$H$10 -> 0.99686962 | H10: 4.239 | O10: =J1 -> DynaMix | P10: =100-ABS((($H10-J2)/($H10)))*100 -> 99.4661 | Q10: =P10/$Q$1 -> 0.12520072 | R10: =100-ABS((($H11-J3)/($H11)))*100 -> 99.715418 | S10: =R10/$S$1 -> 0.11167495 | T10: =100-ABS((($H12-J4)/($H12)))*100 -> 98.786027 | U10: =T10/$U$1 -> 0.110649 | V10: =100-ABS((($H13-J5)/($H13)))*100 -> 93.150229 | W10: =V10/$W$1 -> 0.10928124 | X10: =100-ABS((($H14-J6)/($H14)))*100 -> 96.195266 | Y10: =X10/$Y$1 -> 0.10906614 | Z10: =100-ABS((($H15-J7)/($H15)))*100 -> 99.761831 | AA10: =Z10/$AA$1 -> 0.11153484 | AC10: =(R10+T10+V10+X10)/4 -> 96.961735 | AD10: =(P10+R10+T10+V10+X10+Z10)/6 -> 97.845812 | AE10: =IF($AC10=MAX(AC2:AC10),"TOP","") | AG10: max-Q AVR-4 | AI10: =AVERAGE(AI4:AI7) -> 99.474222
A11: DJI | B11: 49003.41 | C11: 49406.61 | D11: =(B3*S26)+(C3*S27)+(D3*S28)+(E3*S29)+(F3*S30)+(G3*S31)+(H3*S32)+(I3*S33)+(J3*S34) -> 49130.373 | E11: =D11/$H$11 -> 1.0048658 | F11: 49192.709 | G11: =F11/$H$11 -> 1.0061408 | H11: 48892.47 | J11: Scale | K11: 0 | L11: Extreme Fear | P11: =SUM(P2:P10)/8 -> 99.306641 | R11: =AVERAGE(R2:R10) -> 99.211961 | T11: =AVERAGE(T2:T10) -> 99.19859 | V11: =AVERAGE(V2:V10) -> 94.70999 | X11: =AVERAGE(X2:X10) -> 97.998907 | Z11: =AVERAGE(Z2:Z10) -> 99.382825 | AG11: max AVR-6 | AI11: =AVERAGE(AI3:AI8) -> 99.587407
A12: SPX | B12: 6978.6 | C12: 6955.55 | D12: =(B4*U26)+(C4*U27)+(D4*U28)+(E4*U29)+(F4*U30)+(G4*U31)+(H4*U32)+(I4*U33)+(J4*U34) -> 6994.7628 | E12: =D12/$H$12 -> 1.0080332 | F12: 6996.8253 | G12: =F12/$H$12 -> 1.0083305 | H12: 6939.02 | K12: 25 | L12: Fear
A13: VIX | B13: 16.35 | C13: 16.15 | D13: =(B5*W26)+(C5*W27)+(D5*W28)+(E5*W29)+(F5*W30)+(G5*W31)+(H5*W32)+(I5*W33)+(J5*W34) -> 16.431266 | E13: =D13/$H$13 -> 0.94215974 | F13: 16.502055 | G13: =F13/$H$13 -> 0.94621874 | H13: 17.44 | K13: 45 | L13: Neutral | O13: Update | P13: TNX | Q13: =SUM(P14:P22) -> 650 | R13: DJI | S13: =SUM(R14:R22) -> 710 | T13: SPX | U13: =SUM(T14:T22) -> 710 | V13: VIX | W13: =SUM(V14:V22) -> 350 | X13: QQQ | Y13: =SUM(X14:X22) -> 585 | Z13: AAPL | AA13: =SUM(Z14:Z22) -> 780 | AC13: Value | AD13: Assign
A14: QQQ | B14: 631.13 | C14: 632.04 | D14: =(B6*Y26)+(C6*Y27)+(D6*Y28)+(E6*Y29)+(F6*Y30)+(G6*Y31)+(H6*Y32)+(I6*Y33)+(J6*Y34) -> 632.68082 | E14: =D14/$H$14 -> 1.0173844 | F14: 633.727 | G14: =F14/$H$14 -> 1.0190667 | H14: 621.87 | K14: 55 | L14: Greed | O14: =O2 -> PyCaret | P14: =IF(P2=0,0, LOOKUP(P2-0.000000000001,$AC$14:$AC$30,$AD$14:$AD$30)) -> 70 | Q14: =P14/$Q$13 -> 0.10769231 | R14: =IF(R2=0,0, LOOKUP(R2-0.000000000001,$AC$14:$AC$30,$AD$14:$AD$30)) -> 65 | S14: =R14/$S$13 -> 0.091549296 | T14: =IF(T2=0,0, LOOKUP(T2-0.000000000001,$AC$14:$AC$30,$AD$14:$AD$30)) -> 80 | U14: =T14/$U$13 -> 0.11267606 | V14: =IF(V2=0,0, LOOKUP(V2-0.000000000001,$AC$14:$AC$30,$AD$14:$AD$30)) -> 75 | W14: =V14/$W$13 -> 0.21428571 | X14: =IF(X2=0,0, LOOKUP(X2-0.000000000001,$AC$14:$AC$30,$AD$14:$AD$30)) -> 75 | Y14: =X14/$Y$13 -> 0.12820513 | Z14: =IF(Z2=0,0, LOOKUP(Z2-0.000000000001,$AC$14:$AC$30,$AD$14:$AD$30)) -> 95 | AA14: =Z14/$AA$13 -> 0.12179487 | AC14: 1 | AD14: 0.1
A15: AAPL | B15: 258.27 | C15: 258.27 | D15: =(B7*AA25)+(C7*AA26)+(D7*AA27)+(E7*AA28)+(F7*AA29)+(G7*AA30)+(H7*AA31)+(I7*AA32)+(J7*AA33) -> 260.70873 | E15: =D15/$H$15 -> 1.0047353 | F15: 262.26929 | G15: =F15/$H$15 -> 1.0107495 | H15: 259.48 | K15: 75 | L15: Extreme Greed | O15: =O3 -> ARIMAX | P15: =IF(P3=0,0, LOOKUP(P3-0.000000000001,$AC$14:$AC$30,$AD$14:$AD$30)) -> 75 | Q15: =P15/$Q$13 -> 0.11538462 | R15: =IF(R3=0,0, LOOKUP(R3-0.000000000001,$AC$14:$AC$30,$AD$14:$AD$30)) -> 70 | S15: =R15/$S$13 -> 0.098591549 | T15: =IF(T3=0,0, LOOKUP(T3-0.000000000001,$AC$14:$AC$30,$AD$14:$AD$30)) -> 65 | U15: =T15/$U$13 -> 0.091549296 | V15: =IF(V3=0,0, LOOKUP(V3-0.000000000001,$AC$14:$AC$30,$AD$14:$AD$30)) -> 30 | W15: =V15/$W$13 -> 0.085714286 | X15: =IF(X3=0,0, LOOKUP(X3-0.000000000001,$AC$14:$AC$30,$AD$14:$AD$30)) -> 65 | Y15: =X15/$Y$13 -> 0.11111111 | Z15: =IF(Z3=0,0, LOOKUP(Z3-0.000000000001,$AC$14:$AC$30,$AD$14:$AD$30)) -> 70 | AA15: =Z15/$AA$13 -> 0.08974359 | AC15: 80 | AD15: 1
O16: =O4 -> PCE | P16: =IF(P4=0,0, LOOKUP(P4-0.000000000001,$AC$14:$AC$30,$AD$14:$AD$30)) -> 75 | Q16: =P16/$Q$13 -> 0.11538462 | R16: =IF(R4=0,0, LOOKUP(R4-0.000000000001,$AC$14:$AC$30,$AD$14:$AD$30)) -> 100 | S16: =R16/$S$13 -> 0.14084507 | T16: =IF(T4=0,0, LOOKUP(T4-0.000000000001,$AC$14:$AC$30,$AD$14:$AD$30)) -> 95 | U16: =T16/$U$13 -> 0.13380282 | V16: =IF(V4=0,0, LOOKUP(V4-0.000000000001,$AC$14:$AC$30,$AD$14:$AD$30)) -> 65 | W16: =V16/$W$13 -> 0.18571429 | X16: =IF(X4=0,0, LOOKUP(X4-0.000000000001,$AC$14:$AC$30,$AD$14:$AD$30)) -> 75 | Y16: =X16/$Y$13 -> 0.12820513 | Z16: =IF(Z4=0,0, LOOKUP(Z4-0.000000000001,$AC$14:$AC$30,$AD$14:$AD$30)) -> 95 | AA16: =Z16/$AA$13 -> 0.12179487 | AC16: 82.5 | AD16: 2
A17: =F9 -> LLM | B17: RD | D17: 85220 | F17: MICH | O17: =O5 -> LSTM | P17: =IF(P5=0,0, LOOKUP(P5-0.000000000001,$AC$14:$AC$30,$AD$14:$AD$30)) -> 80 | Q17: =P17/$Q$13 -> 0.12307692 | R17: =IF(R5=0,0, LOOKUP(R5-0.000000000001,$AC$14:$AC$30,$AD$14:$AD$30)) -> 65 | S17: =R17/$S$13 -> 0.091549296 | T17: =IF(T5=0,0, LOOKUP(T5-0.000000000001,$AC$14:$AC$30,$AD$14:$AD$30)) -> 90 | U17: =T17/$U$13 -> 0.12676056 | V17: =IF(V5=0,0, LOOKUP(V5-0.000000000001,$AC$14:$AC$30,$AD$14:$AD$30)) -> 30 | W17: =V17/$W$13 -> 0.085714286 | X17: =IF(X5=0,0, LOOKUP(X5-0.000000000001,$AC$14:$AC$30,$AD$14:$AD$30)) -> 60 | Y17: =X17/$Y$13 -> 0.1025641 | Z17: =IF(Z5=0,0, LOOKUP(Z5-0.000000000001,$AC$14:$AC$30,$AD$14:$AD$30)) -> 60 | AA17: =Z17/$AA$13 -> 0.076923077 | AC17: 85 | AD17: 5
A18: TNX | B18: 4.23 | C18: =B18/$H$10 -> 0.99787686 | D18: 4.23 | E18: =D18/$H$10 -> 0.99787686 | F18: 4.24 | G18: =F18/$H$10 -> 1.0002359 | O18: =O6 -> GARCH | P18: =IF(P6=0,0, LOOKUP(P6-0.000000000001,$AC$14:$AC$30,$AD$14:$AD$30)) -> 90 | Q18: =P18/$Q$13 -> 0.13846154 | R18: =IF(R6=0,0, LOOKUP(R6-0.000000000001,$AC$14:$AC$30,$AD$14:$AD$30)) -> 80 | S18: =R18/$S$13 -> 0.11267606 | T18: =IF(T6=0,0, LOOKUP(T6-0.000000000001,$AC$14:$AC$30,$AD$14:$AD$30)) -> 80 | U18: =T18/$U$13 -> 0.11267606 | V18: =IF(V6=0,0, LOOKUP(V6-0.000000000001,$AC$14:$AC$30,$AD$14:$AD$30)) -> 30 | W18: =V18/$W$13 -> 0.085714286 | X18: =IF(X6=0,0, LOOKUP(X6-0.000000000001,$AC$14:$AC$30,$AD$14:$AD$30)) -> 65 | Y18: =X18/$Y$13 -> 0.11111111 | Z18: =IF(Z6=0,0, LOOKUP(Z6-0.000000000001,$AC$14:$AC$30,$AD$14:$AD$30)) -> 95 | AA18: =Z18/$AA$13 -> 0.12179487 | AC18: 87.5 | AD18: 10
A19: DJI | B19: 49305 | C19: =B19/$H$11 -> 1.0084375 | D19: 49341 | E19: =D19/$H$11 -> 1.0091738 | F19: 49272 | G19: =F19/$H$11 -> 1.0077625 | O19: =O7 -> VAR | P19: =IF(P7=0,0, LOOKUP(P7-0.000000000001,$AC$14:$AC$30,$AD$14:$AD$30)) -> 0 | Q19: =P19/$Q$13 -> 0 | R19: =IF(R7=0,0, LOOKUP(R7-0.000000000001,$AC$14:$AC$30,$AD$14:$AD$30)) -> 80 | S19: =R19/$S$13 -> 0.11267606 | T19: =IF(T7=0,0, LOOKUP(T7-0.000000000001,$AC$14:$AC$30,$AD$14:$AD$30)) -> 80 | U19: =T19/$U$13 -> 0.11267606 | V19: =IF(V7=0,0, LOOKUP(V7-0.000000000001,$AC$14:$AC$30,$AD$14:$AD$30)) -> 40 | W19: =V19/$W$13 -> 0.11428571 | X19: =IF(X7=0,0, LOOKUP(X7-0.000000000001,$AC$14:$AC$30,$AD$14:$AD$30)) -> 65 | Y19: =X19/$Y$13 -> 0.11111111 | Z19: =IF(Z7=0,0, LOOKUP(Z7-0.000000000001,$AC$14:$AC$30,$AD$14:$AD$30)) -> 80 | AA19: =Z19/$AA$13 -> 0.1025641 | AC19: 90 | AD19: 20
A20: SPX | B20: 7000 | C20: =B20/$H$12 -> 1.008788 | D20: 7005 | E20: =D20/$H$12 -> 1.0095085 | F20: 6995 | G20: =F20/$H$12 -> 1.0080674 | O20: =O8 -> RW | P20: =IF(P8=0,0, LOOKUP(P8-0.000000000001,$AC$14:$AC$30,$AD$14:$AD$30)) -> 90 | Q20: =P20/$Q$13 -> 0.13846154 | R20: =IF(R8=0,0, LOOKUP(R8-0.000000000001,$AC$14:$AC$30,$AD$14:$AD$30)) -> 80 | S20: =R20/$S$13 -> 0.11267606 | T20: =IF(T8=0,0, LOOKUP(T8-0.000000000001,$AC$14:$AC$30,$AD$14:$AD$30)) -> 75 | U20: =T20/$U$13 -> 0.1056338 | V20: =IF(V8=0,0, LOOKUP(V8-0.000000000001,$AC$14:$AC$30,$AD$14:$AD$30)) -> 30 | W20: =V20/$W$13 -> 0.085714286 | X20: =IF(X8=0,0, LOOKUP(X8-0.000000000001,$AC$14:$AC$30,$AD$14:$AD$30)) -> 65 | Y20: =X20/$Y$13 -> 0.11111111 | Z20: =IF(Z8=0,0, LOOKUP(Z8-0.000000000001,$AC$14:$AC$30,$AD$14:$AD$30)) -> 95 | AA20: =Z20/$AA$13 -> 0.12179487 | AC20: 92.5 | AD20: 30
A21: VIX | B21: 15.5 | C21: =B21/$H$13 -> 0.88876147 | D21: 15.9 | E21: =D21/$H$13 -> 0.91169725 | F21: 16.52 | G21: =F21/$H$13 -> 0.94724771 | O21: =O9 -> ETS | P21: =IF(P9=0,0, LOOKUP(P9-0.000000000001,$AC$14:$AC$30,$AD$14:$AD$30)) -> 90 | Q21: =P21/$Q$13 -> 0.13846154 | R21: =IF(R9=0,0, LOOKUP(R9-0.000000000001,$AC$14:$AC$30,$AD$14:$AD$30)) -> 80 | S21: =R21/$S$13 -> 0.11267606 | T21: =IF(T9=0,0, LOOKUP(T9-0.000000000001,$AC$14:$AC$30,$AD$14:$AD$30)) -> 75 | U21: =T21/$U$13 -> 0.1056338 | V21: =IF(V9=0,0, LOOKUP(V9-0.000000000001,$AC$14:$AC$30,$AD$14:$AD$30)) -> 20 | W21: =V21/$W$13 -> 0.057142857 | X21: =IF(X9=0,0, LOOKUP(X9-0.000000000001,$AC$14:$AC$30,$AD$14:$AD$30)) -> 65 | Y21: =X21/$Y$13 -> 0.11111111 | Z21: =IF(Z9=0,0, LOOKUP(Z9-0.000000000001,$AC$14:$AC$30,$AD$14:$AD$30)) -> 95 | AA21: =Z21/$AA$13 -> 0.12179487 | AC21: 95 | AD21: 40
A22: QQQ | B22: 635.3 | C22: =B22/$H$14 -> 1.0215962 | D22: 637.5 | E22: =D22/$H$14 -> 1.0251339 | F22: 635.2 | G22: =F22/$H$14 -> 1.0214353 | O22: =O10 -> DynaMix | P22: =IF(P10=0,0, LOOKUP(P10-0.000000000001,$AC$14:$AC$30,$AD$14:$AD$30)) -> 80 | Q22: =P22/$Q$13 -> 0.12307692 | R22: =IF(R10=0,0, LOOKUP(R10-0.000000000001,$AC$14:$AC$30,$AD$14:$AD$30)) -> 90 | S22: =R22/$S$13 -> 0.12676056 | T22: =IF(T10=0,0, LOOKUP(T10-0.000000000001,$AC$14:$AC$30,$AD$14:$AD$30)) -> 70 | U22: =T22/$U$13 -> 0.098591549 | V22: =IF(V10=0,0, LOOKUP(V10-0.000000000001,$AC$14:$AC$30,$AD$14:$AD$30)) -> 30 | W22: =V22/$W$13 -> 0.085714286 | X22: =IF(X10=0,0, LOOKUP(X10-0.000000000001,$AC$14:$AC$30,$AD$14:$AD$30)) -> 50 | Y22: =X22/$Y$13 -> 0.085470085 | Z22: =IF(Z10=0,0, LOOKUP(Z10-0.000000000001,$AC$14:$AC$30,$AD$14:$AD$30)) -> 95 | AA22: =Z22/$AA$13 -> 0.12179487 | AC22: 96 | AD22: 50
A23: AAPL | B23: 261 | C23: =B23/$H$15 -> 1.0058579 | D23: 261.3 | E23: =D23/$H$15 -> 1.007014 | F23: 259.4 | G23: =F23/$H$15 -> 0.99969169 | P23: =AVERAGE(P14:P22) -> 72.222222 | R23: =AVERAGE(R14:R22) -> 78.888889 | T23: =AVERAGE(T14:T22) -> 78.888889 | V23: =AVERAGE(V14:V22) -> 38.888889 | X23: =AVERAGE(X14:X22) -> 65 | Z23: =AVERAGE(Z14:Z22) -> 86.666667 | AC23: 97 | AD23: 60
AA24: =SUM(Z26:Z34) -> 595 | AC24: 98 | AD24: 65
A25: =AC1 -> AVR-4 | B25: {=SUM(C19:C22/4)} -> 0.98189578 | D25: {=SUM(E19:E22/4)} -> 0.98887837 | F25: {=SUM(G19:G22/4)} -> 0.99612826 | O25: History | P25: TNX | Q25: =SUM(P26:P34) -> 621.25 | R25: DJI | S25: =SUM(R26:R34) -> 721.25 | T25: SPX | U25: =SUM(T26:T34) -> 742.5 | V25: VIX | W25: =SUM(V26:V34) -> 227.95 | X25: QQQ | Y25: =SUM(X26:X34) -> 646.275 | Z25: AAPL | AA25: =Z26/$AA$24 -> 0.10504202 | AC25: 98.5 | AD25: 70
A26: =AD1 -> AVR-6 | B26: {=SUM(C18:C23/6)} -> 0.98855297 | D26: {=SUM(E18:E23/6)} -> 0.99340073 | F26: {=SUM(G18:G23/6)} -> 0.99740677 | O26: =O2 -> PyCaret | P26: 75 | Q26: =P26/$Q$25 -> 0.12072435 | R26: 65 | S26: =R26/$S$25 -> 0.090121317 | T26: 68.75 | U26: =T26/$U$25 -> 0.092592593 | V26: 17.55 | W26: =V26/$W$25 -> 0.076990568 | X26: 81.25 | Y26: =X26/$Y$25 -> 0.12572048 | Z26: 62.5 | AA26: =Z27/$AA$24 -> 0.12605042 | AC26: 99 | AD26: 75
O27: =O3 -> ARIMAX | P27: 77.5 | Q27: =P27/$Q$25 -> 0.12474849 | R27: 85 | S27: =R27/$S$25 -> 0.11785095 | T27: 82.5 | U27: =T27/$U$25 -> 0.11111111 | V27: 37.525 | W27: =V27/$W$25 -> 0.16461943 | X27: 72.5 | Y27: =X27/$Y$25 -> 0.11218135 | Z27: 75 | AA27: =Z28/$AA$24 -> 0.13235294 | AC27: 99.25 | AD27: 80
O28: =O4 -> PCE | P28: 80 | Q28: =P28/$Q$25 -> 0.12877264 | R28: 80 | S28: =R28/$S$25 -> 0.11091854 | T28: 82.5 | U28: =T28/$U$25 -> 0.11111111 | V28: 17.775 | W28: =V28/$W$25 -> 0.077977627 | X28: 73.75 | Y28: =X28/$Y$25 -> 0.11411551 | Z28: 78.75 | AA28: =Z29/$AA$24 -> 0.10504202 | AC28: 99.5 | AD28: 90
O29: =O5 -> LSTM | P29: 76.25 | Q29: =P29/$Q$25 -> 0.12273642 | R29: 81.25 | S29: =R29/$S$25 -> 0.11265165 | T29: 85 | U29: =T29/$U$25 -> 0.11447811 | V29: 23.75 | W29: =V29/$W$25 -> 0.10418952 | X29: 75 | Y29: =X29/$Y$25 -> 0.11604967 | Z29: 62.5 | AA29: =Z30/$AA$24 -> 0.1092437 | AC29: 99.75 | AD29: 95
O30: =O6 -> GARCH | P30: 81.25 | Q30: =P30/$Q$25 -> 0.13078471 | R30: 82.5 | S30: =R30/$S$25 -> 0.11438475 | T30: 83.75 | U30: =T30/$U$25 -> 0.11279461 | V30: 25 | W30: =V30/$W$25 -> 0.10967317 | X30: 80 | Y30: =X30/$Y$25 -> 0.12378631 | Z30: 65 | AA30: =Z31/$AA$24 -> 0.11764706 | AC30: 99.99 | AD30: 100 | AG30: https://feargreedmeter.com/fear-and-greed-index
O31: =O7 -> VAR | P31: 0 | Q31: =P31/$Q$25 -> 0 | R31: 81.25 | S31: =R31/$S$25 -> 0.11265165 | T31: 85 | U31: =T31/$U$25 -> 0.11447811 | V31: 12.525 | W31: =V31/$W$25 -> 0.05494626 | X31: 71.25 | Y31: =X31/$Y$25 -> 0.11024719 | Z31: 70 | AA31: =Z32/$AA$24 -> 0.10504202
O32: =O8 -> RW | P32: 82.5 | Q32: =P32/$Q$25 -> 0.13279678 | R32: 81.25 | S32: =R32/$S$25 -> 0.11265165 | T32: 85 | U32: =T32/$U$25 -> 0.11447811 | V32: 25.025 | W32: =V32/$W$25 -> 0.10978285 | X32: 71.25 | Y32: =X32/$Y$25 -> 0.11024719 | Z32: 62.5 | AA32: =Z33/$AA$24 -> 0.10504202
O33: =O9 -> ETS | P33: 82.5 | Q33: =P33/$Q$25 -> 0.13279678 | R33: 83.75 | S33: =R33/$S$25 -> 0.11611785 | T33: 85 | U33: =T33/$U$25 -> 0.11447811 | V33: 28.775 | W33: =V33/$W$25 -> 0.12623382 | X33: 55.025 | Y33: =X33/$Y$25 -> 0.085141774 | Z33: 62.5 | AA33: =Z34/$AA$24 -> 0.094537815
O34: =O22 -> DynaMix | P34: 66.25 | Q34: =P34/$Q$25 -> 0.10663984 | R34: 81.25 | S34: =R34/$S$25 -> 0.11265165 | T34: 85 | U34: =T34/$U$25 -> 0.11447811 | V34: 40.025 | W34: =V34/$W$25 -> 0.17558675 | X34: 66.25 | Y34: =X34/$Y$25 -> 0.10251054 | Z34: 56.25
P35: =AVERAGE(P26:P34) -> 69.027778 | R35: =AVERAGE(R26:R34) -> 80.138889 | T35: =AVERAGE(T26:T34) -> 82.5 | V35: =AVERAGE(V26:V34) -> 25.327778 | X35: =AVERAGE(X26:X34) -> 71.808333 | Z35: =AVERAGE(Z26:Z34) -> 66.111111

Sheet 26-1-02
A1: model | B1: PyCaret | C1: ARIMAX | D1: PCE | E1: LSTM | F1: GARCH | G1: VAR | H1: RW | I1: ETS | J1: DynaMix | L1: 26-Q1-02 | O1: Accuracy | P1: TNX | Q1: =SUM(P2:P10) -> 788.21555 | R1: DJI | S1: =SUM(R2:R10) -> 889.7435 | T1: SPX | U1: =SUM(T2:T10) -> 889.61756 | V1: VIX | W1: =SUM(V2:V10) -> 684.77315 | X1: QQQ | Y1: =SUM(X2:X10) -> 800.02569 | Z1: AAPL | AA1: =SUM(Z2:Z10) -> 879.15278 | AC1: AVR-4 | AD1: AVR-6
A2: TNX | B2: 4.2119 | C2: 4.287 | D2: 4.259 | E2: 4.274 | F2: 4.2955 | G2: 0 | H2: 4.292 | I2: 4.29 | J2: 4.399 | O2: =B1 -> PyCaret | P2: =100-ABS((($G10-B2)/($G10)))*100 -> 99.54857 | Q2: =P2/$Q$1 -> 0.12629613 | R2: =100-ABS((($G11-B3)/($G11)))*100 -> 97.050656 | S2: =R2/$S$1 -> 0.10907712 | T2: =100-ABS((($G12-B4)/($G12)))*100 -> 99.094514 | U2: =T2/$U$1 -> 0.11139002 | V2: =100-ABS((($G13-B5)/($G13)))*100 -> 41.019267 | W2: =V2/$W$1 -> 0.059901979 | X2: =100-ABS((($G14-B6)/($G14)))*100 -> 99.707734 | Y2: =X2/$Y$1 -> 0.12463066 | Z2: =100-ABS((($G15-B7)/($G15)))*100 -> 99.201742 | AA2: =Z2/$AA$1 -> 0.11283789 | AC2: =(R2+T2+V2+X2)/4 -> 84.218042 | AD2: =(P2+R2+T2+V2+X2+Z2)/6 -> 89.270414 | AE2: =IF($AC2=MAX(AC2:AC10),"TOP","") | AG2: max-Q
A3: DJI | B3: 47650.62 | C3: 48806.27 | D3: 48279.88 | E3: 48995.48 | F3: 48706.89 | G3: 48703.9 | H3: 48635.9 | I3: 48775.64 | J3: 48298 | L3: 2026/01/20 | O3: =C1 -> ARIMAX | P3: =100-ABS((($G10-C2)/($G10)))*100 -> 98.676436 | Q3: =P3/$Q$1 -> 0.12518966 | R3: =100-ABS((($G11-C3)/($G11)))*100 -> 99.404384 | S3: =R3/$S$1 -> 0.11172252 | T3: =100-ABS((($G12-C4)/($G12)))*100 -> 98.935309 | U3: =T3/$U$1 -> 0.11121106 | V3: =100-ABS((($G13-C5)/($G13)))*100 -> 74.642635 | W3: =V3/$W$1 -> 0.10900345 | X3: =100-ABS((($G14-C6)/($G14)))*100 -> 98.471223 | Y3: =X3/$Y$1 -> 0.12308508 | Z3: =100-ABS((($G15-C7)/($G15)))*100 -> 99.690937 | AA3: =Z3/$AA$1 -> 0.11339433 | AC3: =(R3+T3+V3+X3)/4 -> 92.863388 | AD3: =(P3+R3+T3+V3+X3+Z3)/6 -> 94.970154 | AE3: =IF($AC3=MAX(AC2:AC10),"TOP","") | AG3: TNX | AH3: G | AI3: =MAX(P2:P10) -> 99.54857
A4: SPX | B4: 6853 | C4: 6841.99 | D4: 6797.8 | E4: 6981.03 | F4: 6981 | G4: 6811.17 | H4: 6817.1 | I4: 6822.06 | J4: 6879 | O4: =D1 -> PCE | P4: =100-ABS((($G10-D2)/($G10)))*100 -> 99.338218 | Q4: =P4/$Q$1 -> 0.12602925 | R4: =100-ABS((($G11-D3)/($G11)))*100 -> 98.332278 | S4: =R4/$S$1 -> 0.11051756 | T4: =100-ABS((($G12-D4)/($G12)))*100 -> 98.296321 | U4: =T4/$U$1 -> 0.11049278 | V4: =100-ABS((($G13-D5)/($G13)))*100 -> 97.327533 | W4: =V4/$W$1 -> 0.14213106 | X4: =100-ABS((($G14-D6)/($G14)))*100 -> 97.690776 | Y4: =X4/$Y$1 -> 0.12210955 | Z4: =100-ABS((($G15-D7)/($G15)))*100 -> 98.99613 | AA4: =Z4/$AA$1 -> 0.11260401 | AC4: =(R4+T4+V4+X4)/4 -> 97.911727 | AD4: =(P4+R4+T4+V4+X4+Z4)/6 -> 98.330209 | AE4: =IF($AC4=MAX(AC2:AC10),"TOP","") -> TOP | AG4: DJI | AH4: R | AI4: =MAX(R2:R10) -> 99.78975
A5: VIX | B5: 25.58 | C5: 20.17 | D5: 16.52 | E5: 17.95 | F5: 17.95 | G5: 20.23 | H5: 20.71 | I5: 20.71 | J5: 19.62 | L5: ML | O5: =E1 -> LSTM | P5: =100-ABS((($G10-E2)/($G10)))*100 -> 98.983692 | Q5: =P5/$Q$1 -> 0.12557947 | R5: =100-ABS((($G11-E3)/($G11)))*100 -> 99.78975 | S5: =R5/$S$1 -> 0.11215564 | T5: =100-ABS((($G12-E4)/($G12)))*100 -> 99.05417 | U5: =T5/$U$1 -> 0.11134467 | V5: =100-ABS((($G13-E5)/($G13)))*100 -> 88.440025 | W5: =V5/$W$1 -> 0.1291523 | X5: =100-ABS((($G14-E6)/($G14)))*100 -> 99.824961 | Y5: =X5/$Y$1 -> 0.12477719 | Z5: =100-ABS((($G15-E7)/($G15)))*100 -> 93.928399 | AA5: =Z5/$AA$1 -> 0.10683968 | AC5: =(R5+T5+V5+X5)/4 -> 96.777227 | AD5: =(P5+R5+T5+V5+X5+Z5)/6 -> 96.670166 | AE5: =IF($AC5=MAX(AC2:AC10),"TOP","") | AG5: SPX | AH5: A | AI5: =MAX(T2:T10) -> 99.470474
A6: QQQ | B6: 624.54 | C6: 613.2 | D6: 608.34 | E6: 623.81 | F6: 623.81 | G6: 611.72 | H6: 610.58 | I6: 61.58 | J6: 612.34 | O6: =F1 -> GARCH | P6: =100-ABS((($G10-F2)/($G10)))*100 -> 98.475538 | Q6: =P6/$Q$1 -> 0.12493478 | R6: =100-ABS((($G11-F3)/($G11)))*100 -> 99.201975 | S6: =R6/$S$1 -> 0.11149503 | T6: =100-ABS((($G12-F4)/($G12)))*100 -> 99.054604 | U6: =T6/$U$1 -> 0.11134515 | V6: =100-ABS((($G13-F5)/($G13)))*100 -> 88.440025 | W6: =V6/$W$1 -> 0.1291523 | X6: =100-ABS((($G14-F6)/($G14)))*100 -> 99.824961 | Y6: =X6/$Y$1 -> 0.12477719 | Z6: =100-ABS((($G15-F7)/($G15)))*100 -> 93.928399 | AA6: =Z6/$AA$1 -> 0.10683968 | AC6: =(R6+T6+V6+X6)/4 -> 96.630391 | AD6: =(P6+R6+T6+V6+X6+Z6)/6 -> 96.487584 | AE6: =IF($AC6=MAX(AC2:AC10),"TOP","") | AG6: VIX | AH6: E | AI6: =MAX(V2:V10) -> 97.327533
A7: AAPL | B7: 246.06 | C7: 247.2734 | D7: 245.55 | E7: 263.1 | F7: 263.1 | G7: 244.55 | H7: 247.285 | I7: 247.28 | J7: 250.18 | O7: =G1 -> VAR | P7: =100-ABS((($G10-G2)/($G10)))*100 -> 0 | Q7: =P7/$Q$1 -> 0 | R7: =100-ABS((($G11-G3)/($G11)))*100 -> 99.195885 | S7: =R7/$S$1 -> 0.11148818 | T7: =100-ABS((($G12-G4)/($G12)))*100 -> 98.489651 | U7: =T7/$U$1 -> 0.1107101 | V7: =100-ABS((($G13-G5)/($G13)))*100 -> 74.269733 | W7: =V7/$W$1 -> 0.10845889 | X7: =100-ABS((($G14-G6)/($G14)))*100 -> 98.233556 | Y7: =X7/$Y$1 -> 0.122788 | Z7: =100-ABS((($G15-G7)/($G15)))*100 -> 98.592969 | AA7: =Z7/$AA$1 -> 0.11214543 | AC7: =(R7+T7+V7+X7)/4 -> 92.547206 | AD7: =(P7+R7+T7+V7+X7+Z7)/6 -> 78.130299 | AE7: =IF($AC7=MAX(AC2:AC10),"TOP","") | AG7: QQQ | AH7: A | AI7: =MAX(X2:X10) -> 99.824961
O8: =H1 -> RW | P8: =100-ABS((($G10-H2)/($G10)))*100 -> 98.55826 | Q8: =P8/$Q$1 -> 0.12503973 | R8: =100-ABS((($G11-H3)/($G11)))*100 -> 99.057389 | S8: =R8/$S$1 -> 0.11133252 | T8: =100-ABS((($G12-H4)/($G12)))*100 -> 98.575399 | U8: =T8/$U$1 -> 0.11080649 | V8: =100-ABS((($G13-H5)/($G13)))*100 -> 71.286513 | W8: =V8/$W$1 -> 0.10410238 | X8: =100-ABS((($G14-H6)/($G14)))*100 -> 98.050488 | Y8: =X8/$Y$1 -> 0.12255917 | Z8: =100-ABS((($E15-H7)/($E15)))*100 -> 98.666161 | AA8: =Z8/$AA$1 -> 0.11222869 | AC8: =(R8+T8+V8+X8)/4 -> 91.742447 | AD8: =(P8+R8+T8+V8+X8+Z8)/6 -> 94.032368 | AE8: =IF($AC8=MAX(AC2:AC10),"TOP","") | AG8: AAPL | AH8: V | AI8: =MAX(Z2:Z10) -> 99.690937
B9: Close YF | C9: ML | D9: LLM | E9: ML->LLM | F9: LLM-> +3 | G9: +3-DAY | I9: Mob | L9: =IF(M9<25,L11,IF(M9<45,L12,IF(M9<55,L13,IF(M9<75,L14,L15)))) -> Neutral | M9: 48 | O9: =I1 -> ETS | P9: =100-ABS((($G10-I2)/($G10)))*100 -> 98.605531 | Q9: =P9/$Q$1 -> 0.1250997 | R9: =100-ABS((($G11-I3)/($G11)))*100 -> 99.341999 | S9: =R9/$S$1 -> 0.1116524 | T9: =100-ABS((($G12-I4)/($G12)))*100 -> 98.647121 | U9: =T9/$U$1 -> 0.11088711 | V9: =100-ABS((($G13-I5)/($G13)))*100 -> 71.286513 | W9: =V9/$W$1 -> 0.10410238 | X9: =100-ABS((($G14-I6)/($G14)))*100 -> 9.8888746 | Y9: =X9/$Y$1 -> 0.012360696 | Z9: =100-ABS((($E15-I7)/($E15)))*100 -> 98.66821 | AA9: =Z9/$AA$1 -> 0.11223102 | AC9: =(R9+T9+V9+X9)/4 -> 69.791127 | AD9: =(P9+R9+T9+V9+X9+Z9)/6 -> 79.406375 | AE9: =IF($AC9=MAX(AC2:AC10),"TOP","")
A10: TNX | B10: 4.3 | C10: =(B2*Q24)+(C2*Q25)+(D2*Q26)+(E2*Q27)+(F2*Q28)+(G2*Q29)+(H2*Q30)+(I2*Q31)+(J2*Q32) -> 4.2883643 | D10: 4.2856715 | E10: =F18 -> 4.2716125 | F10: =F18*L18 -> 0 | G10: 4.231 | I10: =(AI22+AK22)/2 -> 4.245 | O10: =J1 -> DynaMix | P10: =100-ABS((($G10-J2)/($G10)))*100 -> 96.029307 | Q10: =P10/$Q$1 -> 0.12183128 | R10: =100-ABS((($G11-J3)/($G11)))*100 -> 98.369183 | S10: =R10/$S$1 -> 0.11055904 | T10: =100-ABS((($G12-J4)/($G12)))*100 -> 99.470474 | U10: =T10/$U$1 -> 0.11181262 | V10: =100-ABS((($G13-J5)/($G13)))*100 -> 78.060907 | W10: =V10/$W$1 -> 0.11399528 | X10: =100-ABS((($G14-J6)/($G14)))*100 -> 98.333119 | Y10: =X10/$Y$1 -> 0.12291245 | Z10: =100-ABS((($E15-J7)/($E15)))*100 -> 97.479832 | AA10: =Z10/$AA$1 -> 0.11087929 | AC10: =(R10+T10+V10+X10)/4 -> 93.558421 | AD10: =(P10+R10+T10+V10+X10+Z10)/6 -> 94.623804 | AE10: =IF($AC10=MAX(AC2:AC10),"TOP","") | AG10: max-Q AVR-4 | AI10: =AVERAGE(AI4:AI7) -> 99.10318
A11: DJI | B11: 48488.47 | C11: =(B3*S24)+(C3*S25)+(D3*S26)+(E3*S27)+(F3*S28)+(G3*S29)+(H3*S30)+(I3*S31)+(J3*S32) -> 48559.058 | D11: 48671.149 | E11: =F19 -> 48031.37 | F11: =F19*L19 -> 0 | G11: 49098.71 | I11: =(AI23+AK23)/2 -> 48841 | J11: Scale | K11: 0 | L11: Extreme Fear | AG11: max AVR-6 | AI11: =AVERAGE(AI3:AI8) -> 99.275371
A12: SPX | B12: 6794.06 | C12: =(B4*U24)+(C4*U25)+(D4*U26)+(E4*U27)+(F4*U28)+(G4*U29)+(H4*U30)+(I4*U31)+(J4*U32) -> 6863.922 | D12: 6825.7403 | E12: =F20 -> 6688.5537 | F12: =F20*L20 -> 0 | G12: 6915.62 | I12: =(AI24+AK24)/2 -> 6812.5 | K12: 25 | L12: Fear | O12: Update | P12: TNX | Q12: =SUM(P13:P21) -> 565 | R12: DJI | S12: =SUM(R13:R21) -> 670 | T12: SPX | U12: =SUM(T13:T21) -> 645 | V12: VIX | W12: =SUM(V13:V21) -> 80.6 | X12: QQQ | Y12: =SUM(X13:X21) -> 600.1 | Z12: AAPL | AA12: =SUM(Z13:Z21) -> 565 | AC12: Value | AD12: Assign
A13: VIX | B13: 20.85 | C13: =(B5*W24)+(C5*W25)+(D5*W26)+(E5*W27)+(F5*W28)+(G5*W29)+(H5*W30)+(I5*W31)+(J5*W32) -> 20.217749 | D13: 20.411217 | E13: =F21 -> 18.291109 | F13: =F21*L21 -> 0 | G13: 16.09 | I13: =(AI25+AK25)/2 -> 18.885 | K13: 45 | L13: Neutral | O13: =O2 -> PyCaret | P13: =IF(P2=0,0, LOOKUP(P2-0.000000000001,$AC$13:$AC$29,$AD$13:$AD$29)) -> 90 | Q13: =P13/$Q$12 -> 0.15929204 | R13: =IF(R2=0,0, LOOKUP(R2-0.000000000001,$AC$13:$AC$29,$AD$13:$AD$29)) -> 60 | S13: =R13/$S$12 -> 0.089552239 | T13: =IF(T2=0,0, LOOKUP(T2-0.000000000001,$AC$13:$AC$29,$AD$13:$AD$29)) -> 75 | U13: =T13/$U$12 -> 0.11627907 | V13: =IF(V2=0,0, LOOKUP(V2-0.000000000001,$AC$13:$AC$29,$AD$13:$AD$29)) -> 0.1 | W13: =V13/$W$12 -> 0.0012406948 | X13: =IF(X2=0,0, LOOKUP(X2-0.000000000001,$AC$13:$AC$29,$AD$13:$AD$29)) -> 90 | Y13: =X13/$Y$12 -> 0.149975 | Z13: =IF(Z2=0,0, LOOKUP(Z2-0.000000000001,$AC$13:$AC$29,$AD$13:$AD$29)) -> 75 | AA13: =Z13/$AA$12 -> 0.13274336 | AC13: 1 | AD13: 0.1 | AG13: Prebaci u LLM XL
A14: QQQ | B14: 608.06 | C14: =(B6*Y24)+(C6*Y25)+(D6*Y26)+(E6*Y27)+(F6*Y28)+(G6*Y29)+(H6*Y30)+(I6*Y31)+(J6*Y32) -> 555.05805 | D14: 613.30043 | E14: =F22 -> 590.56577 | F14: =F22*L22 -> 0 | G14: 622.72 | I14: =(AI26+AK26)/2 -> 604.09 | K14: 55 | L14: Greed | O14: =O3 -> ARIMAX | P14: =IF(P3=0,0, LOOKUP(P3-0.000000000001,$AC$13:$AC$29,$AD$13:$AD$29)) -> 70 | Q14: =P14/$Q$12 -> 0.12389381 | R14: =IF(R3=0,0, LOOKUP(R3-0.000000000001,$AC$13:$AC$29,$AD$13:$AD$29)) -> 80 | S14: =R14/$S$12 -> 0.11940299 | T14: =IF(T3=0,0, LOOKUP(T3-0.000000000001,$AC$13:$AC$29,$AD$13:$AD$29)) -> 70 | U14: =T14/$U$12 -> 0.10852713 | V14: =IF(V3=0,0, LOOKUP(V3-0.000000000001,$AC$13:$AC$29,$AD$13:$AD$29)) -> 0.1 | W14: =V14/$W$12 -> 0.0012406948 | X14: =IF(X3=0,0, LOOKUP(X3-0.000000000001,$AC$13:$AC$29,$AD$13:$AD$29)) -> 65 | Y14: =X14/$Y$12 -> 0.10831528 | Z14: =IF(Z3=0,0, LOOKUP(Z3-0.000000000001,$AC$13:$AC$29,$AD$13:$AD$29)) -> 90 | AA14: =Z14/$AA$12 -> 0.15929204 | AC14: 80 | AD14: 1 | AG14: 2 LLM => | AH14: Δ(M-Comb)
A15: AAPL | B15: 246.7 | C15: =(B7*AA24)+(C7*AA25)+(D7*AA26)+(E7*AA27)+(F7*AA28)+(G7*AA29)+(H7*AA30)+(I7*AA31)+(J7*AA32) -> 250.8899 | D15: 250.06947 | E15: =F23 -> 244.03003 | F15: =F23*L23 -> 0 | G15: 248.04 | I15: =(AI27+AK27)/2 -> 244.5 | K15: 75 | L15: Extreme Greed | O15: =O4 -> PCE | P15: =IF(P4=0,0, LOOKUP(P4-0.000000000001,$AC$13:$AC$29,$AD$13:$AD$29)) -> 80 | Q15: =P15/$Q$12 -> 0.14159292 | R15: =IF(R4=0,0, LOOKUP(R4-0.000000000001,$AC$13:$AC$29,$AD$13:$AD$29)) -> 65 | S15: =R15/$S$12 -> 0.097014925 | T15: =IF(T4=0,0, LOOKUP(T4-0.000000000001,$AC$13:$AC$29,$AD$13:$AD$29)) -> 65 | U15: =T15/$U$12 -> 0.10077519 | V15: =IF(V4=0,0, LOOKUP(V4-0.000000000001,$AC$13:$AC$29,$AD$13:$AD$29)) -> 60 | W15: =V15/$W$12 -> 0.74441687 | X15: =IF(X4=0,0, LOOKUP(X4-0.000000000001,$AC$13:$AC$29,$AD$13:$AD$29)) -> 60 | Y15: =X15/$Y$12 -> 0.099983336 | Z15: =IF(Z4=0,0, LOOKUP(Z4-0.000000000001,$AC$13:$AC$29,$AD$13:$AD$29)) -> 70 | AA15: =Z15/$AA$12 -> 0.12389381 | AC15: 82.5 | AD15: 2 | AG15: =P1 -> TNX | AH15: =R1 -> DJI | AI15: =T1 -> SPX | AJ15: =V1 -> VIX | AK15: =X1 -> QQQ | AL15: =Z1 -> AAPL
O16: =O5 -> LSTM | P16: =IF(P5=0,0, LOOKUP(P5-0.000000000001,$AC$13:$AC$29,$AD$13:$AD$29)) -> 70 | Q16: =P16/$Q$12 -> 0.12389381 | R16: =IF(R5=0,0, LOOKUP(R5-0.000000000001,$AC$13:$AC$29,$AD$13:$AD$29)) -> 95 | S16: =R16/$S$12 -> 0.14179104 | T16: =IF(T5=0,0, LOOKUP(T5-0.000000000001,$AC$13:$AC$29,$AD$13:$AD$29)) -> 75 | U16: =T16/$U$12 -> 0.11627907 | V16: =IF(V5=0,0, LOOKUP(V5-0.000000000001,$AC$13:$AC$29,$AD$13:$AD$29)) -> 10 | W16: =V16/$W$12 -> 0.12406948 | X16: =IF(X5=0,0, LOOKUP(X5-0.000000000001,$AC$13:$AC$29,$AD$13:$AD$29)) -> 95 | Y16: =X16/$Y$12 -> 0.15830695 | Z16: =IF(Z5=0,0, LOOKUP(Z5-0.000000000001,$AC$13:$AC$29,$AD$13:$AD$29)) -> 30 | AA16: =Z16/$AA$12 -> 0.053097345 | AC16: 85 | AD16: 5 | AG16: =C18 -> -0.002692809 | AH16: =C19 -> 112.09052 | AI16: =C20 -> -38.181707 | AJ16: =C21 -> 0.19346813 | AK16: =C22 -> 58.24238 | AL16: =C23 -> -0.82043655
A17: ML | B17: =B9 -> Close YF | C17: LLM-ML | D17: Correction | F17: =E9 -> ML->LLM | H17: PRE - | I17: =E9 -> ML->LLM | K17: POST - | L17: =F9 -> LLM-> +3 | O17: =O6 -> GARCH | P17: =IF(P6=0,0, LOOKUP(P6-0.000000000001,$AC$13:$AC$29,$AD$13:$AD$29)) -> 65 | Q17: =P17/$Q$12 -> 0.11504425 | R17: =IF(R6=0,0, LOOKUP(R6-0.000000000001,$AC$13:$AC$29,$AD$13:$AD$29)) -> 75 | S17: =R17/$S$12 -> 0.1119403 | T17: =IF(T6=0,0, LOOKUP(T6-0.000000000001,$AC$13:$AC$29,$AD$13:$AD$29)) -> 75 | U17: =T17/$U$12 -> 0.11627907 | V17: =IF(V6=0,0, LOOKUP(V6-0.000000000001,$AC$13:$AC$29,$AD$13:$AD$29)) -> 10 | W17: =V17/$W$12 -> 0.12406948 | X17: =IF(X6=0,0, LOOKUP(X6-0.000000000001,$AC$13:$AC$29,$AD$13:$AD$29)) -> 95 | Y17: =X17/$Y$12 -> 0.15830695 | Z17: =IF(Z6=0,0, LOOKUP(Z6-0.000000000001,$AC$13:$AC$29,$AD$13:$AD$29)) -> 30 | AA17: =Z17/$AA$12 -> 0.053097345 | AC17: 87.5 | AD17: 10 | AG17: =D18 -> 10.541982 | AH17: =D19 -> -4.0779498 | AI17: =D20 -> 2.7632695 | AJ17: =D21 -> -13.226419 | AK17: =D22 -> -0.30036937 | AL17: =D23 -> 3.2543251
A18: TNX | B18: =B10 -> 4.3 | C18: =D10-C10 -> -0.002692809 | D18: =H18*I18 -> 10.541982 | E18: =C18*D18 -> -0.028387543 | F18: =B18+C18*D18 -> 4.2716125 | G18: =TEXT(J18,"0.00%") & "" & K18 -> 0.66% ↓ | H18: -0.14527116 | I18: -72.567615 | J18: =IF((E10-B10)>0, (E10/B10-1), (1-E10/B10)) -> 0.0066017541 | K18: =IF(E10<B10," ↓"," ↑") -> ↓ | L18: 0 | O18: =O7 -> VAR | P18: =IF(P7=0,0, LOOKUP(P7-0.000000000001,$AC$13:$AC$29,$AD$13:$AD$29)) -> 0 | Q18: =P18/$Q$12 -> 0 | R18: =IF(R7=0,0, LOOKUP(R7-0.000000000001,$AC$13:$AC$29,$AD$13:$AD$29)) -> 75 | S18: =R18/$S$12 -> 0.1119403 | T18: =IF(T7=0,0, LOOKUP(T7-0.000000000001,$AC$13:$AC$29,$AD$13:$AD$29)) -> 65 | U18: =T18/$U$12 -> 0.10077519 | V18: =IF(V7=0,0, LOOKUP(V7-0.000000000001,$AC$13:$AC$29,$AD$13:$AD$29)) -> 0.1 | W18: =V18/$W$12 -> 0.0012406948 | X18: =IF(X7=0,0, LOOKUP(X7-0.000000000001,$AC$13:$AC$29,$AD$13:$AD$29)) -> 65 | Y18: =X18/$Y$12 -> 0.10831528 | Z18: =IF(Z7=0,0, LOOKUP(Z7-0.000000000001,$AC$13:$AC$29,$AD$13:$AD$29)) -> 70 | AA18: =Z18/$AA$12 -> 0.12389381 | AC18: 90 | AD18: 20 | AG18: =F18 -> 4.2716125 | AH18: =F19 -> 48031.37 | AI18: =F20 -> 6688.5537 | AJ18: =F21 -> 18.291109 | AK18: =F22 -> 590.56577 | AL18: =F23 -> 244.03003
A19: DJI | B19: =B11 -> 48488.47 | C19: =D11-C11 -> 112.09052 | D19: =H19*I19 -> -4.0779498 | E19: =C19*D19 -> -457.09951 | F19: =B19+C19*D19 -> 48031.37 | G19: =TEXT(J19,"0.00%") & "" & K19 -> 0.94% ↓ | H19: 0.58256426 | I19: -7 | J19: =IF((E11-B11)>0, (E11/B11-1), (1-E11/B11)) -> 0.0094269733 | K19: =IF(E11<B11," ↓"," ↑") -> ↓ | L19: 0 | O19: =O8 -> RW | P19: =IF(P8=0,0, LOOKUP(P8-0.000000000001,$AC$13:$AC$29,$AD$13:$AD$29)) -> 70 | Q19: =P19/$Q$12 -> 0.12389381 | R19: =IF(R8=0,0, LOOKUP(R8-0.000000000001,$AC$13:$AC$29,$AD$13:$AD$29)) -> 75 | S19: =R19/$S$12 -> 0.1119403 | T19: =IF(T8=0,0, LOOKUP(T8-0.000000000001,$AC$13:$AC$29,$AD$13:$AD$29)) -> 70 | U19: =T19/$U$12 -> 0.10852713 | V19: =IF(V8=0,0, LOOKUP(V8-0.000000000001,$AC$13:$AC$29,$AD$13:$AD$29)) -> 0.1 | W19: =V19/$W$12 -> 0.0012406948 | X19: =IF(X8=0,0, LOOKUP(X8-0.000000000001,$AC$13:$AC$29,$AD$13:$AD$29)) -> 65 | Y19: =X19/$Y$12 -> 0.10831528 | Z19: =IF(Z8=0,0, LOOKUP(Z8-0.000000000001,$AC$13:$AC$29,$AD$13:$AD$29)) -> 70 | AA19: =Z19/$AA$12 -> 0.12389381 | AC19: 92.5 | AD19: 30
A20: SPX | B20: =B12 -> 6794.06 | C20: =D12-C12 -> -38.181707 | D20: =H20*I20 -> 2.7632695 | E20: =C20*D20 -> -105.50634 | F20: =B20+C20*D20 -> 6688.5537 | G20: =TEXT(J20,"0.00%") & "" & K20 -> 1.55% ↓ | H20: 0.69081737 | I20: 4 | J20: =IF((E12-B12)>0, (E12/B12-1), (1-E12/B12)) -> 0.015529204 | K20: =IF(E12<B12," ↓"," ↑") -> ↓ | L20: 0 | O20: =O9 -> ETS | P20: =IF(P9=0,0, LOOKUP(P9-0.000000000001,$AC$13:$AC$29,$AD$13:$AD$29)) -> 70 | Q20: =P20/$Q$12 -> 0.12389381 | R20: =IF(R9=0,0, LOOKUP(R9-0.000000000001,$AC$13:$AC$29,$AD$13:$AD$29)) -> 80 | S20: =R20/$S$12 -> 0.11940299 | T20: =IF(T9=0,0, LOOKUP(T9-0.000000000001,$AC$13:$AC$29,$AD$13:$AD$29)) -> 70 | U20: =T20/$U$12 -> 0.10852713 | V20: =IF(V9=0,0, LOOKUP(V9-0.000000000001,$AC$13:$AC$29,$AD$13:$AD$29)) -> 0.1 | W20: =V20/$W$12 -> 0.0012406948 | X20: =IF(X9=0,0, LOOKUP(X9-0.000000000001,$AC$13:$AC$29,$AD$13:$AD$29)) -> 0.1 | Y20: =X20/$Y$12 -> 0.00016663889 | Z20: =IF(Z9=0,0, LOOKUP(Z9-0.000000000001,$AC$13:$AC$29,$AD$13:$AD$29)) -> 70 | AA20: =Z20/$AA$12 -> 0.12389381 | AC20: 95 | AD20: 40
A21: VIX | B21: =B13 -> 20.85 | C21: =D13-C13 -> 0.19346813 | D21: =H21*I21 -> -13.226419 | E21: =C21*D21 -> -2.5588906 | F21: =B21+C21*D21 -> 18.291109 | G21: =TEXT(J21,"0.00%") & "" & K21 -> 12.27% ↓ | H21: 0.074305725 | I21: -178 | J21: =IF((E13-B13)>0, (E13/B13-1), (1-E13/B13)) -> 0.12272857 | K21: =IF(E13<B13," ↓"," ↑") -> ↓ | L21: 0 | O21: =O10 -> DynaMix | P21: =IF(P10=0,0, LOOKUP(P10-0.000000000001,$AC$13:$AC$29,$AD$13:$AD$29)) -> 50 | Q21: =P21/$Q$12 -> 0.088495575 | R21: =IF(R10=0,0, LOOKUP(R10-0.000000000001,$AC$13:$AC$29,$AD$13:$AD$29)) -> 65 | S21: =R21/$S$12 -> 0.097014925 | T21: =IF(T10=0,0, LOOKUP(T10-0.000000000001,$AC$13:$AC$29,$AD$13:$AD$29)) -> 80 | U21: =T21/$U$12 -> 0.12403101 | V21: =IF(V10=0,0, LOOKUP(V10-0.000000000001,$AC$13:$AC$29,$AD$13:$AD$29)) -> 0.1 | W21: =V21/$W$12 -> 0.0012406948 | X21: =IF(X10=0,0, LOOKUP(X10-0.000000000001,$AC$13:$AC$29,$AD$13:$AD$29)) -> 65 | Y21: =X21/$Y$12 -> 0.10831528 | Z21: =IF(Z10=0,0, LOOKUP(Z10-0.000000000001,$AC$13:$AC$29,$AD$13:$AD$29)) -> 60 | AA21: =Z21/$AA$12 -> 0.10619469 | AC21: 96 | AD21: 50 | AG21: model | AH21: Oraclum | AI21: RD | AK21: 85520 | AM21: +3-day | AP21: =(AI22-AH22)/AH22 -> -0.013953488 | AQ21: =IF(AI22-AH22>0,"↑","↓") -> ↓ | AR21: =(AK22-AH22)/AH22 -> -0.011627907 | AS21: =IF(AK22-AH22>0,"↑","↓") -> ↓ | AT21: =(AM22-AH22)/AH22 -> -0.016046512 | AU21: =IF(AM22-AH22>0,"↑","↓") -> ↓
A22: QQQ | B22: =B14 -> 608.06 | C22: =D14-C14 -> 58.24238 | D22: =H22*I22 -> -0.30036937 | E22: =C22*D22 -> -17.494227 | F22: =B22+C22*D22 -> 590.56577 | G22: =TEXT(J22,"0.00%") & "" & K22 -> 2.88% ↓ | H22: -0.20024625 | I22: 1.5 | J22: =IF((E14-B14)>0, (E14/B14-1), (1-E14/B14)) -> 0.02877056 | K22: =IF(E14<B14," ↓"," ↑") -> ↓ | L22: 0 | AC22: 97 | AD22: 60 | AG22: TNX | AH22: =B10 -> 4.3 | AI22: =B27 -> 4.24 | AJ22: =CONCATENATE(TEXT(AP21,"0.00%")," ",AQ21) -> -1.40% ↓ | AK22: =D27 -> 4.25 | AL22: =CONCATENATE(TEXT(AR21,"0.00%")," ",AS21) -> -1.16% ↓ | AM22: =G10 -> 4.231 | AN22: =CONCATENATE(TEXT(AT21,"0.00%")," ",AU21) -> -1.60% ↓ | AP22: =(AI23-AH23)/AH23 -> 0.0069197894 | AQ22: =IF(AI23-AH23>0,"↑","↓") -> ↑ | AR22: =(AK23-AH23)/AH23 -> 0.007620987 | AS22: =IF(AK23-AH23>0,"↑","↓") -> ↑ | AT22: =(AM23-AH23)/AH23 -> 0.01258526 | AU22: =IF(AM23-AH23>0,"↑","↓") -> ↑
A23: AAPL | B23: =B15 -> 246.7 | C23: =D15-C15 -> -0.82043655 | D23: =H23*I23 -> 3.2543251 | E23: =C23*D23 -> -2.6699672 | F23: =B23+C23*D23 -> 244.03003 | G23: =TEXT(J23,"0.00%") & "" & K23 -> 1.08% ↓ | H23: 4.3103643 | I23: 0.755 | J23: =IF((E15-B15)>0, (E15/B15-1), (1-E15/B15)) -> 0.010822729 | K23: =IF(E15<B15," ↓"," ↑") -> ↓ | L23: 0 | O23: History | P23: TNX | Q23: =SUM(P24:P32) -> 602.5 | R23: DJI | S23: =SUM(R24:R32) -> 697.5 | T23: SPX | U23: =SUM(T24:T32) -> 785 | V23: VIX | W23: =SUM(V24:V32) -> 270.3 | X23: QQQ | Y23: =SUM(X24:X32) -> 647.5 | Z23: AAPL | AA23: =SUM(Z24:Z32) -> 531.325 | AC23: 98 | AD23: 65 | AG23: DJI | AH23: =B11 -> 48488.47 | AI23: =B28 -> 48824 | AJ23: =CONCATENATE(TEXT(AP22,"0.00%")," ",AQ22) -> 0.69% ↑ | AK23: =D28 -> 48858 | AL23: =CONCATENATE(TEXT(AR22,"0.00%")," ",AS22) -> 0.76% ↑ | AM23: =G11 -> 49098.71 | AN23: =CONCATENATE(TEXT(AT22,"0.00%")," ",AU22) -> 1.26% ↑ | AP23: =(AI24-AH24)/AH24 -> 0.0024933545 | AQ23: =IF(AI24-AH24>0,"↑","↓") -> ↑ | AR23: =(AK24-AH24)/AH24 -> 0.0029349167 | AS23: =IF(AK24-AH24>0,"↑","↓") -> ↑ | AT23: =(AM24-AH24)/AH24 -> 0.0178921 | AU23: =IF(AM24-AH24>0,"↑","↓") -> ↑
