Workbook

Sheet 26-1-08
A1: model | B1: O 5.2 | C1: Grok 4.1 | D1: Gemini Pro 3 | E1: Claude | F1: GLM-4.7 | G1: Kimi 2.5 | H1: Minimax 2.1 | I1: LeChat | J1: Qwen | L1: 26-Q1-08 | N1: Accuracy | O1: TNX | P1: =SUM(O2:O10) -> 889.86536 | Q1: DJI | R1: =SUM(Q2:Q10) -> 893.18423 | S1: SPX | T1: =SUM(S2:S10) -> 897.60837 | U1: VIX | V1: =SUM(U2:U10) -> 882.50393 | W1: QQQ | X1: =SUM(W2:W10) -> 897.56574 | Y1: AAPL | Z1: =SUM(Y2:Y9) -> 770.6705 | AB1: AVR-4 | AC1: AVR-6 | AH1: max-Q | AL1: REPORT | AO1: Round | AP1: 2 | AQ1: =K10 -> +3-day | AR1: User1 | AS1: User2 | AT1: User3
A2: TNX | B2: 4.03 | C2: 4.05 | D2: 4.05 | E2: 4.055 | F2: 4.033 | G2: 4.043 | H2: 4.01 | I2: 4.05 | J2: 4.03 | N2: =B1 -> O 5.2 | O2: =100-ABS((($K11-B2)/($K11)))*100 -> 98.653611 | P2: =O2/$P$1 -> 0.11086353 | Q2: =100-ABS((($K12-B3)/($K12)))*100 -> 99.419719 | R2: =Q2/$R$1 -> 0.11130931 | S2: =100-ABS((($K13-B4)/($K13)))*100 -> 99.775961 | T2: =S2/$T$1 -> 0.11115757 | U2: =100-ABS((($K14-B5)/($K14)))*100 -> 97.537978 | V2: =U2/$V$1 -> 0.11052413 | W2: =100-ABS((($K15-B6)/($K15)))*100 -> 99.868596 | X2: =W2/$X$1 -> 0.11126605 | Y2: =100-ABS((($K16-B7)/($K16)))*100 -> 96.541689 | Z2: =Y2/$Z$1 -> 0.12526973 | AB2: =(Q2+S2+U2+W2)/4 -> 99.150564 | AC2: =(O2+Q2+S2+U2+W2+Y2)/6 -> 98.632926 | AD2: =IF($AB2=MAX(AB2:AB10),"TOP","") | AE2: =IF($AC2=MAX(AC2:AC10),"TOP","") | AG2: TNX | AH2: GLM, L | AI2: =MAX(O2:P10) -> 99.265606 | AK2: =AG2 -> TNX | AL2: 4.25 | AM2: =100-ABS(($K11-AL2)/($K11))*100 -> 95.960832 | AP2: Ticker | AQ2: Exact | AR2: ∆ | AS2: =AR2 -> ∆ | AT2: =AS2 -> ∆ | AU2: Penalty function
A3: DJI | B3: 49338 | C3: 49320 | D3: 49290 | E3: 49300 | F3: 48705.34 | G3: 49408 | H3: 49320 | I3: 49250 | J3: 49320 | L3: 2026/03/03 | N3: =C1 -> Grok 4.1 | O3: =100-ABS((($K11-C2)/($K11)))*100 -> 99.143207 | P3: =O3/$P$1 -> 0.11141372 | Q3: =100-ABS((($K12-C3)/($K12)))*100 -> 99.383448 | R3: =Q3/$R$1 -> 0.1112687 | S3: =100-ABS((($K13-C4)/($K13)))*100 -> 99.877271 | T3: =S3/$T$1 -> 0.11127043 | U3: =100-ABS((($K14-C5)/($K14)))*100 -> 99.947617 | V3: =U3/$V$1 -> 0.11325459 | W3: =100-ABS((($K15-C6)/($K15)))*100 -> 99.804537 | X3: =W3/$X$1 -> 0.11119468 | Y3: =100-ABS((($K16-C7)/($K16)))*100 -> 96.250661 | Z3: =Y3/$Z$1 -> 0.12489211 | AB3: =(Q3+S3+U3+W3)/4 -> 99.753218 | AC3: =(O3+Q3+S3+U3+W3+Y3)/6 -> 99.06779 | AD3: =IF($AB3=MAX(AB2:AB10),"TOP","") -> TOP | AE3: =IF($AC3=MAX(AC2:AC10),"TOP","") | AG3: DJI | AH3: GLM | AI3: =MAX(Q2:R10) -> 99.560774 | AK3: =AG3 -> DJI | AL3: 48833 | AM3: =100-ABS(($K12-AL3)/($K12))*100 -> 98.402107 | AP3: =AG2 -> TNX | AQ3: =K11 -> 4.085 | AR3: =ABS(C29-AQ3) -> 0.075 | AS3: =ABS(E29-K11) -> 0.035 | AT3: =ABS(AQ3-G29) -> 0.005 | AU3: N/A
A4: SPX | B4: 6925 | C4: 6918 | D4: 6915 | E4: 6920 | F4: 6891.15 | G4: 6925 | H4: 6922 | I4: 6835 | J4: 6914 | N4: =D1 -> Gemini Pro 3 | O4: =100-ABS((($K11-D2)/($K11)))*100 -> 99.143207 | P4: =O4/$P$1 -> 0.11141372 | Q4: =100-ABS((($K12-D3)/($K12)))*100 -> 99.322996 | R4: =Q4/$R$1 -> 0.11120102 | S4: =100-ABS((($K13-D4)/($K13)))*100 -> 99.920689 | T4: =S4/$T$1 -> 0.1113188 | U4: =100-ABS((($K14-D5)/($K14)))*100 -> 99.947617 | V4: =U4/$V$1 -> 0.11325459 | W4: =100-ABS((($K15-D6)/($K15)))*100 -> 99.763473 | X4: =W4/$X$1 -> 0.11114893 | Y4: =100-ABS((($K16-D7)/($K16)))*100 -> 96.401844 | Z4: =Y4/$Z$1 -> 0.12508828 | AB4: =(Q4+S4+U4+W4)/4 -> 99.738694 | AC4: =(O4+Q4+S4+U4+W4+Y4)/6 -> 99.083304 | AD4: =IF($AB4=MAX(AB2:AB10),"TOP","") | AE4: =IF($AC4=MAX(AC2:AC10),"TOP","") -> TOP | AG4: SPX | AH4: C | AI4: =MAX(S2:T10) -> 99.935162 | AK4: =AG4 -> SPX | AL4: 6810 | AM4: =100-ABS(($K13-AL4)/($K13))*100 -> 98.559668 | AP4: =AG3 -> DJI | AQ4: =K12 -> 49625.97 | AR4: =ABS(C12-AQ4) -> 10.97 | AS4: =ABS(E12-AQ4) -> 42.97 | AT4: =ABS(AQ4-G12) -> 3.97 | AU4: F1
A5: VIX | B5: 19.56 | C5: 19.1 | D5: 19.1 | E5: 19.2 | F5: 20.25 | G5: 19.76 | H5: 19.2 | I5: 19 | J5: 18.38 | L5: LLM | N5: =E1 -> Claude | O5: =100-ABS((($K11-E2)/($K11)))*100 -> 99.265606 | P5: =O5/$P$1 -> 0.11155126 | Q5: =100-ABS((($K12-E3)/($K12)))*100 -> 99.343146 | R5: =Q5/$R$1 -> 0.11122358 | S5: =100-ABS((($K13-E4)/($K13)))*100 -> 99.848325 | T5: =S5/$T$1 -> 0.11123818 | U5: =100-ABS((($K14-E5)/($K14)))*100 -> 99.423782 | V5: =U5/$V$1 -> 0.11266101 | W5: =100-ABS((($K15-E6)/($K15)))*100 -> 99.640282 | X5: =W5/$X$1 -> 0.11101168 | Y5: =100-ABS((($K16-E7)/($K16)))*100 -> 96.061683 | Z5: =Y5/$Z$1 -> 0.12464689 | AB5: =(Q5+S5+U5+W5)/4 -> 99.563884 | AC5: =(O5+Q5+S5+U5+W5+Y5)/6 -> 98.930471 | AD5: =IF($AB5=MAX(AB2:AB10),"TOP","") | AE5: =IF($AC5=MAX(AC2:AC10),"TOP","") | AG5: VIX | AH5: M | AI5: =MAX(U2:V10) -> 99.947617 | AK5: =AG5 -> VIX | AL5: 19.1 | AM5: =100-ABS(($K14-AL5)/($K14))*100 -> 99.947617 | AP5: =AG4 -> SPX | AQ5: =K13 -> 6909.52 | AR5: =ABS(C13-AQ5) -> 2.52 | AS5: =ABS(E13-AQ5) -> 3.48 | AT5: =ABS(AQ5-G13) -> 59.52 | AU5: F2
A6: QQQ | B6: 609.61 | C6: 610 | D6: 610.25 | E6: 611 | F6: 606.37 | G6: 611 | H6: 612 | I6: 610 | J6: 609 | N6: =F1 -> GLM-4.7 | O6: =100-ABS((($K11-F2)/($K11)))*100 -> 98.72705 | P6: =O6/$P$1 -> 0.11094605 | Q6: =100-ABS((($K12-F3)/($K12)))*100 -> 98.144862 | R6: =Q6/$R$1 -> 0.10988199 | S6: =100-ABS((($K13-F4)/($K13)))*100 -> 99.734135 | T6: =S6/$T$1 -> 0.11111097 | U6: =100-ABS((($K14-F5)/($K14)))*100 -> 93.92352 | V6: =U6/$V$1 -> 0.10642844 | W6: =100-ABS((($K15-F6)/($K15)))*100 -> 99.599218 | X6: =W6/$X$1 -> 0.11096593 | Y6: =100-ABS((($K16-F7)/($K16)))*100 -> 96.851614 | Z6: =Y6/$Z$1 -> 0.12567188 | AB6: =(Q6+S6+U6+W6)/4 -> 97.850434 | AC6: =(O6+Q6+S6+U6+W6+Y6)/6 -> 97.830067 | AD6: =IF($AB6=MAX(AB2:AB10),"TOP","") | AE6: =IF($AC6=MAX(AC2:AC10),"TOP","") | AG6: QQQ | AH6: o | AI6: =MAX(W2:X10) -> 99.968792 | AK6: =AG6 -> QQQ | AL6: 604.8 | AM6: =100-ABS(($K15-AL6)/($K15))*100 -> 99.341338 | AP6: =AG5 -> VIX | AQ6: =K14 -> 19.09 | AR6: =ABS(C14-AQ6) -> 0.79 | AS6: =ABS(E14-AQ6) -> 0.44 | AT6: =ABS(AQ6-G14) -> 0.1 | AU6: F3
A7: AAPL | B7: 273.73 | C7: 274.5 | D7: 274.1 | E7: 275 | F7: 272.91 | G7: 275 | H7: 274 | I7: 275 | J7: 275 | L7: F & G | N7: =G1 -> Kimi 2.5 | O7: =100-ABS((($K11-G2)/($K11)))*100 -> 98.971848 | P7: =O7/$P$1 -> 0.11122115 | Q7: =100-ABS((($K12-G3)/($K12)))*100 -> 99.560774 | R7: =Q7/$R$1 -> 0.11146723 | S7: =100-ABS((($K13-G4)/($K13)))*100 -> 99.775961 | T7: =S7/$T$1 -> 0.11115757 | U7: =100-ABS((($K14-G5)/($K14)))*100 -> 96.490309 | V7: =U7/$V$1 -> 0.10933697 | W7: =100-ABS((($K15-G6)/($K15)))*100 -> 99.640282 | X7: =W7/$X$1 -> 0.11101168 | Y7: =100-ABS((($K16-G7)/($K16)))*100 -> 96.061683 | Z7: =Y7/$Z$1 -> 0.12464689 | AB7: =(Q7+S7+U7+W7)/4 -> 98.866832 | AC7: =(O7+Q7+S7+U7+W7+Y7)/6 -> 98.41681 | AD7: =IF($AB7=MAX(AB2:AB10),"TOP","") | AE7: =IF($AC7=MAX(AC2:AC10),"TOP","") | AG7: AAPL | AH7: Q | AI7: =MAX(Y2:Z10) -> 96.851614 | AK7: =AG7 -> AAPL | AL7: 245.25 | AM7: =100-ABS(($K16-AL7)/($K16))*100 -> 92.694081 | AP7: =AG6 -> QQQ | AQ7: =K15 -> 608.81 | AR7: =ABS(C15-AQ7) -> 4.49 | AS7: =ABS(E15-AQ7) -> 6.59 | AT7: =ABS(AQ7-G15) -> 5.31 | AU7: F4
L8: 43 | N8: =H1 -> Minimax 2.1 | O8: =100-ABS((($K11-H2)/($K11)))*100 -> 98.164015 | P8: =O8/$P$1 -> 0.11031333 | Q8: =100-ABS((($K12-H3)/($K12)))*100 -> 99.383448 | R8: =Q8/$R$1 -> 0.1112687 | S8: =100-ABS((($K13-H4)/($K13)))*100 -> 99.81938 | T8: =S8/$T$1 -> 0.11120594 | U8: =100-ABS((($K14-H5)/($K14)))*100 -> 99.423782 | V8: =U8/$V$1 -> 0.11266101 | W8: =100-ABS((($K15-H6)/($K15)))*100 -> 99.476027 | X8: =W8/$X$1 -> 0.11082868 | Y8: =100-ABS((($K16-H7)/($K16)))*100 -> 96.43964 | Z8: =Y8/$Z$1 -> 0.12513732 | AB8: =(Q8+S8+U8+W8)/4 -> 99.525659 | AC8: =(O8+Q8+S8+U8+W8+Y8)/6 -> 98.784382 | AD8: =IF($AB8=MAX(AB2:AB10),"TOP","") | AE8: =IF($AC8=MAX(AC2:AC10),"TOP","") | AP8: =AG7 -> AAPL | AQ8: =K16 -> 264.58 | AR8: =ABS(C34-AQ8) -> 8.62 | AS8: =ABS(E34-K16) -> 9.72 | AT8: =ABS(AQ8-G34) -> 0.28 | AU8: N/A
L9: =IF(L8<25,AC31,IF(L8<45,AC32,IF(L8<55,AC33,IF(L8<75,AC34,AC35)))) -> Fear | N9: =I1 -> LeChat | O9: =100-ABS((($K11-I2)/($K11)))*100 -> 99.143207 | P9: =O9/$P$1 -> 0.11141372 | Q9: =100-ABS((($K12-I3)/($K12)))*100 -> 99.242393 | R9: =Q9/$R$1 -> 0.11111078 | S9: =100-ABS((($K13-I4)/($K13)))*100 -> 98.921488 | T9: =S9/$T$1 -> 0.11020562 | U9: =100-ABS((($K14-I5)/($K14)))*100 -> 99.528549 | V9: =U9/$V$1 -> 0.11277972 | W9: =100-ABS((($K15-I6)/($K15)))*100 -> 99.804537 | X9: =W9/$X$1 -> 0.11119468 | Y9: =100-ABS((($K16-I7)/($K16)))*100 -> 96.061683 | Z9: =Y9/$Z$1 -> 0.12464689 | AB9: =(Q10+S10+U10+W10)/4 -> 98.892044 | AC9: =(O10+Q10+S10+U10+W10+Y10)/6 -> 98.380578 | AD9: =IF($AB10=MAX(AB2:AB10),"TOP","") | AE9: =IF($AC9=MAX(AC2:AC10),"TOP","") | AG9: max-Q AVR-4 | AI9: =AVERAGE(AI3:AI6) -> 99.853086 | AK9: max-Q AVR-4 | AM9: =AVERAGE(AM3:AM6) -> 99.062682 | AQ9: 0 | AR9: 2.16 | AS9: 2.24 | AT9: 1.79 | AU9: Round Penalty
B10: Close YF | C10: RD | E10: 85520 | G10: MICH | I10: LLM | J10: ML | K10: +3-day | N10: =J1 -> Qwen | O10: =100-ABS((($K11-J2)/($K11)))*100 -> 98.653611 | P10: =O10/$P$1 -> 0.11086353 | Q10: =100-ABS((($K12-J3)/($K12)))*100 -> 99.383448 | R10: =Q10/$R$1 -> 0.1112687 | S10: =100-ABS((($K13-J4)/($K13)))*100 -> 99.935162 | T10: =S10/$T$1 -> 0.11133493 | U10: =100-ABS((($K14-J5)/($K14)))*100 -> 96.280775 | V10: =U10/$V$1 -> 0.10909954 | W10: =100-ABS((($K15-J6)/($K15)))*100 -> 99.968792 | X10: =W10/$X$1 -> 0.11137768 | Y10: =100-ABS((($K16-J7)/($K16)))*100 -> 96.061683 | Z10: =Y10/$Z$1 -> 0.12464689 | AB10: =(Q9+S9+U9+W9)/4 -> 99.374242 | AC10: =(O9+Q9+S9+U9+W9+Y9)/6 -> 98.783643 | AD10: =IF($AB11=MAX(AB2:AB10),"TOP","") | AE10: =IF($AC10=MAX(AC2:AC10),"TOP","") | AG10: max AVR-6 | AI10: =AVERAGE(AI2:AI7) -> 99.254927 | AK10: max AVR-6 | AM10: =AVERAGE(AM2:AM7) -> 97.484274 | AQ10: 0 | AR10: 5.28 | AS10: 5.33 | AT10: 5.1 | AU10: Total Penalty
A11: TNX | B11: 4.033 | C11: 4.01 | D11: =IF(ABS(K11-I11)<ABS(C11-K11),$I$10,$C$10) -> LLM | E11: 4.05 | F11: =IF(ABS(K11-I11)<ABS(K11-E11),$I$10,$E$10) -> 85520 | G11: 4.08 | H11: =IF(ABS(I11-K11)<ABS(K11-G11),$I$10,$G$10) -> MICH | I11: =(B2*P24)+(C2*P25)+(D2*P26)+(E2*P27)+(F2*P28)+(G2*P29)+(H2*P30)+(I2*P31)+(J2*P31) -> 4.0388972 | J11: 4.0421697 | K11: 4.085
A12: DJI | B12: 49174.5 | C12: 49615 | D12: =IF(ABS(K12-I12)<ABS(C12-K12),$I$10,$C$10) -> RD | E12: 49583 | F12: =IF(ABS(K12-I12)<ABS(K12-E12),$I$10,$E$10) -> 85520 | G12: 49622 | H12: =IF(ABS(I12-K12)<ABS(K12-G12),$I$10,$G$10) -> MICH | I12: =(B3*R24)+(C3*R25)+(D3*R26)+(E3*R27)+(F3*R28)+(G3*R29)+(H3*R30)+(I3*R31)+(J3*R31) -> 49251.484 | J12: 49221.088 | K12: 49625.97 | N12: Update | O12: TNX | P12: =SUM(O13:O21) -> 650 | Q12: DJI | R12: =SUM(Q13:Q21) -> 710 | S12: SPX | T12: =SUM(S13:S21) -> 825 | U12: VIX | V12: =SUM(U13:U21) -> 630 | W12: QQQ | X12: =SUM(W13:W21) -> 825 | Y12: AAPL | Z12: =SUM(Y13:Y21) -> 450 | AB12: Value | AC12: Assign | AG12: =B19 -> Close YF | AH12: =(I20-B20)/B20 -> 0.012893628 | AI12: =IF(K11-B20>0,"↑","↓") -> ↑ | AJ12: =(C20-B20)/B20 -> -0.0057029507 | AK12: =IF(C20-B20>0,"↑","↓") -> ↓ | AL12: =(E20-B20)/B20 -> 0.0042152244 | AM12: =IF(E20-B20>0,"↑","↓") -> ↑ | AN12: =(G20-B20)/B20 -> 0.011653856 | AO12: =IF(G20-B20>0,"↑","↓") -> ↑
A13: SPX | B13: 6890.07 | C13: 6907 | D13: =IF(ABS(K13-I13)<ABS(C13-K13),$I$10,$C$10) -> LLM | E13: 6913 | F13: =IF(ABS(K13-I13)<ABS(K13-E13),$I$10,$E$10) -> LLM | G13: 6850 | H13: =IF(ABS(I13-K13)<ABS(K13-G13),$I$10,$G$10) -> LLM | I13: =(B4*T24)+(C4*T25)+(D4*T26)+(E4*T27)+(F4*T28)+(G4*T29)+(H4*T30)+(I4*T31)+(J4*T31) -> 6907.2033 | J13: 6912.7657 | K13: 6909.52 | N13: =N2 -> O 5.2 | O13: =IF(O2=0,0, LOOKUP(O2-0.000000000001,$AB$13:$AB$29,$AC$13:$AC$29)) -> 70 | P13: =O13/$P$12 -> 0.10769231 | Q13: =IF(Q2=0,0, LOOKUP(Q2-0.000000000001,$AB$13:$AB$29,$AC$13:$AC$29)) -> 80 | R13: =Q13/$R$12 -> 0.11267606 | S13: =IF(S2=0,0, LOOKUP(S2-0.000000000001,$AB$13:$AB$29,$AC$13:$AC$29)) -> 95 | T13: =S13/$T$12 -> 0.11515152 | U13: =IF(U2=0,0, LOOKUP(U2-0.000000000001,$AB$13:$AB$29,$AC$13:$AC$29)) -> 60 | V13: =U13/$V$12 -> 0.095238095 | W13: =IF(W2=0,0, LOOKUP(W2-0.000000000001,$AB$13:$AB$29,$AC$13:$AC$29)) -> 95 | X13: =W13/$X$12 -> 0.11515152 | Y13: =IF(Y2=0,0, LOOKUP(Y2-0.000000000001,$AB$13:$AB$29,$AC$13:$AC$29)) -> 50 | Z13: =Y13/$Z$12 -> 0.11111111 | AB13: 1 | AC13: 0.1 | AH13: =(I21-B21)/B21 -> 0.0091809779 | AI13: =IF(I21-B21>0,"↑","↓") -> ↑ | AJ13: =(C21-B21)/B21 -> 0.0089578948 | AK13: =IF(C21-B21>0,"↑","↓") -> ↑ | AL13: =(E21-B21)/B21 -> 0.0083071511 | AM13: =IF(E21-B21>0,"↑","↓") -> ↑ | AN13: =(G21-B21)/B21 -> 0.009100245 | AO13: =IF(G21-B21>0,"↑","↓") -> ↑ | AP13: DJI | AQ13: =K10 -> +3-day | AR13: User1 | AS13: User2 | AT13: User3 | AU13: F1 | AV13: 893 | AW13: TEST | AX13: BEST = | AY13: 893
A14: VIX | B14: 19.55 | C14: 18.3 | D14: =IF(ABS(K14-I14)<ABS(C14-K14),$I$10,$C$10) -> LLM | E14: 18.65 | F14: =IF(ABS(K14-I14)<ABS(K14-E14),$I$10,$E$10) -> LLM | G14: 19.19 | H14: =IF(ABS(I14-K14)<ABS(K14-G14),$I$10,$G$10) -> MICH | I14: =(B5*V24)+(C5*V25)+(D5*V26)+(E5*V27)+(F5*V28)+(G5*V29)+(H5*V30)+(I5*V31)+(J5*V31) -> 19.318179 | J14: 18.934458 | K14: 19.09 | N14: =N3 -> Grok 4.1 | O14: =IF(O3=0,0, LOOKUP(O3-0.000000000001,$AB$13:$AB$29,$AC$13:$AC$29)) -> 75 | P14: =O14/$P$12 -> 0.11538462 | Q14: =IF(Q3=0,0, LOOKUP(Q3-0.000000000001,$AB$13:$AB$29,$AC$13:$AC$29)) -> 80 | R14: =Q14/$R$12 -> 0.11267606 | S14: =IF(S3=0,0, LOOKUP(S3-0.000000000001,$AB$13:$AB$29,$AC$13:$AC$29)) -> 95 | T14: =S14/$T$12 -> 0.11515152 | U14: =IF(U3=0,0, LOOKUP(U3-0.000000000001,$AB$13:$AB$29,$AC$13:$AC$29)) -> 95 | V14: =U14/$V$12 -> 0.15079365 | W14: =IF(W3=0,0, LOOKUP(W3-0.000000000001,$AB$13:$AB$29,$AC$13:$AC$29)) -> 95 | X14: =W14/$X$12 -> 0.11515152 | Y14: =IF(Y3=0,0, LOOKUP(Y3-0.000000000001,$AB$13:$AB$29,$AC$13:$AC$29)) -> 50 | Z14: =Y14/$Z$12 -> 0.11111111 | AB14: 80 | AC14: 1 | AH14: =(I22-B22)/B22 -> 0.0028229031 | AI14: =IF(I22-B22>0,"↑","↓") -> ↑ | AJ14: =(C22-B22)/B22 -> 0.0024571594 | AK14: =IF(C22-B22>0,"↑","↓") -> ↑ | AL14: =(E22-B22)/B22 -> 0.0033279778 | AM14: =IF(E22-B22>0,"↑","↓") -> ↑ | AN14: =(G22-B22)/B22 -> -0.0058156158 | AO14: =IF(G22-B22>0,"↑","↓") -> ↓ | AQ14: 0 | AR14: =AR15/AU15 -> 0.012284434 | AS14: =AS15/AU15 -> 0.048118701 | AT14: =AT15/AU15 -> 0.0044456887 | AU14: 5 | AV14: 1 | AW14: Scale | AX14: RANGE = | AY14: =AV13/AQ4 -> 0.01799461
A15: QQQ | B15: 607.87 | C15: 613.3 | D15: =IF(ABS(K15-I15)<ABS(C15-K15),$I$10,$C$10) -> LLM | E15: 615.4 | F15: =IF(ABS(K15-I15)<ABS(K15-E15),$I$10,$E$10) -> LLM | G15: 603.5 | H15: =IF(ABS(I15-K15)<ABS(K15-G15),$I$10,$G$10) -> LLM | I15: =(B6*X24)+(C6*X25)+(D6*X26)+(E6*X27)+(F6*X28)+(G6*X29)+(H6*X30)+(I6*X31)+(J6*X31) -> 609.91082 | J15: 609.60971 | K15: 608.81 | N15: =N4 -> Gemini Pro 3 | O15: =IF(O4=0,0, LOOKUP(O4-0.000000000001,$AB$13:$AB$29,$AC$13:$AC$29)) -> 75 | P15: =O15/$P$12 -> 0.11538462 | Q15: =IF(Q4=0,0, LOOKUP(Q4-0.000000000001,$AB$13:$AB$29,$AC$13:$AC$29)) -> 80 | R15: =Q15/$R$12 -> 0.11267606 | S15: =IF(S4=0,0, LOOKUP(S4-0.000000000001,$AB$13:$AB$29,$AC$13:$AC$29)) -> 95 | T15: =S15/$T$12 -> 0.11515152 | U15: =IF(U4=0,0, LOOKUP(U4-0.000000000001,$AB$13:$AB$29,$AC$13:$AC$29)) -> 95 | V15: =U15/$V$12 -> 0.15079365 | W15: =IF(W4=0,0, LOOKUP(W4-0.000000000001,$AB$13:$AB$29,$AC$13:$AC$29)) -> 95 | X15: =W15/$X$12 -> 0.11515152 | Y15: =IF(Y4=0,0, LOOKUP(Y4-0.000000000001,$AB$13:$AB$29,$AC$13:$AC$29)) -> 50 | Z15: =Y15/$Z$12 -> 0.11111111 | AB15: 82.5 | AC15: 2 | AH15: =(I23-B23)/B23 -> -0.023529412 | AI15: =IF(I23-B23>0,"↑","↓") -> ↓ | AJ15: =(C23-B23)/B23 -> -0.063938619 | AK15: =IF(C23-B23>0,"↑","↓") -> ↓ | AL15: =(E23-B23)/B23 -> -0.046035806 | AM15: =IF(E23-B23>0,"↑","↓") -> ↓ | AN15: =(G23-B23)/B23 -> -0.018414322 | AO15: =IF(G23-B23>0,"↑","↓") -> ↓ | AQ15: 0 | AR15: =AR4 -> 10.97 | AS15: =AS4 -> 42.97 | AT15: =AT4 -> 3.97 | AU15: =AV14*AV13 -> 893
A16: AAPL | B16: 272.14 | C16: 273.2 | D16: =IF(ABS(K16-I16)<ABS(C16-K16),$I$10,$C$10) -> RD | E16: 274.3 | F16: =IF(ABS(K16-I16)<ABS(K16-E16),$I$10,$E$10) -> 85520 | G16: 264.3 | H16: =IF(ABS(I16-K16)<ABS(K16-G16),$I$10,$G$10) -> MICH | I16: =(B7*Z24)+(C7*Z25)+(D7*Z26)+(E7*Z27)+(F7*Z28)+(G7*Z29)+(H7*Z30)+(I7*Z31)+(J7*Z31) -> 274.37624 | J16: 271.24407 | K16: 264.58 | N16: =N5 -> Claude | O16: =IF(O5=0,0, LOOKUP(O5-0.000000000001,$AB$13:$AB$29,$AC$13:$AC$29)) -> 80 | P16: =O16/$P$12 -> 0.12307692 | Q16: =IF(Q5=0,0, LOOKUP(Q5-0.000000000001,$AB$13:$AB$29,$AC$13:$AC$29)) -> 80 | R16: =Q16/$R$12 -> 0.11267606 | S16: =IF(S5=0,0, LOOKUP(S5-0.000000000001,$AB$13:$AB$29,$AC$13:$AC$29)) -> 95 | T16: =S16/$T$12 -> 0.11515152 | U16: =IF(U5=0,0, LOOKUP(U5-0.000000000001,$AB$13:$AB$29,$AC$13:$AC$29)) -> 80 | V16: =U16/$V$12 -> 0.12698413 | W16: =IF(W5=0,0, LOOKUP(W5-0.000000000001,$AB$13:$AB$29,$AC$13:$AC$29)) -> 90 | X16: =W16/$X$12 -> 0.10909091 | Y16: =IF(Y5=0,0, LOOKUP(Y5-0.000000000001,$AB$13:$AB$29,$AC$13:$AC$29)) -> 50 | Z16: =Y16/$Z$12 -> 0.11111111 | AB16: 85 | AC16: 5 | AH16: =(I24-B24)/B24 -> 0.0015463833 | AI16: =IF(I24-B24>0,"↑","↓") -> ↑ | AJ16: =(C24-B24)/B24 -> 0.008932831 | AK16: =IF(C24-B24>0,"↑","↓") -> ↑ | AL16: =(E24-B24)/B24 -> 0.012387517 | AM16: =IF(E24-B24>0,"↑","↓") -> ↑ | AN16: =(G24-B24)/B24 -> -0.0071890371 | AO16: =IF(G24-B24>0,"↑","↓") -> ↓
N17: =N6 -> GLM-4.7 | O17: =IF(O6=0,0, LOOKUP(O6-0.000000000001,$AB$13:$AB$29,$AC$13:$AC$29)) -> 70 | P17: =O17/$P$12 -> 0.10769231 | Q17: =IF(Q6=0,0, LOOKUP(Q6-0.000000000001,$AB$13:$AB$29,$AC$13:$AC$29)) -> 65 | R17: =Q17/$R$12 -> 0.091549296 | S17: =IF(S6=0,0, LOOKUP(S6-0.000000000001,$AB$13:$AB$29,$AC$13:$AC$29)) -> 90 | T17: =S17/$T$12 -> 0.10909091 | U17: =IF(U6=0,0, LOOKUP(U6-0.000000000001,$AB$13:$AB$29,$AC$13:$AC$29)) -> 30 | V17: =U17/$V$12 -> 0.047619048 | W17: =IF(W6=0,0, LOOKUP(W6-0.000000000001,$AB$13:$AB$29,$AC$13:$AC$29)) -> 90 | X17: =W17/$X$12 -> 0.10909091 | Y17: =IF(Y6=0,0, LOOKUP(Y6-0.000000000001,$AB$13:$AB$29,$AC$13:$AC$29)) -> 50 | Z17: =Y17/$Z$12 -> 0.11111111 | AB17: 87.5 | AC17: 10 | AH17: =(I25-B25)/B25 -> -0.027779819 | AI17: =IF(I25-B25>0,"↑","↓") -> ↓ | AJ17: =(C25-B25)/B25 -> 0.003895054 | AK17: =IF(C25-B25>0,"↑","↓") -> ↑ | AL17: =(E25-B25)/B25 -> 0.0079370912 | AM17: =IF(E25-B25>0,"↑","↓") -> ↑ | AN17: =(G25-B25)/B25 -> -0.028808701 | AO17: =IF(G25-B25>0,"↑","↓") -> ↓ | AP17: SPX | AQ17: =AQ13 -> +3-day | AR17: =AR13 -> User1 | AS17: =AS13 -> User2 | AT17: =AT13 -> User3 | AU17: F2 | AV17: 225.6 | AW17: =AW13 -> TEST | AX17: =AX13 -> BEST = | AY17: 225.6
N18: =N7 -> Kimi 2.5 | O18: =IF(O7=0,0, LOOKUP(O7-0.000000000001,$AB$13:$AB$29,$AC$13:$AC$29)) -> 70 | P18: =O18/$P$12 -> 0.10769231 | Q18: =IF(Q7=0,0, LOOKUP(Q7-0.000000000001,$AB$13:$AB$29,$AC$13:$AC$29)) -> 90 | R18: =Q18/$R$12 -> 0.12676056 | S18: =IF(S7=0,0, LOOKUP(S7-0.000000000001,$AB$13:$AB$29,$AC$13:$AC$29)) -> 95 | T18: =S18/$T$12 -> 0.11515152 | U18: =IF(U7=0,0, LOOKUP(U7-0.000000000001,$AB$13:$AB$29,$AC$13:$AC$29)) -> 50 | V18: =U18/$V$12 -> 0.079365079 | W18: =IF(W7=0,0, LOOKUP(W7-0.000000000001,$AB$13:$AB$29,$AC$13:$AC$29)) -> 90 | X18: =W18/$X$12 -> 0.10909091 | Y18: =IF(Y7=0,0, LOOKUP(Y7-0.000000000001,$AB$13:$AB$29,$AC$13:$AC$29)) -> 50 | Z18: =Y18/$Z$12 -> 0.11111111 | AB18: 90 | AC18: 20 | AH18: =K10 -> +3-day | AJ18: =C10 -> RD | AL18: =E10 -> 85520 | AN18: =G10 -> MICH | AQ18: 0 | AR18: =AR19/AU19 -> 0.011170213 | AS18: =AS19/AU19 -> 0.015425532 | AT18: =AT19/AU19 -> 0.26382979 | AU18: 5 | AV18: =AV14 -> 1 | AW18: =AW14 -> Scale | AX18: =AX14 -> RANGE = | AY18: =AV17/AQ5 -> 0.032650604
A19: model | B19: =B10 -> Close YF | C19: RD | E19: 85520 | G19: =G10 -> MICH | I19: +3-day | N19: =N8 -> Minimax 2.1 | O19: =IF(O8=0,0, LOOKUP(O8-0.000000000001,$AB$13:$AB$29,$AC$13:$AC$29)) -> 65 | P19: =O19/$P$12 -> 0.1 | Q19: =IF(Q8=0,0, LOOKUP(Q8-0.000000000001,$AB$13:$AB$29,$AC$13:$AC$29)) -> 80 | R19: =Q19/$R$12 -> 0.11267606 | S19: =IF(S8=0,0, LOOKUP(S8-0.000000000001,$AB$13:$AB$29,$AC$13:$AC$29)) -> 95 | T19: =S19/$T$12 -> 0.11515152 | U19: =IF(U8=0,0, LOOKUP(U8-0.000000000001,$AB$13:$AB$29,$AC$13:$AC$29)) -> 80 | V19: =U19/$V$12 -> 0.12698413 | W19: =IF(W8=0,0, LOOKUP(W8-0.000000000001,$AB$13:$AB$29,$AC$13:$AC$29)) -> 80 | X19: =W19/$X$12 -> 0.096969697 | Y19: =IF(Y8=0,0, LOOKUP(Y8-0.000000000001,$AB$13:$AB$29,$AC$13:$AC$29)) -> 50 | Z19: =Y19/$Z$12 -> 0.11111111 | AB19: 92.5 | AC19: 30 | AG19: =B28 -> Oraclum | AH19: =(I29-B29)/B29 -> 0.010138477 | AI19: =IF(I29-B29>0,"↑","↓") -> ↑ | AJ19: =(C29-B29)/B29 -> -0.0084075173 | AK19: =IF(C29-B29>0,"↑","↓") -> ↓ | AL19: =(E29-B29)/B29 -> 0.0014836795 | AM19: =IF(E29-B29>0,"↑","↓") -> ↑ | AN19: =(G29-B29)/B29 -> 0.0089020772 | AO19: =IF(G29-B29>0,"↑","↓") -> ↑ | AQ19: 0 | AR19: =AR5 -> 2.52 | AS19: =AS5 -> 3.48 | AT19: =AT5 -> 59.52 | AU19: =AV18*AV17 -> 225.6
A20: TNX | B20: =B11 -> 4.033 | C20: =C11 -> 4.01 | D20: =CONCATENATE(TEXT(AJ12,"0.00%")," ",AK12) -> -0.57% ↓ | E20: =E11 -> 4.05 | F20: =CONCATENATE(TEXT(AL12,"0.00%")," ",AM12) -> 0.42% ↑ | G20: =G11 -> 4.08 | H20: =CONCATENATE(TEXT(AN12,"0.00%")," ",AO12) -> 1.17% ↑ | I20: =K11 -> 4.085 | J20: =CONCATENATE(TEXT(AH12,"0.00%")," ",AI12) -> 1.29% ↑ | N20: =N9 -> LeChat | O20: =IF(O9=0,0, LOOKUP(O9-0.000000000001,$AB$13:$AB$29,$AC$13:$AC$29)) -> 75 | P20: =O20/$P$12 -> 0.11538462 | Q20: =IF(Q9=0,0, LOOKUP(Q9-0.000000000001,$AB$13:$AB$29,$AC$13:$AC$29)) -> 75 | R20: =Q20/$R$12 -> 0.1056338 | S20: =IF(S9=0,0, LOOKUP(S9-0.000000000001,$AB$13:$AB$29,$AC$13:$AC$29)) -> 70 | T20: =S20/$T$12 -> 0.084848485 | U20: =IF(U9=0,0, LOOKUP(U9-0.000000000001,$AB$13:$AB$29,$AC$13:$AC$29)) -> 90 | V20: =U20/$V$12 -> 0.14285714 | W20: =IF(W9=0,0, LOOKUP(W9-0.000000000001,$AB$13:$AB$29,$AC$13:$AC$29)) -> 95 | X20: =W20/$X$12 -> 0.11515152 | Y20: =IF(Y9=0,0, LOOKUP(Y9-0.000000000001,$AB$13:$AB$29,$AC$13:$AC$29)) -> 50 | Z20: =Y20/$Z$12 -> 0.11111111 | AB20: 95 | AC20: 40 | AH20: =(I30-B30)/B30 -> 0.016532958 | AI20: =IF(I30-B30>0,"↑","↓") -> ↑ | AJ20: =(C30-B30)/B30 -> 0.01630825 | AK20: =IF(C30-B30>0,"↑","↓") -> ↑ | AL20: =(E30-B30)/B30 -> 0.015652765 | AM20: =IF(E30-B30>0,"↑","↓") -> ↑ | AN20: =(G30-B30)/B30 -> 0.016451637 | AO20: =IF(G30-B30>0,"↑","↓") -> ↑
A21: DJI | B21: =B12 -> 49174.5 | C21: =C12 -> 49615 | D21: =CONCATENATE(TEXT(AJ13,"0.00%")," ",AK13) -> 0.90% ↑ | E21: =E12 -> 49583 | F21: =CONCATENATE(TEXT(AL13,"0.00%")," ",AM13) -> 0.83% ↑ | G21: =G12 -> 49622 | H21: =CONCATENATE(TEXT(AN13,"0.00%")," ",AO13) -> 0.91% ↑ | I21: =K12 -> 49625.97 | J21: =CONCATENATE(TEXT(AH13,"0.00%")," ",AI13) -> 0.92% ↑ | N21: =N10 -> Qwen | O21: =IF(O10=0,0, LOOKUP(O10-0.000000000001,$AB$13:$AB$29,$AC$13:$AC$29)) -> 70 | P21: =O21/$P$12 -> 0.10769231 | Q21: =IF(Q10=0,0, LOOKUP(Q10-0.000000000001,$AB$13:$AB$29,$AC$13:$AC$29)) -> 80 | R21: =Q21/$R$12 -> 0.11267606 | S21: =IF(S10=0,0, LOOKUP(S10-0.000000000001,$AB$13:$AB$29,$AC$13:$AC$29)) -> 95 | T21: =S21/$T$12 -> 0.11515152 | U21: =IF(U10=0,0, LOOKUP(U10-0.000000000001,$AB$13:$AB$29,$AC$13:$AC$29)) -> 50 | V21: =U21/$V$12 -> 0.079365079 | W21: =IF(W10=0,0, LOOKUP(W10-0.000000000001,$AB$13:$AB$29,$AC$13:$AC$29)) -> 95 | X21: =W21/$X$12 -> 0.11515152 | Y21: =IF(Y10=0,0, LOOKUP(Y10-0.000000000001,$AB$13:$AB$29,$AC$13:$AC$29)) -> 50 | Z21: =Y21/$Z$12 -> 0.11111111 | AB21: 96 | AC21: 50 | AH21: =(I31-B31)/B31 -> 0.010497621 | AI21: =IF(I31-B31>0,"↑","↓") -> ↑ | AJ21: =(C31-B31)/B31 -> 0.010129078 | AK21: =IF(C31-B31>0,"↑","↓") -> ↑ | AL21: =(E31-B31)/B31 -> 0.011006561 | AM21: =IF(E31-B31>0,"↑","↓") -> ↑ | AN21: =(G31-B31)/B31 -> 0.0017929901 | AO21: =IF(G31-B31>0,"↑","↓") -> ↑ | AP21: VIX | AQ21: =AQ17 -> +3-day | AR21: =AR17 -> User1 | AS21: =AS17 -> User2 | AT21: =AT17 -> User3 | AU21: F3 | AV21: 3.3 | AW21: =AW17 -> TEST | AX21: =AX17 -> BEST = | AY21: 3.3
A22: SPX | B22: =B13 -> 6890.07 | C22: =C13 -> 6907 | D22: =CONCATENATE(TEXT(AJ14,"0.00%")," ",AK14) -> 0.25% ↑ | E22: =E13 -> 6913 | F22: =CONCATENATE(TEXT(AL14,"0.00%")," ",AM14) -> 0.33% ↑ | G22: =G13 -> 6850 | H22: =CONCATENATE(TEXT(AN14,"0.00%")," ",AO14) -> -0.58% ↓ | I22: =K13 -> 6909.52 | J22: =CONCATENATE(TEXT(AH14,"0.00%")," ",AI14) -> 0.28% ↑ | AB22: 97 | AC22: 60 | AH22: =(I32-B32)/B32 -> -0.023529412 | AI22: =IF(I32-B32>0,"↑","↓") -> ↓ | AJ22: =(C32-B32)/B32 -> -0.063938619 | AK22: =IF(C32-B32>0,"↑","↓") -> ↓ | AL22: =(E32-B32)/B32 -> -0.046035806 | AM22: =IF(E32-B32>0,"↑","↓") -> ↓ | AN22: =(G32-B32)/B32 -> -0.018414322 | AO22: =IF(G32-B32>0,"↑","↓") -> ↓ | AQ22: 0 | AR22: =AR23/AU23 -> 0.23939394 | AS22: =AS23/AU23 -> 0.13333333 | AT22: =AT23/AU23 -> 0.03030303 | AU22: 5 | AV22: =AV18 -> 1 | AW22: =AW18 -> Scale | AX22: =AX18 -> RANGE = | AY22: =AV21/AQ6 -> 0.17286537
A23: VIX | B23: =B14 -> 19.55 | C23: =C14 -> 18.3 | D23: =CONCATENATE(TEXT(AJ15,"0.00%")," ",AK15) -> -6.39% ↓ | E23: =E14 -> 18.65 | F23: =CONCATENATE(TEXT(AL15,"0.00%")," ",AM15) -> -4.60% ↓ | G23: =G14 -> 19.19 | H23: =CONCATENATE(TEXT(AN15,"0.00%")," ",AO15) -> -1.84% ↓ | I23: =K14 -> 19.09 | J23: =CONCATENATE(TEXT(AH15,"0.00%")," ",AI15) -> -2.35% ↓ | N23: History | O23: TNX | P23: =SUM(O24:O32) -> 681.25 | Q23: DJI | R23: =SUM(Q24:Q32) -> 657.5 | S23: SPX | T23: =SUM(S24:S32) -> 682.5 | U23: VIX | V23: =SUM(U24:U32) -> 329.775 | W23: QQQ | X23: =SUM(W24:W32) -> 595 | Y23: AAPL | Z23: =SUM(Y24:Y32) -> 528.75 | AB23: 98 | AC23: 65 | AH23: =(I33-B33)/B33 -> 0.0015463833 | AI23: =IF(I33-B33>0,"↑","↓") -> ↑ | AJ23: =(C33-B33)/B33 -> 0.008932831 | AK23: =IF(C33-B33>0,"↑","↓") -> ↑ | AL23: =(E33-B33)/B33 -> 0.012387517 | AM23: =IF(E33-B33>0,"↑","↓") -> ↑ | AN23: =(G33-B33)/B33 -> -0.0071890371 | AO23: =IF(G33-B33>0,"↑","↓") -> ↓ | AQ23: 0 | AR23: =AR6 -> 0.79 | AS23: =AS6 -> 0.44 | AT23: =AT6 -> 0.1 | AU23: =AV22*AV21 -> 3.3
A24: QQQ | B24: =B15 -> 607.87 | C24: =C15 -> 613.3 | D24: =CONCATENATE(TEXT(AJ16,"0.00%")," ",AK16) -> 0.89% ↑ | E24: =E15 -> 615.4 | F24: =CONCATENATE(TEXT(AL16,"0.00%")," ",AM16) -> 1.24% ↑ | G24: =G15 -> 603.5 | H24: =CONCATENATE(TEXT(AN16,"0.00%")," ",AO16) -> -0.72% ↓ | I24: =K15 -> 608.81 | J24: =CONCATENATE(TEXT(AH16,"0.00%")," ",AI16) -> 0.15% ↑ | N24: =N13 -> O 5.2 | O24: 78.75 | P24: =O24/$P$23 -> 0.11559633 | Q24: 76.25 | R24: =Q24/$R$23 -> 0.11596958 | S24: 77.5 | T24: =S24/$T$23 -> 0.11355311 | U24: 41.25 | V24: =U24/$V$23 -> 0.12508529 | W24: 67.5 | X24: =W24/$X$23 -> 0.11344538 | Y24: 53.75 | Z24: =Y24/$Z$23 -> 0.10165485 | AB24: 98.5 | AC24: 70 | AH24: =(I34-B34)/B34 -> -0.027958411 | AI24: =IF(I34-B34>0,"↑","↓") -> ↓ | AJ24: =(C34-B34)/B34 -> 0.0037106433 | AK24: =IF(C34-B34>0,"↑","↓") -> ↑ | AL24: =(E34-B34)/B34 -> 0.007751938 | AM24: =IF(E34-B34>0,"↑","↓") -> ↑ | AN24: =(G34-B34)/B34 -> -0.028987105 | AO24: =IF(G34-B34>0,"↑","↓") -> ↓
A25: AAPL | B25: =B16 -> 272.14 | C25: =C16 -> 273.2 | D25: =CONCATENATE(TEXT(AJ17,"0.00%")," ",AK17) -> 0.39% ↑ | E25: =E16 -> 274.3 | F25: =CONCATENATE(TEXT(AL17,"0.00%")," ",AM17) -> 0.79% ↑ | G25: =G16 -> 264.3 | H25: =CONCATENATE(TEXT(AN17,"0.00%")," ",AO17) -> -2.88% ↓ | I25: =K16 -> 264.58 | J25: =CONCATENATE(TEXT(AH17,"0.00%")," ",AI17) -> -2.78% ↓ | N25: =N14 -> Grok 4.1 | O25: 72.5 | P25: =O25/$P$23 -> 0.10642202 | Q25: 72.5 | R25: =Q25/$R$23 -> 0.11026616 | S25: 77.5 | T25: =S25/$T$23 -> 0.11355311 | U25: 35.5 | V25: =U25/$V$23 -> 0.10764915 | W25: 65 | X25: =W25/$X$23 -> 0.1092437 | Y25: 55 | Z25: =Y25/$Z$23 -> 0.10401891 | AB25: 99 | AC25: 75 | AP25: QQQ | AQ25: =AQ21 -> +3-day | AR25: =AR21 -> User1 | AS25: =AS21 -> User2 | AT25: =AT21 -> User3 | AU25: F4 | AV25: 16 | AW25: =AW21 -> TEST | AX25: =AX21 -> BEST = | AY25: 16
N26: =N15 -> Gemini Pro 3 | O26: 75 | P26: =O26/$P$23 -> 0.11009174 | Q26: 72.5 | R26: =Q26/$R$23 -> 0.11026616 | S26: 77.5 | T26: =S26/$T$23 -> 0.11355311 | U26: 32.525 | V26: =U26/$V$23 -> 0.098627852 | W26: 65 | X26: =W26/$X$23 -> 0.1092437 | Y26: 61.25 | Z26: =Y26/$Z$23 -> 0.11583924 | AB26: 99.25 | AC26: 80 | AH26: RD | AI26: 85220 | AJ26: MICH | AK26: =J10 -> ML | AL26: =I10 -> LLM | AQ26: 0 | AR26: =AR27/AU27 -> 0.280625 | AS26: =AS27/AU27 -> 0.411875 | AT26: =AT27/AU27 -> 0.331875 | AU26: 5 | AV26: =AV22 -> 1 | AW26: =AW22 -> Scale | AX26: =AX22 -> RANGE = | AY26: =AV25/AQ7 -> 0.026280777
N27: =N16 -> Claude | O27: 72.5 | P27: =O27/$P$23 -> 0.10642202 | Q27: 72.5 | R27: =Q27/$R$23 -> 0.11026616 | S27: 75 | T27: =S27/$T$23 -> 0.10989011 | U27: 48.75 | V27: =U27/$V$23 -> 0.14782806 | W27: 67.5 | X27: =W27/$X$23 -> 0.11344538 | Y27: 55 | Z27: =Y27/$Z$23 -> 0.10401891 | AB27: 99.5 | AC27: 90 | AG27: TNX | AH27: =100-ABS(($K11-C11)/($K11))*100 -> 98.164015 | AI27: =100-ABS(($K11-E11)/($K11))*100 -> 99.143207 | AJ27: =100-ABS(($K11-G11)/($K11))*100 -> 99.877601 | AK27: =100-ABS((($K11-J11)/($K11)))*100 -> 98.951522 | AL27: =100-ABS((($K11-I11)/($K11)))*100 -> 98.871414 | AQ27: 0 | AR27: =AR7 -> 4.49 | AS27: =AS7 -> 6.59 | AT27: =AT7 -> 5.31 | AU27: =AV26*AV25 -> 16
A28: model | B28: Oraclum | C28: RD | E28: 85520 | G28: =G19 -> MICH | I28: +3-day | N28: =N17 -> GLM-4.7 | O28: 77.5 | P28: =O28/$P$23 -> 0.11376147 | Q28: 71.25 | R28: =Q28/$R$23 -> 0.10836502 | S28: 75 | T28: =S28/$T$23 -> 0.10989011 | U28: 35.5 | V28: =U28/$V$23 -> 0.10764915 | W28: 66.25 | X28: =W28/$X$23 -> 0.11134454 | Y28: 57.5 | Z28: =Y28/$Z$23 -> 0.10874704 | AB28: 99.75 | AC28: 95 | AG28: DJI | AH28: =100-ABS(($K12-C12)/($K12))*100 -> 99.977895 | AI28: =100-ABS(($K12-E12)/($K12))*100 -> 99.913412 | AJ28: =100-ABS(($K12-G12)/($K12))*100 -> 99.992 | AK28: =100-ABS((($K12-J12)/($K12)))*100 -> 99.184133 | AL28: =100-ABS((($K12-I12)/($K12)))*100 -> 99.245382
A29: TNX | B29: 4.044 | C29: =C20 -> 4.01 | D29: =CONCATENATE(TEXT(AJ19,"0.00%")," ",AK19) -> -0.84% ↓ | E29: =E20 -> 4.05 | F29: =CONCATENATE(TEXT(AL19,"0.00%")," ",AM19) -> 0.15% ↑ | G29: =G20 -> 4.08 | H29: =CONCATENATE(TEXT(AN19,"0.00%")," ",AO19) -> 0.89% ↑ | I29: =I20 -> 4.085 | J29: =CONCATENATE(TEXT(AH19,"0.00%")," ",AI19) -> 1.01% ↑ | N29: =N18 -> Kimi 2.5 | O29: 76.25 | P29: =O29/$P$23 -> 0.11192661 | Q29: 70 | R29: =Q29/$R$23 -> 0.10646388 | S29: 76.25 | T29: =S29/$T$23 -> 0.11172161 | U29: 38.75 | V29: =U29/$V$23 -> 0.11750436 | W29: 66.25 | X29: =W29/$X$23 -> 0.11134454 | Y29: 60 | Z29: =Y29/$Z$23 -> 0.11347518 | AB29: 99.99 | AC29: 100 | AG29: SPX | AH29: =100-ABS(($K13-C13)/($K13))*100 -> 99.963529 | AI29: =100-ABS(($K13-E13)/($K13))*100 -> 99.949635 | AJ29: =100-ABS(($K13-G13)/($K13))*100 -> 99.13858 | AK29: =100-ABS((($K13-J13)/($K13)))*100 -> 99.953025 | AL29: =100-ABS((($K13-I13)/($K13)))*100 -> 99.966471 | AR29: User1 | AS29: User2 | AT29: User3
A30: DJI | B30: 48818.85 | C30: =C21 -> 49615 | D30: =CONCATENATE(TEXT(AJ20,"0.00%")," ",AK20) -> 1.63% ↑ | E30: =E21 -> 49583 | F30: =CONCATENATE(TEXT(AL20,"0.00%")," ",AM20) -> 1.57% ↑ | G30: =G21 -> 49622 | H30: =CONCATENATE(TEXT(AN20,"0.00%")," ",AO20) -> 1.65% ↑ | I30: =I21 -> 49625.97 | J30: =CONCATENATE(TEXT(AH20,"0.00%")," ",AI20) -> 1.65% ↑ | N30: =N19 -> Minimax 2.1 | O30: 73.75 | P30: =O30/$P$23 -> 0.10825688 | Q30: 75 | R30: =Q30/$R$23 -> 0.11406844 | S30: 71.25 | T30: =S30/$T$23 -> 0.1043956 | U30: 42.5 | V30: =U30/$V$23 -> 0.12887575 | W30: 65 | X30: =W30/$X$23 -> 0.1092437 | Y30: 58.75 | Z30: =Y30/$Z$23 -> 0.11111111 | AG30: VIX | AH30: =100-ABS(($K14-C14)/($K14))*100 -> 95.861708 | AI30: =100-ABS(($K14-E14)/($K14))*100 -> 97.695128 | AJ30: =100-ABS(($K14-G14)/($K14))*100 -> 99.476166 | AK30: =100-ABS((($K14-J14)/($K14)))*100 -> 99.185218 | AL30: =100-ABS((($K14-I14)/($K14)))*100 -> 98.804719 | AR30: =SUM(AR14,AR18,AR22,AR26) -> 0.54347359 | AS30: =SUM(AS14,AS18,AS22,AS26) -> 0.60875257 | AT30: =SUM(AT14,AT18,AT22,AT26) -> 0.63045351 | AU30: CALC
A31: SPX | B31: 6837.74 | C31: =C22 -> 6907 | D31: =CONCATENATE(TEXT(AJ21,"0.00%")," ",AK21) -> 1.01% ↑ | E31: =E22 -> 6913 | F31: =CONCATENATE(TEXT(AL21,"0.00%")," ",AM21) -> 1.10% ↑ | G31: =G22 -> 6850 | H31: =CONCATENATE(TEXT(AN21,"0.00%")," ",AO21) -> 0.18% ↑ | I31: =I22 -> 6909.52 | J31: =CONCATENATE(TEXT(AH21,"0.00%")," ",AI21) -> 1.05% ↑ | N31: =N20 -> LeChat | O31: 77.5 | P31: =O31/$P$23 -> 0.11376147 | Q31: 73.75 | R31: =Q31/$R$23 -> 0.1121673 | S31: 76.25 | T31: =S31/$T$23 -> 0.11172161 | U31: 27.5 | V31: =U31/$V$23 -> 0.08339019 | W31: 66.25 | X31: =W31/$X$23 -> 0.11134454 | Y31: 63.75 | Z31: =Y31/$Z$23 -> 0.12056738 | AC31: Extreme Fear | AG31: QQQ | AH31: =100-ABS(($K15-C15)/($K15))*100 -> 99.262496 | AI31: =100-ABS(($K15-E15)/($K15))*100 -> 98.91756 | AJ31: =100-ABS(($K15-G15)/($K15))*100 -> 99.127807 | AK31: =100-ABS((($K15-J15)/($K15)))*100 -> 99.868643 | AL31: =100-ABS((($K15-I15)/($K15)))*100 -> 99.819185 | AR31: =AR9 -> 2.16 | AS31: =AS9 -> 2.24 | AT31: =AT9 -> 1.79 | AU31: Oraclum
A32: VIX | B32: 19.55 | C32: =C23 -> 18.3 | D32: =CONCATENATE(TEXT(AJ22,"0.00%")," ",AK22) -> -6.39% ↓ | E32: =E23 -> 18.65 | F32: =CONCATENATE(TEXT(AL22,"0.00%")," ",AM22) -> -4.60% ↓ | G32: =G23 -> 19.19 | H32: =CONCATENATE(TEXT(AN22,"0.00%")," ",AO22) -> -1.84% ↓ | I32: =I23 -> 19.09 | J32: =CONCATENATE(TEXT(AH22,"0.00%")," ",AI22) -> -2.35% ↓ | N32: =N21 -> Qwen | O32: 77.5 | P32: =O32/$P$23 -> 0.11376147 | Q32: 73.75 | R32: =Q32/$R$23 -> 0.1121673 | S32: 76.25 | T32: =S32/$T$23 -> 0.11172161 | U32: 27.5 | V32: =U32/$V$23 -> 0.08339019 | W32: 66.25 | X32: =W32/$X$23 -> 0.11134454 | Y32: 63.75 | Z32: =Y32/$Z$23 -> 0.12056738 | AC32: Fear | AG32: AAPL | AH32: =100-ABS(($K16-C16)/($K16))*100 -> 96.742006 | AI32: =100-ABS(($K16-E16)/($K16))*100 -> 96.326253 | AJ32: =100-ABS(($K16-G16)/($K16))*100 -> 99.894172 | AK32: =100-ABS((($K16-J16)/($K16)))*100 -> 97.481263 | AL32: =100-ABS((($K16-I16)/($K16)))*100 -> 96.297437
A33: QQQ | B33: 607.87 | C33: =C24 -> 613.3 | D33: =CONCATENATE(TEXT(AJ23,"0.00%")," ",AK23) -> 0.89% ↑ | E33: =E24 -> 615.4 | F33: =CONCATENATE(TEXT(AL23,"0.00%")," ",AM23) -> 1.24% ↑ | G33: =G24 -> 603.5 | H33: =CONCATENATE(TEXT(AN23,"0.00%")," ",AO23) -> -0.72% ↓ | I33: =I24 -> 608.81 | J33: =CONCATENATE(TEXT(AH23,"0.00%")," ",AI23) -> 0.15% ↑ | AC33: Neutral
A34: AAPL | B34: 272.19 | C34: =C25 -> 273.2 | D34: =CONCATENATE(TEXT(AJ24,"0.00%")," ",AK24) -> 0.37% ↑ | E34: =E25 -> 274.3 | F34: =CONCATENATE(TEXT(AL24,"0.00%")," ",AM24) -> 0.78% ↑ | G34: =G25 -> 264.3 | H34: =CONCATENATE(TEXT(AN24,"0.00%")," ",AO24) -> -2.90% ↓ | I34: =I25 -> 264.58 | J34: =CONCATENATE(TEXT(AH24,"0.00%")," ",AI24) -> -2.80% ↓ | AC34: Greed | AG34: =AB1 -> AVR-4 | AH34: {=SUM(AH28:AH31/4)} -> 98.766407 | AI34: {=SUM(AI28:AI31/4)} -> 99.118934 | AJ34: {=SUM(AJ28:AJ31/4)} -> 99.433638 | AK34: {=SUM(AK28:AK31/4)} -> 99.547755 | AL34: {=SUM(AL28:AL31/4)} -> 99.458939
AC35: Extreme Greed | AG35: =AC1 -> AVR-6 | AH35: {=SUM(AH27:AH32/6)} -> 98.328608 | AI35: {=SUM(AI27:AI32/6)} -> 98.657533 | AJ35: {=SUM(AJ27:AJ32/6)} -> 99.584388 | AK35: {=SUM(AK27:AK32/6)} -> 99.103967 | AL35: {=SUM(AL27:AL32/6)} -> 98.834101
AH38: RD CALC | AL38: 85520 CALC
AG39: =A2 -> TNX | AH39: =C11 -> 4.01 | AI39: =100-ABS(($K11-AH39)/($K11))*100 -> 98.164015 | AK39: =AG39 -> TNX | AL39: =E11 -> 4.05 | AM39: =100-ABS(($K11-AL39)/($K11))*100 -> 99.143207
AG40: =A3 -> DJI | AH40: =C12 -> 49615 | AI40: =100-ABS(($K12-AH40)/($K12))*100 -> 99.977895 | AK40: =AG40 -> DJI | AL40: =E12 -> 49583 | AM40: =100-ABS(($K12-AL40)/($K12))*100 -> 99.913412
AG41: =A4 -> SPX | AH41: =C13 -> 6907 | AI41: =100-ABS(($K13-AH41)/($K13))*100 -> 99.963529 | AK41: =AG41 -> SPX | AL41: =E13 -> 6913 | AM41: =100-ABS(($K13-AL41)/($K13))*100 -> 99.949635
AG42: =A5 -> VIX | AH42: =C14 -> 18.3 | AI42: =100-ABS(($K14-AH42)/($K14))*100 -> 95.861708 | AK42: =AG42 -> VIX | AL42: =E14 -> 18.65 | AM42: =100-ABS(($K14-AL42)/($K14))*100 -> 97.695128
AG43: =A6 -> QQQ | AH43: =C15 -> 613.3 | AI43: =100-ABS(($K15-AH43)/($K15))*100 -> 99.262496 | AK43: =AG43 -> QQQ | AL43: =E15 -> 615.4 | AM43: =100-ABS(($K15-AL43)/($K15))*100 -> 98.91756
AG44: =A7 -> AAPL | AH44: =C16 -> 273.2 | AI44: =100-ABS(($K16-AH44)/($K16))*100 -> 96.742006 | AK44: =AG44 -> AAPL | AL44: =E16 -> 274.3 | AM44: =100-ABS(($K16-AL44)/($K16))*100 -> 96.326253
AG54: max-Q AVR-4 | AI54: =AVERAGE(AI40:AI43) -> 98.766407 | AK54: max-Q AVR-4 | AM54: =AVERAGE(AM40:AM43) -> 99.118934
AG55: max AVR-6 | AI55: =AVERAGE(AI39:AI44) -> 98.328608 | AK55: max AVR-6 | AM55: =AVERAGE(AM39:AM44) -> 98.657533

Sheet 26-1-07
A1: model | B1: O 5.2 | C1: Grok 4.1 | D1: Gemini Pro 3 | E1: Claude | F1: GLM-4.7 | G1: Kimi 2.5 | H1: Minimax 2.1 | I1: LeChat | J1: Qwen | L1: 26-Q1-07 | N1: Accuracy | O1: TNX | P1: =SUM(O2:O10) -> 895.34483 | Q1: DJI | R1: =SUM(Q2:Q10) -> 895.00523 | S1: SPX | T1: =SUM(S2:S10) -> 897.60837 | U1: VIX | V1: =SUM(U2:U10) -> 882.50393 | W1: QQQ | X1: =SUM(W2:W10) -> 898.48033 | Y1: AAPL | Z1: =SUM(Y2:Y9) -> 326.52381 | AB1: AVR-4 | AC1: AVR-6 | AH1: max-Q | AL1: REPORT | AO1: Round | AP1: 2 | AQ1: =K10 -> +3-day | AR1: User1 | AS1: User2 | AT1: User3
A2: TNX | B2: 4.03 | C2: 4.05 | D2: 4.05 | E2: 4.055 | F2: 4.033 | G2: 4.043 | H2: 4.01 | I2: 4.05 | J2: 4.03 | N2: =B1 -> O 5.2 | O2: =100-ABS((($K11-B2)/($K11)))*100 -> 99.261084 | P2: =O2/$P$1 -> 0.11086353 | Q2: =100-ABS((($K12-B3)/($K12)))*100 -> 99.622413 | R2: =Q2/$R$1 -> 0.11130931 | S2: =100-ABS((($K13-B4)/($K13)))*100 -> 99.775961 | T2: =S2/$T$1 -> 0.11115757 | U2: =100-ABS((($K14-B5)/($K14)))*100 -> 97.537978 | V2: =U2/$V$1 -> 0.11052413 | W2: =100-ABS((($K15-B6)/($K15)))*100 -> 99.936066 | X2: =W2/$X$1 -> 0.11122788 | Y2: =100-ABS((($K16-B7)/($K16)))*100 -> 40.733631 | Z2: =Y2/$Z$1 -> 0.12474934 | AB2: =(Q2+S2+U2+W2)/4 -> 99.218104 | AC2: =(O2+Q2+S2+U2+W2+Y2)/6 -> 89.477855 | AD2: =IF($AB2=MAX(AB2:AB10),"TOP","") | AE2: =IF($AC2=MAX(AC2:AC10),"TOP","") | AG2: TNX | AH2: GLM, L | AI2: =MAX(O2:P10) -> 99.876847 | AK2: =AG2 -> TNX | AL2: 4.25 | AM2: =100-ABS(($K11-AL2)/($K11))*100 -> 95.320197 | AP2: Ticker | AQ2: Exact | AR2: ∆ | AS2: =AR2 -> ∆ | AT2: =AS2 -> ∆ | AU2: Penalty function
A3: DJI | B3: 49338 | C3: 49320 | D3: 49290 | E3: 49300 | F3: 48705.34 | G3: 49408 | H3: 49320 | I3: 49250 | J3: 49320 | L3: 2026/02/24 | N3: =C1 -> Grok 4.1 | O3: =100-ABS((($K11-C2)/($K11)))*100 -> 99.753695 | P3: =O3/$P$1 -> 0.11141372 | Q3: =100-ABS((($K12-C3)/($K12)))*100 -> 99.586068 | R3: =Q3/$R$1 -> 0.1112687 | S3: =100-ABS((($K13-C4)/($K13)))*100 -> 99.877271 | T3: =S3/$T$1 -> 0.11127043 | U3: =100-ABS((($K14-C5)/($K14)))*100 -> 99.947617 | V3: =U3/$V$1 -> 0.11325459 | W3: =100-ABS((($K15-C6)/($K15)))*100 -> 100 | X3: =W3/$X$1 -> 0.11129904 | Y3: =100-ABS((($K16-C7)/($K16)))*100 -> 40.848214 | Z3: =Y3/$Z$1 -> 0.12510026 | AB3: =(Q3+S3+U3+W3)/4 -> 99.852739 | AC3: =(O3+Q3+S3+U3+W3+Y3)/6 -> 90.002144 | AD3: =IF($AB3=MAX(AB2:AB10),"TOP","") -> TOP | AE3: =IF($AC3=MAX(AC2:AC10),"TOP","") -> TOP | AG3: DJI | AH3: GLM | AI3: =MAX(Q2:R10) -> 99.763756 | AK3: =AG3 -> DJI | AL3: 48833 | AM3: =100-ABS(($K12-AL3)/($K12))*100 -> 98.602726 | AP3: =AG2 -> TNX | AQ3: =K11 -> 4.06 | AR3: =ABS(C29-AQ3) -> 0.04 | AS3: =ABS(E29-K11) -> 0.01 | AT3: =ABS(AQ3-G29) -> 0 | AU3: N/A
A4: SPX | B4: 6925 | C4: 6918 | D4: 6915 | E4: 6920 | F4: 6891.15 | G4: 6925 | H4: 6922 | I4: 6835 | J4: 6914 | N4: =D1 -> Gemini Pro 3 | O4: =100-ABS((($K11-D2)/($K11)))*100 -> 99.753695 | P4: =O4/$P$1 -> 0.11141372 | Q4: =100-ABS((($K12-D3)/($K12)))*100 -> 99.525492 | R4: =Q4/$R$1 -> 0.11120102 | S4: =100-ABS((($K13-D4)/($K13)))*100 -> 99.920689 | T4: =S4/$T$1 -> 0.1113188 | U4: =100-ABS((($K14-D5)/($K14)))*100 -> 99.947617 | V4: =U4/$V$1 -> 0.11325459 | W4: =100-ABS((($K15-D6)/($K15)))*100 -> 99.959016 | X4: =W4/$X$1 -> 0.11125343 | Y4: =100-ABS((($K16-D7)/($K16)))*100 -> 40.78869 | Z4: =Y4/$Z$1 -> 0.12491797 | AB4: =(Q4+S4+U4+W4)/4 -> 99.838204 | AC4: =(O4+Q4+S4+U4+W4+Y4)/6 -> 89.982533 | AD4: =IF($AB4=MAX(AB2:AB10),"TOP","") | AE4: =IF($AC4=MAX(AC2:AC10),"TOP","") | AG4: SPX | AH4: C | AI4: =MAX(S2:T10) -> 99.935162 | AK4: =AG4 -> SPX | AL4: 6810 | AM4: =100-ABS(($K13-AL4)/($K13))*100 -> 98.559668 | AP4: =AG3 -> DJI | AQ4: =K12 -> 49525 | AR4: =ABS(C12-AQ4) -> 10 | AS4: =ABS(E12-AQ4) -> 42 | AT4: =ABS(AQ4-G12) -> 215 | AU4: F1
A5: VIX | B5: 19.56 | C5: 19.1 | D5: 19.1 | E5: 19.2 | F5: 20.25 | G5: 19.76 | H5: 19.2 | I5: 19 | J5: 18.38 | L5: LLM | N5: =E1 -> Claude | O5: =100-ABS((($K11-E2)/($K11)))*100 -> 99.876847 | P5: =O5/$P$1 -> 0.11155126 | Q5: =100-ABS((($K12-E3)/($K12)))*100 -> 99.545684 | R5: =Q5/$R$1 -> 0.11122358 | S5: =100-ABS((($K13-E4)/($K13)))*100 -> 99.848325 | T5: =S5/$T$1 -> 0.11123818 | U5: =100-ABS((($K14-E5)/($K14)))*100 -> 99.423782 | V5: =U5/$V$1 -> 0.11266101 | W5: =100-ABS((($K15-E6)/($K15)))*100 -> 99.836066 | X5: =W5/$X$1 -> 0.11111658 | Y5: =100-ABS((($K16-E7)/($K16)))*100 -> 40.922619 | Z5: =Y5/$Z$1 -> 0.12532813 | AB5: =(Q5+S5+U5+W5)/4 -> 99.663464 | AC5: =(O5+Q5+S5+U5+W5+Y5)/6 -> 89.908887 | AD5: =IF($AB5=MAX(AB2:AB10),"TOP","") | AE5: =IF($AC5=MAX(AC2:AC10),"TOP","") | AG5: VIX | AH5: M | AI5: =MAX(U2:V10) -> 99.947617 | AK5: =AG5 -> VIX | AL5: 19.1 | AM5: =100-ABS(($K14-AL5)/($K14))*100 -> 99.947617 | AP5: =AG4 -> SPX | AQ5: =K13 -> 6909.52 | AR5: =ABS(C13-AQ5) -> 2.52 | AS5: =ABS(E13-AQ5) -> 3.48 | AT5: =ABS(AQ5-G13) -> 9.48 | AU5: F2
A6: QQQ | B6: 609.61 | C6: 610 | D6: 610.25 | E6: 611 | F6: 606.37 | G6: 611 | H6: 612 | I6: 610 | J6: 609 | N6: =F1 -> GLM-4.7 | O6: =100-ABS((($K11-F2)/($K11)))*100 -> 99.334975 | P6: =O6/$P$1 -> 0.11094605 | Q6: =100-ABS((($K12-F3)/($K12)))*100 -> 98.344957 | R6: =Q6/$R$1 -> 0.10988199 | S6: =100-ABS((($K13-F4)/($K13)))*100 -> 99.734135 | T6: =S6/$T$1 -> 0.11111097 | U6: =100-ABS((($K14-F5)/($K14)))*100 -> 93.92352 | V6: =U6/$V$1 -> 0.10642844 | W6: =100-ABS((($K15-F6)/($K15)))*100 -> 99.404918 | X6: =W6/$X$1 -> 0.11063672 | Y6: =100-ABS((($K16-F7)/($K16)))*100 -> 40.611607 | Z6: =Y6/$Z$1 -> 0.12437564 | AB6: =(Q6+S6+U6+W6)/4 -> 97.851883 | AC6: =(O6+Q6+S6+U6+W6+Y6)/6 -> 88.559019 | AD6: =IF($AB6=MAX(AB2:AB10),"TOP","") | AE6: =IF($AC6=MAX(AC2:AC10),"TOP","") | AG6: QQQ | AH6: o | AI6: =MAX(W2:X10) -> 100 | AK6: =AG6 -> QQQ | AL6: 604.8 | AM6: =100-ABS(($K15-AL6)/($K15))*100 -> 99.147541 | AP6: =AG5 -> VIX | AQ6: =K14 -> 19.09 | AR6: =ABS(C14-AQ6) -> 0.69 | AS6: =ABS(E14-AQ6) -> 0.34 | AT6: =ABS(AQ6-G14) -> 0.12 | AU6: F3
A7: AAPL | B7: 273.73 | C7: 274.5 | D7: 274.1 | E7: 275 | F7: 272.91 | G7: 275 | H7: 274 | I7: 275 | J7: 275 | L7: F & G | N7: =G1 -> Kimi 2.5 | O7: =100-ABS((($K11-G2)/($K11)))*100 -> 99.581281 | P7: =O7/$P$1 -> 0.11122115 | Q7: =100-ABS((($K12-G3)/($K12)))*100 -> 99.763756 | R7: =Q7/$R$1 -> 0.11146723 | S7: =100-ABS((($K13-G4)/($K13)))*100 -> 99.775961 | T7: =S7/$T$1 -> 0.11115757 | U7: =100-ABS((($K14-G5)/($K14)))*100 -> 96.490309 | V7: =U7/$V$1 -> 0.10933697 | W7: =100-ABS((($K15-G6)/($K15)))*100 -> 99.836066 | X7: =W7/$X$1 -> 0.11111658 | Y7: =100-ABS((($K16-G7)/($K16)))*100 -> 40.922619 | Z7: =Y7/$Z$1 -> 0.12532813 | AB7: =(Q7+S7+U7+W7)/4 -> 98.966523 | AC7: =(O7+Q7+S7+U7+W7+Y7)/6 -> 89.394999 | AD7: =IF($AB7=MAX(AB2:AB10),"TOP","") | AE7: =IF($AC7=MAX(AC2:AC10),"TOP","") | AG7: AAPL | AH7: Q | AI7: =MAX(Y2:Z10) -> 40.922619 | AK7: =AG7 -> AAPL | AL7: 245.25 | AM7: =100-ABS(($K16-AL7)/($K16))*100 -> 36.495536 | AP7: =AG6 -> QQQ | AQ7: =K15 -> 610 | AR7: =ABS(C15-AQ7) -> 3.3 | AS7: =ABS(E15-AQ7) -> 5.4 | AT7: =ABS(AQ7-G15) -> 0.1 | AU7: F4
L8: 43 | N8: =H1 -> Minimax 2.1 | O8: =100-ABS((($K11-H2)/($K11)))*100 -> 98.768473 | P8: =O8/$P$1 -> 0.11031333 | Q8: =100-ABS((($K12-H3)/($K12)))*100 -> 99.586068 | R8: =Q8/$R$1 -> 0.1112687 | S8: =100-ABS((($K13-H4)/($K13)))*100 -> 99.81938 | T8: =S8/$T$1 -> 0.11120594 | U8: =100-ABS((($K14-H5)/($K14)))*100 -> 99.423782 | V8: =U8/$V$1 -> 0.11266101 | W8: =100-ABS((($K15-H6)/($K15)))*100 -> 99.672131 | X8: =W8/$X$1 -> 0.11093413 | Y8: =100-ABS((($K16-H7)/($K16)))*100 -> 40.77381 | Z8: =Y8/$Z$1 -> 0.12487239 | AB8: =(Q8+S8+U8+W8)/4 -> 99.62534 | AC8: =(O8+Q8+S8+U8+W8+Y8)/6 -> 89.67394 | AD8: =IF($AB8=MAX(AB2:AB10),"TOP","") | AE8: =IF($AC8=MAX(AC2:AC10),"TOP","") | AP8: =AG7 -> AAPL | AQ8: =K16 -> 672 | AR8: =ABS(C34-AQ8) -> 398.8 | AS8: =ABS(E34-K16) -> 397.7 | AT8: =ABS(AQ8-G34) -> 399.1 | AU8: N/A
L9: =IF(L8<25,AC31,IF(L8<45,AC32,IF(L8<55,AC33,IF(L8<75,AC34,AC35)))) -> Fear | N9: =I1 -> LeChat | O9: =100-ABS((($K11-I2)/($K11)))*100 -> 99.753695 | P9: =O9/$P$1 -> 0.11141372 | Q9: =100-ABS((($K12-I3)/($K12)))*100 -> 99.444725 | R9: =Q9/$R$1 -> 0.11111078 | S9: =100-ABS((($K13-I4)/($K13)))*100 -> 98.921488 | T9: =S9/$T$1 -> 0.11020562 | U9: =100-ABS((($K14-I5)/($K14)))*100 -> 99.528549 | V9: =U9/$V$1 -> 0.11277972 | W9: =100-ABS((($K15-I6)/($K15)))*100 -> 100 | X9: =W9/$X$1 -> 0.11129904 | Y9: =100-ABS((($K16-I7)/($K16)))*100 -> 40.922619 | Z9: =Y9/$Z$1 -> 0.12532813 | AB9: =(Q10+S10+U10+W10)/4 -> 98.909518 | AC9: =(O10+Q10+S10+U10+W10+Y10)/6 -> 89.303629 | AD9: =IF($AB10=MAX(AB2:AB10),"TOP","") | AE9: =IF($AC9=MAX(AC2:AC10),"TOP","") | AG9: max-Q AVR-4 | AI9: =AVERAGE(AI3:AI6) -> 99.911634 | AK9: max-Q AVR-4 | AM9: =AVERAGE(AM3:AM6) -> 99.064388 | AQ9: 0 | AR9: 2.16 | AS9: 2.24 | AT9: 1.79 | AU9: Round Penalty
B10: Close YF | C10: RD | E10: 85520 | G10: MICH | I10: LLM | J10: ML | K10: +3-day | N10: =J1 -> Qwen | O10: =100-ABS((($K11-J2)/($K11)))*100 -> 99.261084 | P10: =O10/$P$1 -> 0.11086353 | Q10: =100-ABS((($K12-J3)/($K12)))*100 -> 99.586068 | R10: =Q10/$R$1 -> 0.1112687 | S10: =100-ABS((($K13-J4)/($K13)))*100 -> 99.935162 | T10: =S10/$T$1 -> 0.11133493 | U10: =100-ABS((($K14-J5)/($K14)))*100 -> 96.280775 | V10: =U10/$V$1 -> 0.10909954 | W10: =100-ABS((($K15-J6)/($K15)))*100 -> 99.836066 | X10: =W10/$X$1 -> 0.11111658 | Y10: =100-ABS((($K16-J7)/($K16)))*100 -> 40.922619 | Z10: =Y10/$Z$1 -> 0.12532813 | AB10: =(Q9+S9+U9+W9)/4 -> 99.47369 | AC10: =(O9+Q9+S9+U9+W9+Y9)/6 -> 89.761846 | AD10: =IF($AB11=MAX(AB2:AB10),"TOP","") | AE10: =IF($AC10=MAX(AC2:AC10),"TOP","") | AG10: max AVR-6 | AI10: =AVERAGE(AI2:AI7) -> 90.074333 | AK10: max AVR-6 | AM10: =AVERAGE(AM2:AM7) -> 88.012214 | AQ10: 0 | AR10: 5.28 | AS10: 5.33 | AT10: 5.1 | AU10: Total Penalty
A11: TNX | B11: 4.033 | C11: 4.02 | D11: =IF(ABS(K11-I11)<ABS(C11-K11),$I$10,$C$10) -> LLM | E11: 4.05 | F11: =IF(ABS(K11-I11)<ABS(K11-E11),$I$10,$E$10) -> 85520 | G11: 4.06 | H11: =IF(ABS(I11-K11)<ABS(K11-G11),$I$10,$G$10) -> MICH | I11: =(B2*P24)+(C2*P25)+(D2*P26)+(E2*P27)+(F2*P28)+(G2*P29)+(H2*P30)+(I2*P31)+(J2*P31) -> 4.0388972 | J11: 4.0421697 | K11: 4.06
A12: DJI | B12: 49174.5 | C12: 49515 | D12: =IF(ABS(K12-I12)<ABS(C12-K12),$I$10,$C$10) -> RD | E12: 49483 | F12: =IF(ABS(K12-I12)<ABS(K12-E12),$I$10,$E$10) -> 85520 | G12: 49310 | H12: =IF(ABS(I12-K12)<ABS(K12-G12),$I$10,$G$10) -> MICH | I12: =(B3*R24)+(C3*R25)+(D3*R26)+(E3*R27)+(F3*R28)+(G3*R29)+(H3*R30)+(I3*R31)+(J3*R31) -> 49251.484 | J12: 49221.088 | K12: 49525 | N12: Update | O12: TNX | P12: =SUM(O13:O21) -> 780 | Q12: DJI | R12: =SUM(Q13:Q21) -> 780 | S12: SPX | T12: =SUM(S13:S21) -> 825 | U12: VIX | V12: =SUM(U13:U21) -> 630 | W12: QQQ | X12: =SUM(W13:W21) -> 845 | Y12: AAPL | Z12: =SUM(Y13:Y21) -> 0.9 | AB12: Value | AC12: Assign | AG12: =B19 -> Close YF | AH12: =(I20-B20)/B20 -> 0.0066947682 | AI12: =IF(K11-B20>0,"↑","↓") -> ↑ | AJ12: =(C20-B20)/B20 -> -0.0032234069 | AK12: =IF(C20-B20>0,"↑","↓") -> ↓ | AL12: =(E20-B20)/B20 -> 0.0042152244 | AM12: =IF(E20-B20>0,"↑","↓") -> ↑ | AN12: =(G20-B20)/B20 -> 0.0066947682 | AO12: =IF(G20-B20>0,"↑","↓") -> ↑
A13: SPX | B13: 6890.07 | C13: 6907 | D13: =IF(ABS(K13-I13)<ABS(C13-K13),$I$10,$C$10) -> LLM | E13: 6913 | F13: =IF(ABS(K13-I13)<ABS(K13-E13),$I$10,$E$10) -> LLM | G13: 6919 | H13: =IF(ABS(I13-K13)<ABS(K13-G13),$I$10,$G$10) -> LLM | I13: =(B4*T24)+(C4*T25)+(D4*T26)+(E4*T27)+(F4*T28)+(G4*T29)+(H4*T30)+(I4*T31)+(J4*T31) -> 6907.2033 | J13: 6912.7657 | K13: 6909.52 | N13: =N2 -> O 5.2 | O13: =IF(O2=0,0, LOOKUP(O2-0.000000000001,$AB$13:$AB$29,$AC$13:$AC$29)) -> 80 | P13: =O13/$P$12 -> 0.1025641 | Q13: =IF(Q2=0,0, LOOKUP(Q2-0.000000000001,$AB$13:$AB$29,$AC$13:$AC$29)) -> 90 | R13: =Q13/$R$12 -> 0.11538462 | S13: =IF(S2=0,0, LOOKUP(S2-0.000000000001,$AB$13:$AB$29,$AC$13:$AC$29)) -> 95 | T13: =S13/$T$12 -> 0.11515152 | U13: =IF(U2=0,0, LOOKUP(U2-0.000000000001,$AB$13:$AB$29,$AC$13:$AC$29)) -> 60 | V13: =U13/$V$12 -> 0.095238095 | W13: =IF(W2=0,0, LOOKUP(W2-0.000000000001,$AB$13:$AB$29,$AC$13:$AC$29)) -> 95 | X13: =W13/$X$12 -> 0.11242604 | Y13: =IF(Y2=0,0, LOOKUP(Y2-0.000000000001,$AB$13:$AB$29,$AC$13:$AC$29)) -> 0.1 | Z13: =Y13/$Z$12 -> 0.11111111 | AB13: 1 | AC13: 0.1 | AH13: =(I21-B21)/B21 -> 0.007127678 | AI13: =IF(I21-B21>0,"↑","↓") -> ↑ | AJ13: =(C21-B21)/B21 -> 0.0069243205 | AK13: =IF(C21-B21>0,"↑","↓") -> ↑ | AL13: =(E21-B21)/B21 -> 0.0062735768 | AM13: =IF(E21-B21>0,"↑","↓") -> ↑ | AN13: =(G21-B21)/B21 -> 0.0027554932 | AO13: =IF(G21-B21>0,"↑","↓") -> ↑ | AP13: DJI | AQ13: =K10 -> +3-day | AR13: User1 | AS13: User2 | AT13: User3 | AU13: F1 | AV13: 893 | AW13: TEST | AX13: BEST = | AY13: 893
A14: VIX | B14: 19.55 | C14: 18.4 | D14: =IF(ABS(K14-I14)<ABS(C14-K14),$I$10,$C$10) -> LLM | E14: 18.75 | F14: =IF(ABS(K14-I14)<ABS(K14-E14),$I$10,$E$10) -> LLM | G14: 19.21 | H14: =IF(ABS(I14-K14)<ABS(K14-G14),$I$10,$G$10) -> MICH | I14: =(B5*V24)+(C5*V25)+(D5*V26)+(E5*V27)+(F5*V28)+(G5*V29)+(H5*V30)+(I5*V31)+(J5*V31) -> 19.318179 | J14: 18.934458 | K14: 19.09 | N14: =N3 -> Grok 4.1 | O14: =IF(O3=0,0, LOOKUP(O3-0.000000000001,$AB$13:$AB$29,$AC$13:$AC$29)) -> 95 | P14: =O14/$P$12 -> 0.12179487 | Q14: =IF(Q3=0,0, LOOKUP(Q3-0.000000000001,$AB$13:$AB$29,$AC$13:$AC$29)) -> 90 | R14: =Q14/$R$12 -> 0.11538462 | S14: =IF(S3=0,0, LOOKUP(S3-0.000000000001,$AB$13:$AB$29,$AC$13:$AC$29)) -> 95 | T14: =S14/$T$12 -> 0.11515152 | U14: =IF(U3=0,0, LOOKUP(U3-0.000000000001,$AB$13:$AB$29,$AC$13:$AC$29)) -> 95 | V14: =U14/$V$12 -> 0.15079365 | W14: =IF(W3=0,0, LOOKUP(W3-0.000000000001,$AB$13:$AB$29,$AC$13:$AC$29)) -> 100 | X14: =W14/$X$12 -> 0.1183432 | Y14: =IF(Y3=0,0, LOOKUP(Y3-0.000000000001,$AB$13:$AB$29,$AC$13:$AC$29)) -> 0.1 | Z14: =Y14/$Z$12 -> 0.11111111 | AB14: 80 | AC14: 1 | AH14: =(I22-B22)/B22 -> 0.0028229031 | AI14: =IF(I22-B22>0,"↑","↓") -> ↑ | AJ14: =(C22-B22)/B22 -> 0.0024571594 | AK14: =IF(C22-B22>0,"↑","↓") -> ↑ | AL14: =(E22-B22)/B22 -> 0.0033279778 | AM14: =IF(E22-B22>0,"↑","↓") -> ↑ | AN14: =(G22-B22)/B22 -> 0.0041987962 | AO14: =IF(G22-B22>0,"↑","↓") -> ↑ | AQ14: 0 | AR14: =AR15/AU15 -> 0.011198208 | AS14: =AS15/AU15 -> 0.047032475 | AT14: =AT15/AU15 -> 0.24076148 | AU14: 5 | AV14: 1 | AW14: Scale | AX14: RANGE = | AY14: =AV13/AQ4 -> 0.018031297
A15: QQQ | B15: 607.87 | C15: 613.3 | D15: =IF(ABS(K15-I15)<ABS(C15-K15),$I$10,$C$10) -> LLM | E15: 615.4 | F15: =IF(ABS(K15-I15)<ABS(K15-E15),$I$10,$E$10) -> LLM | G15: 609.9 | H15: =IF(ABS(I15-K15)<ABS(K15-G15),$I$10,$G$10) -> LLM | I15: =(B6*X24)+(C6*X25)+(D6*X26)+(E6*X27)+(F6*X28)+(G6*X29)+(H6*X30)+(I6*X31)+(J6*X31) -> 609.91082 | J15: 609.60971 | K15: 610 | N15: =N4 -> Gemini Pro 3 | O15: =IF(O4=0,0, LOOKUP(O4-0.000000000001,$AB$13:$AB$29,$AC$13:$AC$29)) -> 95 | P15: =O15/$P$12 -> 0.12179487 | Q15: =IF(Q4=0,0, LOOKUP(Q4-0.000000000001,$AB$13:$AB$29,$AC$13:$AC$29)) -> 90 | R15: =Q15/$R$12 -> 0.11538462 | S15: =IF(S4=0,0, LOOKUP(S4-0.000000000001,$AB$13:$AB$29,$AC$13:$AC$29)) -> 95 | T15: =S15/$T$12 -> 0.11515152 | U15: =IF(U4=0,0, LOOKUP(U4-0.000000000001,$AB$13:$AB$29,$AC$13:$AC$29)) -> 95 | V15: =U15/$V$12 -> 0.15079365 | W15: =IF(W4=0,0, LOOKUP(W4-0.000000000001,$AB$13:$AB$29,$AC$13:$AC$29)) -> 95 | X15: =W15/$X$12 -> 0.11242604 | Y15: =IF(Y4=0,0, LOOKUP(Y4-0.000000000001,$AB$13:$AB$29,$AC$13:$AC$29)) -> 0.1 | Z15: =Y15/$Z$12 -> 0.11111111 | AB15: 82.5 | AC15: 2 | AH15: =(I23-B23)/B23 -> -0.023529412 | AI15: =IF(I23-B23>0,"↑","↓") -> ↓ | AJ15: =(C23-B23)/B23 -> -0.058823529 | AK15: =IF(C23-B23>0,"↑","↓") -> ↓ | AL15: =(E23-B23)/B23 -> -0.040920716 | AM15: =IF(E23-B23>0,"↑","↓") -> ↓ | AN15: =(G23-B23)/B23 -> -0.017391304 | AO15: =IF(G23-B23>0,"↑","↓") -> ↓ | AQ15: 0 | AR15: =AR4 -> 10 | AS15: =AS4 -> 42 | AT15: =AT4 -> 215 | AU15: =AV14*AV13 -> 893
A16: AAPL | B16: 272.14 | C16: 273.2 | D16: =IF(ABS(K16-I16)<ABS(C16-K16),$I$10,$C$10) -> LLM | E16: 274.3 | F16: =IF(ABS(K16-I16)<ABS(K16-E16),$I$10,$E$10) -> LLM | G16: 272.9 | H16: =IF(ABS(I16-K16)<ABS(K16-G16),$I$10,$G$10) -> LLM | I16: =(B7*Z24)+(C7*Z25)+(D7*Z26)+(E7*Z27)+(F7*Z28)+(G7*Z29)+(H7*Z30)+(I7*Z31)+(J7*Z31) -> 274.37624 | J16: 271.24407 | K16: 672 | N16: =N5 -> Claude | O16: =IF(O5=0,0, LOOKUP(O5-0.000000000001,$AB$13:$AB$29,$AC$13:$AC$29)) -> 95 | P16: =O16/$P$12 -> 0.12179487 | Q16: =IF(Q5=0,0, LOOKUP(Q5-0.000000000001,$AB$13:$AB$29,$AC$13:$AC$29)) -> 90 | R16: =Q16/$R$12 -> 0.11538462 | S16: =IF(S5=0,0, LOOKUP(S5-0.000000000001,$AB$13:$AB$29,$AC$13:$AC$29)) -> 95 | T16: =S16/$T$12 -> 0.11515152 | U16: =IF(U5=0,0, LOOKUP(U5-0.000000000001,$AB$13:$AB$29,$AC$13:$AC$29)) -> 80 | V16: =U16/$V$12 -> 0.12698413 | W16: =IF(W5=0,0, LOOKUP(W5-0.000000000001,$AB$13:$AB$29,$AC$13:$AC$29)) -> 95 | X16: =W16/$X$12 -> 0.11242604 | Y16: =IF(Y5=0,0, LOOKUP(Y5-0.000000000001,$AB$13:$AB$29,$AC$13:$AC$29)) -> 0.1 | Z16: =Y16/$Z$12 -> 0.11111111 | AB16: 85 | AC16: 5 | AH16: =(I24-B24)/B24 -> 0.0035040387 | AI16: =IF(I24-B24>0,"↑","↓") -> ↑ | AJ16: =(C24-B24)/B24 -> 0.008932831 | AK16: =IF(C24-B24>0,"↑","↓") -> ↑ | AL16: =(E24-B24)/B24 -> 0.012387517 | AM16: =IF(E24-B24>0,"↑","↓") -> ↑ | AN16: =(G24-B24)/B24 -> 0.0033395298 | AO16: =IF(G24-B24>0,"↑","↓") -> ↑
N17: =N6 -> GLM-4.7 | O17: =IF(O6=0,0, LOOKUP(O6-0.000000000001,$AB$13:$AB$29,$AC$13:$AC$29)) -> 80 | P17: =O17/$P$12 -> 0.1025641 | Q17: =IF(Q6=0,0, LOOKUP(Q6-0.000000000001,$AB$13:$AB$29,$AC$13:$AC$29)) -> 65 | R17: =Q17/$R$12 -> 0.083333333 | S17: =IF(S6=0,0, LOOKUP(S6-0.000000000001,$AB$13:$AB$29,$AC$13:$AC$29)) -> 90 | T17: =S17/$T$12 -> 0.10909091 | U17: =IF(U6=0,0, LOOKUP(U6-0.000000000001,$AB$13:$AB$29,$AC$13:$AC$29)) -> 30 | V17: =U17/$V$12 -> 0.047619048 | W17: =IF(W6=0,0, LOOKUP(W6-0.000000000001,$AB$13:$AB$29,$AC$13:$AC$29)) -> 80 | X17: =W17/$X$12 -> 0.094674556 | Y17: =IF(Y6=0,0, LOOKUP(Y6-0.000000000001,$AB$13:$AB$29,$AC$13:$AC$29)) -> 0.1 | Z17: =Y17/$Z$12 -> 0.11111111 | AB17: 87.5 | AC17: 10 | AH17: =(I25-B25)/B25 -> 1.4693173 | AI17: =IF(I25-B25>0,"↑","↓") -> ↑ | AJ17: =(C25-B25)/B25 -> 0.003895054 | AK17: =IF(C25-B25>0,"↑","↓") -> ↑ | AL17: =(E25-B25)/B25 -> 0.0079370912 | AM17: =IF(E25-B25>0,"↑","↓") -> ↑ | AN17: =(G25-B25)/B25 -> 0.0027926802 | AO17: =IF(G25-B25>0,"↑","↓") -> ↑ | AP17: SPX | AQ17: =AQ13 -> +3-day | AR17: =AR13 -> User1 | AS17: =AS13 -> User2 | AT17: =AT13 -> User3 | AU17: F2 | AV17: 225.6 | AW17: =AW13 -> TEST | AX17: =AX13 -> BEST = | AY17: 225.6
N18: =N7 -> Kimi 2.5 | O18: =IF(O7=0,0, LOOKUP(O7-0.000000000001,$AB$13:$AB$29,$AC$13:$AC$29)) -> 90 | P18: =O18/$P$12 -> 0.11538462 | Q18: =IF(Q7=0,0, LOOKUP(Q7-0.000000000001,$AB$13:$AB$29,$AC$13:$AC$29)) -> 95 | R18: =Q18/$R$12 -> 0.12179487 | S18: =IF(S7=0,0, LOOKUP(S7-0.000000000001,$AB$13:$AB$29,$AC$13:$AC$29)) -> 95 | T18: =S18/$T$12 -> 0.11515152 | U18: =IF(U7=0,0, LOOKUP(U7-0.000000000001,$AB$13:$AB$29,$AC$13:$AC$29)) -> 50 | V18: =U18/$V$12 -> 0.079365079 | W18: =IF(W7=0,0, LOOKUP(W7-0.000000000001,$AB$13:$AB$29,$AC$13:$AC$29)) -> 95 | X18: =W18/$X$12 -> 0.11242604 | Y18: =IF(Y7=0,0, LOOKUP(Y7-0.000000000001,$AB$13:$AB$29,$AC$13:$AC$29)) -> 0.1 | Z18: =Y18/$Z$12 -> 0.11111111 | AB18: 90 | AC18: 20 | AH18: =K10 -> +3-day | AJ18: =C10 -> RD | AL18: =E10 -> 85520 | AN18: =G10 -> MICH | AQ18: 0 | AR18: =AR19/AU19 -> 0.011170213 | AS18: =AS19/AU19 -> 0.015425532 | AT18: =AT19/AU19 -> 0.042021277 | AU18: 5 | AV18: =AV14 -> 1 | AW18: =AW14 -> Scale | AX18: =AX14 -> RANGE = | AY18: =AV17/AQ5 -> 0.032650604
A19: model | B19: =B10 -> Close YF | C19: RD | E19: 85520 | G19: =G10 -> MICH | I19: +3-day | N19: =N8 -> Minimax 2.1 | O19: =IF(O8=0,0, LOOKUP(O8-0.000000000001,$AB$13:$AB$29,$AC$13:$AC$29)) -> 70 | P19: =O19/$P$12 -> 0.08974359 | Q19: =IF(Q8=0,0, LOOKUP(Q8-0.000000000001,$AB$13:$AB$29,$AC$13:$AC$29)) -> 90 | R19: =Q19/$R$12 -> 0.11538462 | S19: =IF(S8=0,0, LOOKUP(S8-0.000000000001,$AB$13:$AB$29,$AC$13:$AC$29)) -> 95 | T19: =S19/$T$12 -> 0.11515152 | U19: =IF(U8=0,0, LOOKUP(U8-0.000000000001,$AB$13:$AB$29,$AC$13:$AC$29)) -> 80 | V19: =U19/$V$12 -> 0.12698413 | W19: =IF(W8=0,0, LOOKUP(W8-0.000000000001,$AB$13:$AB$29,$AC$13:$AC$29)) -> 90 | X19: =W19/$X$12 -> 0.10650888 | Y19: =IF(Y8=0,0, LOOKUP(Y8-0.000000000001,$AB$13:$AB$29,$AC$13:$AC$29)) -> 0.1 | Z19: =Y19/$Z$12 -> 0.11111111 | AB19: 92.5 | AC19: 30 | AG19: =B28 -> Oraclum | AH19: =(I29-B29)/B29 -> 0.0014800197 | AI19: =IF(I29-B29>0,"↑","↓") -> ↑ | AJ19: =(C29-B29)/B29 -> -0.0083867785 | AK19: =IF(C29-B29>0,"↑","↓") -> ↓ | AL19: =(E29-B29)/B29 -> -0.00098667982 | AM19: =IF(E29-B29>0,"↑","↓") -> ↓ | AN19: =(G29-B29)/B29 -> 0.0014800197 | AO19: =IF(G29-B29>0,"↑","↓") -> ↑ | AQ19: 0 | AR19: =AR5 -> 2.52 | AS19: =AS5 -> 3.48 | AT19: =AT5 -> 9.48 | AU19: =AV18*AV17 -> 225.6
A20: TNX | B20: =B11 -> 4.033 | C20: =C11 -> 4.02 | D20: =CONCATENATE(TEXT(AJ12,"0.00%")," ",AK12) -> -0.32% ↓ | E20: =E11 -> 4.05 | F20: =CONCATENATE(TEXT(AL12,"0.00%")," ",AM12) -> 0.42% ↑ | G20: =G11 -> 4.06 | H20: =CONCATENATE(TEXT(AN12,"0.00%")," ",AO12) -> 0.67% ↑ | I20: =K11 -> 4.06 | J20: =CONCATENATE(TEXT(AH12,"0.00%")," ",AI12) -> 0.67% ↑ | N20: =N9 -> LeChat | O20: =IF(O9=0,0, LOOKUP(O9-0.000000000001,$AB$13:$AB$29,$AC$13:$AC$29)) -> 95 | P20: =O20/$P$12 -> 0.12179487 | Q20: =IF(Q9=0,0, LOOKUP(Q9-0.000000000001,$AB$13:$AB$29,$AC$13:$AC$29)) -> 80 | R20: =Q20/$R$12 -> 0.1025641 | S20: =IF(S9=0,0, LOOKUP(S9-0.000000000001,$AB$13:$AB$29,$AC$13:$AC$29)) -> 70 | T20: =S20/$T$12 -> 0.084848485 | U20: =IF(U9=0,0, LOOKUP(U9-0.000000000001,$AB$13:$AB$29,$AC$13:$AC$29)) -> 90 | V20: =U20/$V$12 -> 0.14285714 | W20: =IF(W9=0,0, LOOKUP(W9-0.000000000001,$AB$13:$AB$29,$AC$13:$AC$29)) -> 100 | X20: =W20/$X$12 -> 0.1183432 | Y20: =IF(Y9=0,0, LOOKUP(Y9-0.000000000001,$AB$13:$AB$29,$AC$13:$AC$29)) -> 0.1 | Z20: =Y20/$Z$12 -> 0.11111111 | AB20: 95 | AC20: 40 | AH20: =(I30-B30)/B30 -> 0.0069300781 | AI20: =IF(I30-B30>0,"↑","↓") -> ↑ | AJ20: =(C30-B30)/B30 -> 0.0067267606 | AK20: =IF(C30-B30>0,"↑","↓") -> ↑ | AL20: =(E30-B30)/B30 -> 0.0060761444 | AM20: =IF(E30-B30>0,"↑","↓") -> ↑ | AN20: =(G30-B30)/B30 -> 0.0025587511 | AO20: =IF(G30-B30>0,"↑","↓") -> ↑
A21: DJI | B21: =B12 -> 49174.5 | C21: =C12 -> 49515 | D21: =CONCATENATE(TEXT(AJ13,"0.00%")," ",AK13) -> 0.69% ↑ | E21: =E12 -> 49483 | F21: =CONCATENATE(TEXT(AL13,"0.00%")," ",AM13) -> 0.63% ↑ | G21: =G12 -> 49310 | H21: =CONCATENATE(TEXT(AN13,"0.00%")," ",AO13) -> 0.28% ↑ | I21: =K12 -> 49525 | J21: =CONCATENATE(TEXT(AH13,"0.00%")," ",AI13) -> 0.71% ↑ | N21: =N10 -> Qwen | O21: =IF(O10=0,0, LOOKUP(O10-0.000000000001,$AB$13:$AB$29,$AC$13:$AC$29)) -> 80 | P21: =O21/$P$12 -> 0.1025641 | Q21: =IF(Q10=0,0, LOOKUP(Q10-0.000000000001,$AB$13:$AB$29,$AC$13:$AC$29)) -> 90 | R21: =Q21/$R$12 -> 0.11538462 | S21: =IF(S10=0,0, LOOKUP(S10-0.000000000001,$AB$13:$AB$29,$AC$13:$AC$29)) -> 95 | T21: =S21/$T$12 -> 0.11515152 | U21: =IF(U10=0,0, LOOKUP(U10-0.000000000001,$AB$13:$AB$29,$AC$13:$AC$29)) -> 50 | V21: =U21/$V$12 -> 0.079365079 | W21: =IF(W10=0,0, LOOKUP(W10-0.000000000001,$AB$13:$AB$29,$AC$13:$AC$29)) -> 95 | X21: =W21/$X$12 -> 0.11242604 | Y21: =IF(Y10=0,0, LOOKUP(Y10-0.000000000001,$AB$13:$AB$29,$AC$13:$AC$29)) -> 0.1 | Z21: =Y21/$Z$12 -> 0.11111111 | AB21: 96 | AC21: 50 | AH21: =(I31-B31)/B31 -> 0.0028243586 | AI21: =IF(I31-B31>0,"↑","↓") -> ↑ | AJ21: =(C31-B31)/B31 -> 0.0024586143 | AK21: =IF(C31-B31>0,"↑","↓") -> ↑ | AL21: =(E31-B31)/B31 -> 0.003329434 | AM21: =IF(E31-B31>0,"↑","↓") -> ↑ | AN21: =(G31-B31)/B31 -> 0.0042002537 | AO21: =IF(G31-B31>0,"↑","↓") -> ↑ | AP21: VIX | AQ21: =AQ17 -> +3-day | AR21: =AR17 -> User1 | AS21: =AS17 -> User2 | AT21: =AT17 -> User3 | AU21: F3 | AV21: 3.3 | AW21: =AW17 -> TEST | AX21: =AX17 -> BEST = | AY21: 3.3
A22: SPX | B22: =B13 -> 6890.07 | C22: =C13 -> 6907 | D22: =CONCATENATE(TEXT(AJ14,"0.00%")," ",AK14) -> 0.25% ↑ | E22: =E13 -> 6913 | F22: =CONCATENATE(TEXT(AL14,"0.00%")," ",AM14) -> 0.33% ↑ | G22: =G13 -> 6919 | H22: =CONCATENATE(TEXT(AN14,"0.00%")," ",AO14) -> 0.42% ↑ | I22: =K13 -> 6909.52 | J22: =CONCATENATE(TEXT(AH14,"0.00%")," ",AI14) -> 0.28% ↑ | AB22: 97 | AC22: 60 | AH22: =(I32-B32)/B32 -> -0.023529412 | AI22: =IF(I32-B32>0,"↑","↓") -> ↓ | AJ22: =(C32-B32)/B32 -> -0.058823529 | AK22: =IF(C32-B32>0,"↑","↓") -> ↓ | AL22: =(E32-B32)/B32 -> -0.040920716 | AM22: =IF(E32-B32>0,"↑","↓") -> ↓ | AN22: =(G32-B32)/B32 -> -0.017391304 | AO22: =IF(G32-B32>0,"↑","↓") -> ↓ | AQ22: 0 | AR22: =AR23/AU23 -> 0.20909091 | AS22: =AS23/AU23 -> 0.1030303 | AT22: =AT23/AU23 -> 0.036363636 | AU22: 5 | AV22: =AV18 -> 1 | AW22: =AW18 -> Scale | AX22: =AX18 -> RANGE = | AY22: =AV21/AQ6 -> 0.17286537
A23: VIX | B23: =B14 -> 19.55 | C23: =C14 -> 18.4 | D23: =CONCATENATE(TEXT(AJ15,"0.00%")," ",AK15) -> -5.88% ↓ | E23: =E14 -> 18.75 | F23: =CONCATENATE(TEXT(AL15,"0.00%")," ",AM15) -> -4.09% ↓ | G23: =G14 -> 19.21 | H23: =CONCATENATE(TEXT(AN15,"0.00%")," ",AO15) -> -1.74% ↓ | I23: =K14 -> 19.09 | J23: =CONCATENATE(TEXT(AH15,"0.00%")," ",AI15) -> -2.35% ↓ | N23: History | O23: TNX | P23: =SUM(O24:O32) -> 681.25 | Q23: DJI | R23: =SUM(Q24:Q32) -> 657.5 | S23: SPX | T23: =SUM(S24:S32) -> 682.5 | U23: VIX | V23: =SUM(U24:U32) -> 329.775 | W23: QQQ | X23: =SUM(W24:W32) -> 595 | Y23: AAPL | Z23: =SUM(Y24:Y32) -> 528.75 | AB23: 98 | AC23: 65 | AH23: =(I33-B33)/B33 -> 0.0035535667 | AI23: =IF(I33-B33>0,"↑","↓") -> ↑ | AJ23: =(C33-B33)/B33 -> 0.008982627 | AK23: =IF(C33-B33>0,"↑","↓") -> ↑ | AL23: =(E33-B33)/B33 -> 0.012437484 | AM23: =IF(E33-B33>0,"↑","↓") -> ↑ | AN23: =(G33-B33)/B33 -> 0.0033890497 | AO23: =IF(G33-B33>0,"↑","↓") -> ↑ | AQ23: 0 | AR23: =AR6 -> 0.69 | AS23: =AS6 -> 0.34 | AT23: =AT6 -> 0.12 | AU23: =AV22*AV21 -> 3.3
A24: QQQ | B24: =B15 -> 607.87 | C24: =C15 -> 613.3 | D24: =CONCATENATE(TEXT(AJ16,"0.00%")," ",AK16) -> 0.89% ↑ | E24: =E15 -> 615.4 | F24: =CONCATENATE(TEXT(AL16,"0.00%")," ",AM16) -> 1.24% ↑ | G24: =G15 -> 609.9 | H24: =CONCATENATE(TEXT(AN16,"0.00%")," ",AO16) -> 0.33% ↑ | I24: =K15 -> 610 | J24: =CONCATENATE(TEXT(AH16,"0.00%")," ",AI16) -> 0.35% ↑ | N24: =N13 -> O 5.2 | O24: 78.75 | P24: =O24/$P$23 -> 0.11559633 | Q24: 76.25 | R24: =Q24/$R$23 -> 0.11596958 | S24: 77.5 | T24: =S24/$T$23 -> 0.11355311 | U24: 41.25 | V24: =U24/$V$23 -> 0.12508529 | W24: 67.5 | X24: =W24/$X$23 -> 0.11344538 | Y24: 53.75 | Z24: =Y24/$Z$23 -> 0.10165485 | AB24: 98.5 | AC24: 70 | AH24: =(I34-B34)/B34 -> 1.4688637 | AI24: =IF(I34-B34>0,"↑","↓") -> ↑ | AJ24: =(C34-B34)/B34 -> 0.0037106433 | AK24: =IF(C34-B34>0,"↑","↓") -> ↑ | AL24: =(E34-B34)/B34 -> 0.007751938 | AM24: =IF(E34-B34>0,"↑","↓") -> ↑ | AN24: =(G34-B34)/B34 -> 0.002608472 | AO24: =IF(G34-B34>0,"↑","↓") -> ↑
A25: AAPL | B25: =B16 -> 272.14 | C25: =C16 -> 273.2 | D25: =CONCATENATE(TEXT(AJ17,"0.00%")," ",AK17) -> 0.39% ↑ | E25: =E16 -> 274.3 | F25: =CONCATENATE(TEXT(AL17,"0.00%")," ",AM17) -> 0.79% ↑ | G25: =G16 -> 272.9 | H25: =CONCATENATE(TEXT(AN17,"0.00%")," ",AO17) -> 0.28% ↑ | I25: =K16 -> 672 | J25: =CONCATENATE(TEXT(AH17,"0.00%")," ",AI17) -> 146.93% ↑ | N25: =N14 -> Grok 4.1 | O25: 72.5 | P25: =O25/$P$23 -> 0.10642202 | Q25: 72.5 | R25: =Q25/$R$23 -> 0.11026616 | S25: 77.5 | T25: =S25/$T$23 -> 0.11355311 | U25: 35.5 | V25: =U25/$V$23 -> 0.10764915 | W25: 65 | X25: =W25/$X$23 -> 0.1092437 | Y25: 55 | Z25: =Y25/$Z$23 -> 0.10401891 | AB25: 99 | AC25: 75 | AP25: QQQ | AQ25: =AQ21 -> +3-day | AR25: =AR21 -> User1 | AS25: =AS21 -> User2 | AT25: =AT21 -> User3 | AU25: F4 | AV25: 16 | AW25: =AW21 -> TEST | AX25: =AX21 -> BEST = | AY25: 16
N26: =N15 -> Gemini Pro 3 | O26: 75 | P26: =O26/$P$23 -> 0.11009174 | Q26: 72.5 | R26: =Q26/$R$23 -> 0.11026616 | S26: 77.5 | T26: =S26/$T$23 -> 0.11355311 | U26: 32.525 | V26: =U26/$V$23 -> 0.098627852 | W26: 65 | X26: =W26/$X$23 -> 0.1092437 | Y26: 61.25 | Z26: =Y26/$Z$23 -> 0.11583924 | AB26: 99.25 | AC26: 80 | AH26: RD | AI26: 85220 | AJ26: MICH | AK26: =J10 -> ML | AL26: =I10 -> LLM | AQ26: 0 | AR26: =AR27/AU27 -> 0.20625 | AS26: =AS27/AU27 -> 0.3375 | AT26: =AT27/AU27 -> 0.00625 | AU26: 5 | AV26: =AV22 -> 1 | AW26: =AW22 -> Scale | AX26: =AX22 -> RANGE = | AY26: =AV25/AQ7 -> 0.026229508
N27: =N16 -> Claude | O27: 72.5 | P27: =O27/$P$23 -> 0.10642202 | Q27: 72.5 | R27: =Q27/$R$23 -> 0.11026616 | S27: 75 | T27: =S27/$T$23 -> 0.10989011 | U27: 48.75 | V27: =U27/$V$23 -> 0.14782806 | W27: 67.5 | X27: =W27/$X$23 -> 0.11344538 | Y27: 55 | Z27: =Y27/$Z$23 -> 0.10401891 | AB27: 99.5 | AC27: 90 | AG27: TNX | AH27: =100-ABS(($K11-C11)/($K11))*100 -> 99.014778 | AI27: =100-ABS(($K11-E11)/($K11))*100 -> 99.753695 | AJ27: =100-ABS(($K11-G11)/($K11))*100 -> 100 | AK27: =100-ABS((($K11-J11)/($K11)))*100 -> 99.560829 | AL27: =100-ABS((($K11-I11)/($K11)))*100 -> 99.480228 | AQ27: 0 | AR27: =AR7 -> 3.3 | AS27: =AS7 -> 5.4 | AT27: =AT7 -> 0.1 | AU27: =AV26*AV25 -> 16
A28: model | B28: Oraclum | C28: RD | E28: 85520 | G28: =G19 -> MICH | I28: +3-day | N28: =N17 -> GLM-4.7 | O28: 77.5 | P28: =O28/$P$23 -> 0.11376147 | Q28: 71.25 | R28: =Q28/$R$23 -> 0.10836502 | S28: 75 | T28: =S28/$T$23 -> 0.10989011 | U28: 35.5 | V28: =U28/$V$23 -> 0.10764915 | W28: 66.25 | X28: =W28/$X$23 -> 0.11134454 | Y28: 57.5 | Z28: =Y28/$Z$23 -> 0.10874704 | AB28: 99.75 | AC28: 95 | AG28: DJI | AH28: =100-ABS(($K12-C12)/($K12))*100 -> 99.979808 | AI28: =100-ABS(($K12-E12)/($K12))*100 -> 99.915194 | AJ28: =100-ABS(($K12-G12)/($K12))*100 -> 99.565876 | AK28: =100-ABS((($K12-J12)/($K12)))*100 -> 99.386346 | AL28: =100-ABS((($K12-I12)/($K12)))*100 -> 99.447721
A29: TNX | B29: 4.054 | C29: =C20 -> 4.02 | D29: =CONCATENATE(TEXT(AJ19,"0.00%")," ",AK19) -> -0.84% ↓ | E29: =E20 -> 4.05 | F29: =CONCATENATE(TEXT(AL19,"0.00%")," ",AM19) -> -0.10% ↓ | G29: =G20 -> 4.06 | H29: =CONCATENATE(TEXT(AN19,"0.00%")," ",AO19) -> 0.15% ↑ | I29: =I20 -> 4.06 | J29: =CONCATENATE(TEXT(AH19,"0.00%")," ",AI19) -> 0.15% ↑ | N29: =N18 -> Kimi 2.5 | O29: 76.25 | P29: =O29/$P$23 -> 0.11192661 | Q29: 70 | R29: =Q29/$R$23 -> 0.10646388 | S29: 76.25 | T29: =S29/$T$23 -> 0.11172161 | U29: 38.75 | V29: =U29/$V$23 -> 0.11750436 | W29: 66.25 | X29: =W29/$X$23 -> 0.11134454 | Y29: 60 | Z29: =Y29/$Z$23 -> 0.11347518 | AB29: 99.99 | AC29: 100 | AG29: SPX | AH29: =100-ABS(($K13-C13)/($K13))*100 -> 99.963529 | AI29: =100-ABS(($K13-E13)/($K13))*100 -> 99.949635 | AJ29: =100-ABS(($K13-G13)/($K13))*100 -> 99.862798 | AK29: =100-ABS((($K13-J13)/($K13)))*100 -> 99.953025 | AL29: =100-ABS((($K13-I13)/($K13)))*100 -> 99.966471 | AR29: User1 | AS29: User2 | AT29: User3
A30: DJI | B30: 49184.15 | C30: =C21 -> 49515 | D30: =CONCATENATE(TEXT(AJ20,"0.00%")," ",AK20) -> 0.67% ↑ | E30: =E21 -> 49483 | F30: =CONCATENATE(TEXT(AL20,"0.00%")," ",AM20) -> 0.61% ↑ | G30: =G21 -> 49310 | H30: =CONCATENATE(TEXT(AN20,"0.00%")," ",AO20) -> 0.26% ↑ | I30: =I21 -> 49525 | J30: =CONCATENATE(TEXT(AH20,"0.00%")," ",AI20) -> 0.69% ↑ | N30: =N19 -> Minimax 2.1 | O30: 73.75 | P30: =O30/$P$23 -> 0.10825688 | Q30: 75 | R30: =Q30/$R$23 -> 0.11406844 | S30: 71.25 | T30: =S30/$T$23 -> 0.1043956 | U30: 42.5 | V30: =U30/$V$23 -> 0.12887575 | W30: 65 | X30: =W30/$X$23 -> 0.1092437 | Y30: 58.75 | Z30: =Y30/$Z$23 -> 0.11111111 | AG30: VIX | AH30: =100-ABS(($K14-C14)/($K14))*100 -> 96.385542 | AI30: =100-ABS(($K14-E14)/($K14))*100 -> 98.218963 | AJ30: =100-ABS(($K14-G14)/($K14))*100 -> 99.371399 | AK30: =100-ABS((($K14-J14)/($K14)))*100 -> 99.185218 | AL30: =100-ABS((($K14-I14)/($K14)))*100 -> 98.804719 | AR30: =SUM(AR14,AR18,AR22,AR26) -> 0.43770933 | AS30: =SUM(AS14,AS18,AS22,AS26) -> 0.50298831 | AT30: =SUM(AT14,AT18,AT22,AT26) -> 0.32539639 | AU30: CALC
A31: SPX | B31: 6890.06 | C31: =C22 -> 6907 | D31: =CONCATENATE(TEXT(AJ21,"0.00%")," ",AK21) -> 0.25% ↑ | E31: =E22 -> 6913 | F31: =CONCATENATE(TEXT(AL21,"0.00%")," ",AM21) -> 0.33% ↑ | G31: =G22 -> 6919 | H31: =CONCATENATE(TEXT(AN21,"0.00%")," ",AO21) -> 0.42% ↑ | I31: =I22 -> 6909.52 | J31: =CONCATENATE(TEXT(AH21,"0.00%")," ",AI21) -> 0.28% ↑ | N31: =N20 -> LeChat | O31: 77.5 | P31: =O31/$P$23 -> 0.11376147 | Q31: 73.75 | R31: =Q31/$R$23 -> 0.1121673 | S31: 76.25 | T31: =S31/$T$23 -> 0.11172161 | U31: 27.5 | V31: =U31/$V$23 -> 0.08339019 | W31: 66.25 | X31: =W31/$X$23 -> 0.11134454 | Y31: 63.75 | Z31: =Y31/$Z$23 -> 0.12056738 | AC31: Extreme Fear | AG31: QQQ | AH31: =100-ABS(($K15-C15)/($K15))*100 -> 99.459016 | AI31: =100-ABS(($K15-E15)/($K15))*100 -> 99.114754 | AJ31: =100-ABS(($K15-G15)/($K15))*100 -> 99.983607 | AK31: =100-ABS((($K15-J15)/($K15)))*100 -> 99.936019 | AL31: =100-ABS((($K15-I15)/($K15)))*100 -> 99.98538 | AR31: =AR9 -> 2.16 | AS31: =AS9 -> 2.24 | AT31: =AT9 -> 1.79 | AU31: Oraclum
A32: VIX | B32: 19.55 | C32: =C23 -> 18.4 | D32: =CONCATENATE(TEXT(AJ22,"0.00%")," ",AK22) -> -5.88% ↓ | E32: =E23 -> 18.75 | F32: =CONCATENATE(TEXT(AL22,"0.00%")," ",AM22) -> -4.09% ↓ | G32: =G23 -> 19.21 | H32: =CONCATENATE(TEXT(AN22,"0.00%")," ",AO22) -> -1.74% ↓ | I32: =I23 -> 19.09 | J32: =CONCATENATE(TEXT(AH22,"0.00%")," ",AI22) -> -2.35% ↓ | N32: =N21 -> Qwen | O32: 77.5 | P32: =O32/$P$23 -> 0.11376147 | Q32: 73.75 | R32: =Q32/$R$23 -> 0.1121673 | S32: 76.25 | T32: =S32/$T$23 -> 0.11172161 | U32: 27.5 | V32: =U32/$V$23 -> 0.08339019 | W32: 66.25 | X32: =W32/$X$23 -> 0.11134454 | Y32: 63.75 | Z32: =Y32/$Z$23 -> 0.12056738 | AC32: Fear | AG32: AAPL | AH32: =100-ABS(($K16-C16)/($K16))*100 -> 40.654762 | AI32: =100-ABS(($K16-E16)/($K16))*100 -> 40.818452 | AJ32: =100-ABS(($K16-G16)/($K16))*100 -> 40.610119 | AK32: =100-ABS((($K16-J16)/($K16)))*100 -> 40.363702 | AL32: =100-ABS((($K16-I16)/($K16)))*100 -> 40.829798
A33: QQQ | B33: 607.84 | C33: =C24 -> 613.3 | D33: =CONCATENATE(TEXT(AJ23,"0.00%")," ",AK23) -> 0.90% ↑ | E33: =E24 -> 615.4 | F33: =CONCATENATE(TEXT(AL23,"0.00%")," ",AM23) -> 1.24% ↑ | G33: =G24 -> 609.9 | H33: =CONCATENATE(TEXT(AN23,"0.00%")," ",AO23) -> 0.34% ↑ | I33: =I24 -> 610 | J33: =CONCATENATE(TEXT(AH23,"0.00%")," ",AI23) -> 0.36% ↑ | AC33: Neutral
A34: AAPL | B34: 272.19 | C34: =C25 -> 273.2 | D34: =CONCATENATE(TEXT(AJ24,"0.00%")," ",AK24) -> 0.37% ↑ | E34: =E25 -> 274.3 | F34: =CONCATENATE(TEXT(AL24,"0.00%")," ",AM24) -> 0.78% ↑ | G34: =G25 -> 272.9 | H34: =CONCATENATE(TEXT(AN24,"0.00%")," ",AO24) -> 0.26% ↑ | I34: =I25 -> 672 | J34: =CONCATENATE(TEXT(AH24,"0.00%")," ",AI24) -> 146.89% ↑ | AC34: Greed | AG34: =AB1 -> AVR-4 | AH34: {=SUM(AH28:AH31/4)} -> 98.946974 | AI34: {=SUM(AI28:AI31/4)} -> 99.299636 | AJ34: {=SUM(AJ28:AJ31/4)} -> 99.69592 | AK34: {=SUM(AK28:AK31/4)} -> 99.615152 | AL34: {=SUM(AL28:AL31/4)} -> 99.551073
AC35: Extreme Greed | AG35: =AC1 -> AVR-6 | AH35: {=SUM(AH27:AH32/6)} -> 89.242906 | AI35: {=SUM(AI27:AI32/6)} -> 89.628449 | AJ35: {=SUM(AJ27:AJ32/6)} -> 89.898966 | AK35: {=SUM(AK27:AK32/6)} -> 89.730857 | AL35: {=SUM(AL27:AL32/6)} -> 89.752386
AH38: RD CALC | AL38: 85520 CALC
AG39: =A2 -> TNX | AH39: =C11 -> 4.02 | AI39: =100-ABS(($K11-AH39)/($K11))*100 -> 99.014778 | AK39: =AG39 -> TNX | AL39: =E11 -> 4.05 | AM39: =100-ABS(($K11-AL39)/($K11))*100 -> 99.753695
AG40: =A3 -> DJI | AH40: =C12 -> 49515 | AI40: =100-ABS(($K12-AH40)/($K12))*100 -> 99.979808 | AK40: =AG40 -> DJI | AL40: =E12 -> 49483 | AM40: =100-ABS(($K12-AL40)/($K12))*100 -> 99.915194
AG41: =A4 -> SPX | AH41: =C13 -> 6907 | AI41: =100-ABS(($K13-AH41)/($K13))*100 -> 99.963529 | AK41: =AG41 -> SPX | AL41: =E13 -> 6913 | AM41: =100-ABS(($K13-AL41)/($K13))*100 -> 99.949635
AG42: =A5 -> VIX | AH42: =C14 -> 18.4 | AI42: =100-ABS(($K14-AH42)/($K14))*100 -> 96.385542 | AK42: =AG42 -> VIX | AL42: =E14 -> 18.75 | AM42: =100-ABS(($K14-AL42)/($K14))*100 -> 98.218963
AG43: =A6 -> QQQ | AH43: =C15 -> 613.3 | AI43: =100-ABS(($K15-AH43)/($K15))*100 -> 99.459016 | AK43: =AG43 -> QQQ | AL43: =E15 -> 615.4 | AM43: =100-ABS(($K15-AL43)/($K15))*100 -> 99.114754
AG44: =A7 -> AAPL | AH44: =C16 -> 273.2 | AI44: =100-ABS(($K16-AH44)/($K16))*100 -> 40.654762 | AK44: =AG44 -> AAPL | AL44: =E16 -> 274.3 | AM44: =100-ABS(($K16-AL44)/($K16))*100 -> 40.818452
AG54: max-Q AVR-4 | AI54: =AVERAGE(AI40:AI43) -> 98.946974 | AK54: max-Q AVR-4 | AM54: =AVERAGE(AM40:AM43) -> 99.299636
AG55: max AVR-6 | AI55: =AVERAGE(AI39:AI44) -> 89.242906 | AK55: max AVR-6 | AM55: =AVERAGE(AM39:AM44) -> 89.628449

Sheet AVR
A1: 1-11 | B1: TNX | C1: 680 | D1: DJI | E1: 755 | F1: SPX | G1: 615 | H1: VIX | I1: 225.1 | J1: QQQ | K1: 555 | L1: AAPL | M1: 615 | O1: TNX | Q1: DJI | S1: SPX | U1: VIX | W1: QQQ | Y1: AAPL | AA1: TNX | AC1: DJI | AE1: SPX | AG1: VIX | AI1: QQQ | AK1: AAPL | AM1: =AM12 -> 4
B2: 90 | C2: 0.13235294 | D2: 95 | E2: 0.12582781 | F2: 80 | G2: 0.1300813 | H2: 30 | I2: 0.1332741 | J2: 70 | K2: 0.12612613 | L2: 65 | M2: 0.10569106 | O2: =AA2/$AM$166 -> 90 | Q2: =AC2/$AM$166 -> 95 | S2: =AE2/$AM$166 -> 80 | U2: =AG2/$AM$166 -> 30 | W2: =AI2/$AM$166 -> 70 | Y2: =AK2/$AM$166 -> 65 | AA2: =(B45+B34+B23+B13) -> 360 | AC2: =(D45+D34+D23+D13) -> 380 | AE2: =(F45+F34+F23+F13) -> 320 | AG2: =(H45+H34+H23+H13) -> 120 | AI2: =(J45+J34+J23+J13) -> 280 | AK2: =(L45+L34+L23+L13) -> 260
B3: 80 | C3: 0.11764706 | D3: 95 | E3: 0.12582781 | F3: 80 | G3: 0.1300813 | H3: 30 | I3: 0.1332741 | J3: 70 | K3: 0.12612613 | L3: 75 | M3: 0.12195122 | O3: =AA3/$AM$166 -> 80 | Q3: =AC3/$AM$166 -> 95 | S3: =AE3/$AM$166 -> 80 | U3: =AG3/$AM$166 -> 30 | W3: =AI3/$AM$166 -> 70 | Y3: =AK3/$AM$166 -> 75 | AA3: =(B46+B35+B24+B14) -> 320 | AC3: =(D46+D35+D24+D14) -> 380 | AE3: =(F46+F35+F24+F14) -> 320 | AG3: =(H46+H35+H24+H14) -> 120 | AI3: =(J46+J35+J24+J14) -> 280 | AK3: =(L46+L35+L24+L14) -> 300
B4: 75 | C4: 0.11029412 | D4: 95 | E4: 0.12582781 | F4: 80 | G4: 0.1300813 | H4: 0.1 | I4: 0.000444247 | J4: 70 | K4: 0.12612613 | L4: 90 | M4: 0.14634146 | O4: =AA4/$AM$166 -> 75 | Q4: =AC4/$AM$166 -> 95 | S4: =AE4/$AM$166 -> 80 | U4: =AG4/$AM$166 -> 0.1 | W4: =AI4/$AM$166 -> 70 | Y4: =AK4/$AM$166 -> 90 | AA4: =(B47+B36+B25+B15) -> 300 | AC4: =(D47+D36+D25+D15) -> 380 | AE4: =(F47+F36+F25+F15) -> 320 | AG4: =(H47+H36+H25+H15) -> 0.4 | AI4: =(J47+J36+J25+J15) -> 280 | AK4: =(L47+L36+L25+L15) -> 360
B5: 70 | C5: 0.10294118 | D5: 95 | E5: 0.12582781 | F5: 80 | G5: 0.1300813 | H5: 50 | I5: 0.2221235 | J5: 70 | K5: 0.12612613 | L5: 80 | M5: 0.1300813 | O5: =AA5/$AM$166 -> 70 | Q5: =AC5/$AM$166 -> 95 | S5: =AE5/$AM$166 -> 80 | U5: =AG5/$AM$166 -> 50 | W5: =AI5/$AM$166 -> 70 | Y5: =AK5/$AM$166 -> 80 | AA5: =(B48+B37+B26+B16) -> 280 | AC5: =(D48+D37+D26+D16) -> 380 | AE5: =(F48+F37+F26+F16) -> 320 | AG5: =(H48+H37+H26+H16) -> 200 | AI5: =(J48+J37+J26+J16) -> 280 | AK5: =(L48+L37+L26+L16) -> 320
B6: 95 | C6: 0.13970588 | D6: 95 | E6: 0.12582781 | F6: 75 | G6: 0.12195122 | H6: 30 | I6: 0.1332741 | J6: 70 | K6: 0.12612613 | L6: 80 | M6: 0.1300813 | O6: =AA6/$AM$166 -> 95 | Q6: =AC6/$AM$166 -> 95 | S6: =AE6/$AM$166 -> 75 | U6: =AG6/$AM$166 -> 30 | W6: =AI6/$AM$166 -> 70 | Y6: =AK6/$AM$166 -> 80 | AA6: =(B49+B38+B27+B17) -> 380 | AC6: =(D49+D38+D27+D17) -> 380 | AE6: =(F49+F38+F27+F17) -> 300 | AG6: =(H49+H38+H27+H17) -> 120 | AI6: =(J49+J38+J27+J17) -> 280 | AK6: =(L49+L38+L27+L17) -> 320
B7: 95 | C7: 0.13970588 | D7: 95 | E7: 0.12582781 | F7: 75 | G7: 0.12195122 | H7: 30 | I7: 0.1332741 | J7: 70 | K7: 0.12612613 | L7: 70 | M7: 0.11382114 | O7: =AA7/$AM$166 -> 95 | Q7: =AC7/$AM$166 -> 95 | S7: =AE7/$AM$166 -> 75 | U7: =AG7/$AM$166 -> 30 | W7: =AI7/$AM$166 -> 70 | Y7: =AK7/$AM$166 -> 70 | AA7: =(B50+B39+B28+B18) -> 380 | AC7: =(D50+D39+D28+D18) -> 380 | AE7: =(F50+F39+F28+F18) -> 300 | AG7: =(H50+H39+H28+H18) -> 120 | AI7: =(J50+J39+J28+J18) -> 280 | AK7: =(L50+L39+L28+L18) -> 280
B8: 80 | C8: 0.11764706 | D8: 95 | E8: 0.12582781 | F8: 75 | G8: 0.12195122 | H8: 50 | I8: 0.2221235 | J8: 70 | K8: 0.12612613 | L8: 80 | M8: 0.1300813 | O8: =AA8/$AM$166 -> 80 | Q8: =AC8/$AM$166 -> 95 | S8: =AE8/$AM$166 -> 75 | U8: =AG8/$AM$166 -> 50 | W8: =AI8/$AM$166 -> 70 | Y8: =AK8/$AM$166 -> 80 | AA8: =(B51+B40+B29+B19) -> 320 | AC8: =(D51+D40+D29+D19) -> 380 | AE8: =(F51+F40+F29+F19) -> 300 | AG8: =(H51+H40+H29+H19) -> 200 | AI8: =(J51+J40+J29+J19) -> 280 | AK8: =(L51+L40+L29+L19) -> 320
B9: 95 | C9: 0.13970588 | D9: 90 | E9: 0.1192053 | F9: 70 | G9: 0.11382114 | H9: 5 | I9: 0.02221235 | J9: 65 | K9: 0.11711712 | L9: 75 | M9: 0.12195122 | O9: =AA9/$AM$166 -> 95 | Q9: =AC9/$AM$166 -> 90 | S9: =AE9/$AM$166 -> 70 | U9: =AG9/$AM$166 -> 5 | W9: =AI9/$AM$166 -> 65 | Y9: =AK9/$AM$166 -> 75 | AA9: =(B52+B41+B30+B20) -> 380 | AC9: =(D52+D41+D30+D20) -> 360 | AE9: =(F52+F41+F30+F20) -> 280 | AG9: =(H52+H41+H30+H20) -> 20 | AI9: =(J52+J41+J30+J20) -> 260 | AK9: =(L52+L41+L30+L20) -> 300
B10: 95 | C10: 0.13970588 | D10: 90 | E10: 0.1192053 | F10: 70 | G10: 0.11382114 | H10: 5 | I10: 0.02221235 | J10: 65 | K10: 0.11711712 | L10: 75 | M10: 0.12195122 | O10: =AA10/$AM$166 -> 23.75 | Q10: =AC10/$AM$166 -> 22.5 | S10: =AE10/$AM$166 -> 17.5 | U10: =AG10/$AM$166 -> 1.25 | W10: =AI10/$AM$166 -> 16.25 | Y10: =AK10/$AM$166 -> 18.75 | AA10: =(B53+B43+B32+B21) -> 95 | AC10: =(D53+D43+D32+D21) -> 90 | AE10: =(F53+F43+F32+F21) -> 70 | AG10: =(H53+H43+H32+H21) -> 5 | AI10: =(J53+J43+J32+J21) -> 65 | AK10: =(L53+L43+L32+L21) -> 75
A12: 1-10 | B12: TNX | C12: 680 | D12: DJI | E12: 755 | F12: SPX | G12: 615 | H12: VIX | I12: 225.1 | J12: QQQ | K12: 555 | L12: AAPL | M12: 615 | O12: TNX | Q12: DJI | S12: SPX | U12: VIX | W12: QQQ | Y12: AAPL | AA12: TNX | AC12: DJI | AE12: SPX | AG12: VIX | AI12: QQQ | AK12: AAPL | AM12: =AM22 -> 4
B13: 90 | C13: 0.13235294 | D13: 95 | E13: 0.12582781 | F13: 80 | G13: 0.1300813 | H13: 30 | I13: 0.1332741 | J13: 70 | K13: 0.12612613 | L13: 65 | M13: 0.10569106 | O13: =AA13/$AM$166 -> 90 | Q13: =AC13/$AM$166 -> 95 | S13: =AE13/$AM$166 -> 80 | U13: =AG13/$AM$166 -> 30 | W13: =AI13/$AM$166 -> 70 | Y13: =AK13/$AM$166 -> 65 | AA13: =(B56+B45+B34+B23) -> 360 | AC13: =(D56+D45+D34+D23) -> 380 | AE13: =(F56+F45+F34+F23) -> 320 | AG13: =(H56+H45+H34+H23) -> 120 | AI13: =(J56+J45+J34+J23) -> 280 | AK13: =(L56+L45+L34+L23) -> 260
B14: 80 | C14: 0.11764706 | D14: 95 | E14: 0.12582781 | F14: 80 | G14: 0.1300813 | H14: 30 | I14: 0.1332741 | J14: 70 | K14: 0.12612613 | L14: 75 | M14: 0.12195122 | O14: =AA14/$AM$166 -> 80 | Q14: =AC14/$AM$166 -> 95 | S14: =AE14/$AM$166 -> 80 | U14: =AG14/$AM$166 -> 30 | W14: =AI14/$AM$166 -> 70 | Y14: =AK14/$AM$166 -> 75 | AA14: =(B57+B46+B35+B24) -> 320 | AC14: =(D57+D46+D35+D24) -> 380 | AE14: =(F57+F46+F35+F24) -> 320 | AG14: =(H57+H46+H35+H24) -> 120 | AI14: =(J57+J46+J35+J24) -> 280 | AK14: =(L57+L46+L35+L24) -> 300
B15: 75 | C15: 0.11029412 | D15: 95 | E15: 0.12582781 | F15: 80 | G15: 0.1300813 | H15: 0.1 | I15: 0.000444247 | J15: 70 | K15: 0.12612613 | L15: 90 | M15: 0.14634146 | O15: =AA15/$AM$166 -> 75 | Q15: =AC15/$AM$166 -> 95 | S15: =AE15/$AM$166 -> 80 | U15: =AG15/$AM$166 -> 0.1 | W15: =AI15/$AM$166 -> 70 | Y15: =AK15/$AM$166 -> 90 | AA15: =(B58+B47+B36+B25) -> 300 | AC15: =(D58+D47+D36+D25) -> 380 | AE15: =(F58+F47+F36+F25) -> 320 | AG15: =(H58+H47+H36+H25) -> 0.4 | AI15: =(J58+J47+J36+J25) -> 280 | AK15: =(L58+L47+L36+L25) -> 360
B16: 70 | C16: 0.10294118 | D16: 95 | E16: 0.12582781 | F16: 80 | G16: 0.1300813 | H16: 50 | I16: 0.2221235 | J16: 70 | K16: 0.12612613 | L16: 80 | M16: 0.1300813 | O16: =AA16/$AM$166 -> 70 | Q16: =AC16/$AM$166 -> 95 | S16: =AE16/$AM$166 -> 80 | U16: =AG16/$AM$166 -> 50 | W16: =AI16/$AM$166 -> 70 | Y16: =AK16/$AM$166 -> 80 | AA16: =(B59+B48+B37+B26) -> 280 | AC16: =(D59+D48+D37+D26) -> 380 | AE16: =(F59+F48+F37+F26) -> 320 | AG16: =(H59+H48+H37+H26) -> 200 | AI16: =(J59+J48+J37+J26) -> 280 | AK16: =(L59+L48+L37+L26) -> 320
B17: 95 | C17: 0.13970588 | D17: 95 | E17: 0.12582781 | F17: 75 | G17: 0.12195122 | H17: 30 | I17: 0.1332741 | J17: 70 | K17: 0.12612613 | L17: 80 | M17: 0.1300813 | O17: =AA17/$AM$166 -> 95 | Q17: =AC17/$AM$166 -> 95 | S17: =AE17/$AM$166 -> 75 | U17: =AG17/$AM$166 -> 30 | W17: =AI17/$AM$166 -> 70 | Y17: =AK17/$AM$166 -> 80 | AA17: =(B60+B49+B38+B27) -> 380 | AC17: =(D60+D49+D38+D27) -> 380 | AE17: =(F60+F49+F38+F27) -> 300 | AG17: =(H60+H49+H38+H27) -> 120 | AI17: =(J60+J49+J38+J27) -> 280 | AK17: =(L60+L49+L38+L27) -> 320
B18: 95 | C18: 0.13970588 | D18: 95 | E18: 0.12582781 | F18: 75 | G18: 0.12195122 | H18: 30 | I18: 0.1332741 | J18: 70 | K18: 0.12612613 | L18: 70 | M18: 0.11382114 | O18: =AA18/$AM$166 -> 95 | Q18: =AC18/$AM$166 -> 95 | S18: =AE18/$AM$166 -> 75 | U18: =AG18/$AM$166 -> 30 | W18: =AI18/$AM$166 -> 70 | Y18: =AK18/$AM$166 -> 70 | AA18: =(B61+B50+B39+B28) -> 380 | AC18: =(D61+D50+D39+D28) -> 380 | AE18: =(F61+F50+F39+F28) -> 300 | AG18: =(H61+H50+H39+H28) -> 120 | AI18: =(J61+J50+J39+J28) -> 280 | AK18: =(L61+L50+L39+L28) -> 280
B19: 80 | C19: 0.11764706 | D19: 95 | E19: 0.12582781 | F19: 75 | G19: 0.12195122 | H19: 50 | I19: 0.2221235 | J19: 70 | K19: 0.12612613 | L19: 80 | M19: 0.1300813 | O19: =AA19/$AM$166 -> 80 | Q19: =AC19/$AM$166 -> 95 | S19: =AE19/$AM$166 -> 75 | U19: =AG19/$AM$166 -> 50 | W19: =AI19/$AM$166 -> 70 | Y19: =AK19/$AM$166 -> 80 | AA19: =(B62+B51+B40+B29) -> 320 | AC19: =(D62+D51+D40+D29) -> 380 | AE19: =(F62+F51+F40+F29) -> 300 | AG19: =(H62+H51+H40+H29) -> 200 | AI19: =(J62+J51+J40+J29) -> 280 | AK19: =(L62+L51+L40+L29) -> 320
B20: 95 | C20: 0.13970588 | D20: 90 | E20: 0.1192053 | F20: 70 | G20: 0.11382114 | H20: 5 | I20: 0.02221235 | J20: 65 | K20: 0.11711712 | L20: 75 | M20: 0.12195122 | O20: =AA20/$AM$166 -> 95 | Q20: =AC20/$AM$166 -> 90 | S20: =AE20/$AM$166 -> 70 | U20: =AG20/$AM$166 -> 5 | W20: =AI20/$AM$166 -> 65 | Y20: =AK20/$AM$166 -> 75 | AA20: =(B63+B52+B41+B30) -> 380 | AC20: =(D63+D52+D41+D30) -> 360 | AE20: =(F63+F52+F41+F30) -> 280 | AG20: =(H63+H52+H41+H30) -> 20 | AI20: =(J63+J52+J41+J30) -> 260 | AK20: =(L63+L52+L41+L30) -> 300
A22: 1-09 | B22: TNX | C22: 680 | D22: DJI | E22: 755 | F22: SPX | G22: 615 | H22: VIX | I22: 225.1 | J22: QQQ | K22: 555 | L22: AAPL | M22: 615 | O22: TNX | Q22: DJI | S22: SPX | U22: VIX | W22: QQQ | Y22: AAPL | AA22: TNX | AC22: DJI | AE22: SPX | AG22: VIX | AI22: QQQ | AK22: AAPL | AM22: =AM33 -> 4
B23: 90 | C23: 0.13235294 | D23: 95 | E23: 0.12582781 | F23: 80 | G23: 0.1300813 | H23: 30 | I23: 0.1332741 | J23: 70 | K23: 0.12612613 | L23: 65 | M23: 0.10569106 | O23: =AA23/$AM$166 -> 82.5 | Q23: =AC23/$AM$166 -> 83.75 | S23: =AE23/$AM$166 -> 75 | U23: =AG23/$AM$166 -> 23.75 | W23: =AI23/$AM$166 -> 68.75 | Y23: =AK23/$AM$166 -> 53.75 | AA23: =(B67+B56+B45+B34) -> 330 | AC23: =(D67+D56+D45+D34) -> 335 | AE23: =(F67+F56+F45+F34) -> 300 | AG23: =(H67+H56+H45+H34) -> 95 | AI23: =(J67+J56+J45+J34) -> 275 | AK23: =(L67+L56+L45+L34) -> 215
B24: 80 | C24: 0.11764706 | D24: 95 | E24: 0.12582781 | F24: 80 | G24: 0.1300813 | H24: 30 | I24: 0.1332741 | J24: 70 | K24: 0.12612613 | L24: 75 | M24: 0.12195122 | O24: =AA24/$AM$166 -> 75 | Q24: =AC24/$AM$166 -> 83.75 | S24: =AE24/$AM$166 -> 75 | U24: =AG24/$AM$166 -> 23 | W24: =AI24/$AM$166 -> 67.5 | Y24: =AK24/$AM$166 -> 61.25 | AA24: =(B68+B57+B46+B35) -> 300 | AC24: =(D68+D57+D46+D35) -> 335 | AE24: =(F68+F57+F46+F35) -> 300 | AG24: =(H68+H57+H46+H35) -> 92 | AI24: =(J68+J57+J46+J35) -> 270 | AK24: =(L68+L57+L46+L35) -> 245
B25: 75 | C25: 0.11029412 | D25: 95 | E25: 0.12582781 | F25: 80 | G25: 0.1300813 | H25: 0.1 | I25: 0.000444247 | J25: 70 | K25: 0.12612613 | L25: 90 | M25: 0.14634146 | O25: =AA25/$AM$166 -> 71.25 | Q25: =AC25/$AM$166 -> 83.75 | S25: =AE25/$AM$166 -> 75 | U25: =AG25/$AM$166 -> 1.325 | W25: =AI25/$AM$166 -> 67.5 | Y25: =AK25/$AM$166 -> 75 | AA25: =(B69+B58+B47+B36) -> 285 | AC25: =(D69+D58+D47+D36) -> 335 | AE25: =(F69+F58+F47+F36) -> 300 | AG25: =(H69+H58+H47+H36) -> 5.3 | AI25: =(J69+J58+J47+J36) -> 270 | AK25: =(L69+L58+L47+L36) -> 300
B26: 70 | C26: 0.10294118 | D26: 95 | E26: 0.12582781 | F26: 80 | G26: 0.1300813 | H26: 50 | I26: 0.2221235 | J26: 70 | K26: 0.12612613 | L26: 80 | M26: 0.1300813 | O26: =AA26/$AM$166 -> 67.5 | Q26: =AC26/$AM$166 -> 83.75 | S26: =AE26/$AM$166 -> 76.25 | U26: =AG26/$AM$166 -> 38.75 | W26: =AI26/$AM$166 -> 67.5 | Y26: =AK26/$AM$166 -> 65 | AA26: =(B70+B59+B48+B37) -> 270 | AC26: =(D70+D59+D48+D37) -> 335 | AE26: =(F70+F59+F48+F37) -> 305 | AG26: =(H70+H59+H48+H37) -> 155 | AI26: =(J70+J59+J48+J37) -> 270 | AK26: =(L70+L59+L48+L37) -> 260
B27: 95 | C27: 0.13970588 | D27: 95 | E27: 0.12582781 | F27: 75 | G27: 0.12195122 | H27: 30 | I27: 0.1332741 | J27: 70 | K27: 0.12612613 | L27: 80 | M27: 0.1300813 | O27: =AA27/$AM$166 -> 86.25 | Q27: =AC27/$AM$166 -> 83.75 | S27: =AE27/$AM$166 -> 71.25 | U27: =AG27/$AM$166 -> 23 | W27: =AI27/$AM$166 -> 67.5 | Y27: =AK27/$AM$166 -> 65 | AA27: =(B71+B60+B49+B38) -> 345 | AC27: =(D71+D60+D49+D38) -> 335 | AE27: =(F71+F60+F49+F38) -> 285 | AG27: =(H71+H60+H49+H38) -> 92 | AI27: =(J71+J60+J49+J38) -> 270 | AK27: =(L71+L60+L49+L38) -> 260
B28: 95 | C28: 0.13970588 | D28: 95 | E28: 0.12582781 | F28: 75 | G28: 0.12195122 | H28: 30 | I28: 0.1332741 | J28: 70 | K28: 0.12612613 | L28: 70 | M28: 0.11382114 | O28: =AA28/$AM$166 -> 83.75 | Q28: =AC28/$AM$166 -> 81.25 | S28: =AE28/$AM$166 -> 71.25 | U28: =AG28/$AM$166 -> 23.75 | W28: =AI28/$AM$166 -> 67.5 | Y28: =AK28/$AM$166 -> 57.5 | AA28: =(B72+B61+B50+B39) -> 335 | AC28: =(D72+D61+D50+D39) -> 325 | AE28: =(F72+F61+F50+F39) -> 285 | AG28: =(H72+H61+H50+H39) -> 95 | AI28: =(J72+J61+J50+J39) -> 270 | AK28: =(L72+L61+L50+L39) -> 230
B29: 80 | C29: 0.11764706 | D29: 95 | E29: 0.12582781 | F29: 75 | G29: 0.12195122 | H29: 50 | I29: 0.2221235 | J29: 70 | K29: 0.12612613 | L29: 80 | M29: 0.1300813 | O29: =AA29/$AM$166 -> 72.5 | Q29: =AC29/$AM$166 -> 83.75 | S29: =AE29/$AM$166 -> 71.25 | U29: =AG29/$AM$166 -> 38.75 | W29: =AI29/$AM$166 -> 67.5 | Y29: =AK29/$AM$166 -> 67.5 | AA29: =(B73+B62+B51+B40) -> 290 | AC29: =(D73+D62+D51+D40) -> 335 | AE29: =(F73+F62+F51+F40) -> 285 | AG29: =(H73+H62+H51+H40) -> 155 | AI29: =(J73+J62+J51+J40) -> 270 | AK29: =(L73+L62+L51+L40) -> 270
B30: 95 | C30: 0.13970588 | D30: 90 | E30: 0.1192053 | F30: 70 | G30: 0.11382114 | H30: 5 | I30: 0.02221235 | J30: 65 | K30: 0.11711712 | L30: 75 | M30: 0.12195122 | O30: =AA30/$AM$166 -> 86.25 | Q30: =AC30/$AM$166 -> 80 | S30: =AE30/$AM$166 -> 68.75 | U30: =AG30/$AM$166 -> 5 | W30: =AI30/$AM$166 -> 65 | Y30: =AK30/$AM$166 -> 63.75 | AA30: =(B74+B63+B52+B41) -> 345 | AC30: =(D74+D63+D52+D41) -> 320 | AE30: =(F74+F63+F52+F41) -> 275 | AG30: =(H74+H63+H52+H41) -> 20 | AI30: =(J74+J63+J52+J41) -> 260 | AK30: =(L74+L63+L52+L41) -> 255
B31: 95 | C31: 0.13970588 | D31: 90 | E31: 0.1192053 | F31: 70 | G31: 0.11382114 | H31: 5 | I31: 0.02221235 | J31: 65 | K31: 0.11711712 | L31: 75 | M31: 0.12195122 | O31: =AA31/$AM$166 -> 86.25 | Q31: =AC31/$AM$166 -> 83.75 | S31: =AE31/$AM$166 -> 73.75 | U31: =AG31/$AM$166 -> 41.25 | W31: =AI31/$AM$166 -> 71.25 | Y31: =AK31/$AM$166 -> 76.25 | AA31: =(B75+B64+B53+B42) -> 345 | AC31: =(D75+D64+D53+D42) -> 335 | AE31: =(F75+F64+F53+F42) -> 295 | AG31: =(H75+H64+H53+H42) -> 165 | AI31: =(J75+J64+J53+J42) -> 285 | AK31: =(L75+L64+L53+L42) -> 305
A33: 1-08 | B33: TNX | C33: 680 | D33: DJI | E33: 755 | F33: SPX | G33: 615 | H33: VIX | I33: 225.1 | J33: QQQ | K33: 555 | L33: AAPL | M33: 615 | O33: TNX | Q33: DJI | S33: SPX | U33: VIX | W33: QQQ | Y33: AAPL | AA33: TNX | AC33: DJI | AE33: SPX | AG33: VIX | AI33: QQQ | AK33: AAPL | AM33: =AM44 -> 4
B34: 90 | C34: 0.13235294 | D34: 95 | E34: 0.12582781 | F34: 80 | G34: 0.1300813 | H34: 30 | I34: 0.1332741 | J34: 70 | K34: 0.12612613 | L34: 65 | M34: 0.10569106 | O34: =AA34/$AM$166 -> 77.5 | Q34: =AC34/$AM$166 -> 77.5 | S34: =AE34/$AM$166 -> 78.75 | U34: =AG34/$AM$166 -> 41.25 | W34: =AI34/$AM$166 -> 68.75 | Y34: =AK34/$AM$166 -> 52.5 | AA34: =(B77+B67+B56+B45) -> 310 | AC34: =(D77+D67+D56+D45) -> 310 | AE34: =(F77+F67+F56+F45) -> 315 | AG34: =(H77+H67+H56+H45) -> 165 | AI34: =(J77+J67+J56+J45) -> 275 | AK34: =(L77+L67+L56+L45) -> 210
B35: 80 | C35: 0.11764706 | D35: 95 | E35: 0.12582781 | F35: 80 | G35: 0.1300813 | H35: 30 | I35: 0.1332741 | J35: 70 | K35: 0.12612613 | L35: 75 | M35: 0.12195122 | O35: =AA35/$AM$166 -> 72.5 | Q35: =AC35/$AM$166 -> 77.5 | S35: =AE35/$AM$166 -> 78.75 | U35: =AG35/$AM$166 -> 35.5 | W35: =AI35/$AM$166 -> 67.5 | Y35: =AK35/$AM$166 -> 57.5 | AA35: =(B78+B68+B57+B46) -> 290 | AC35: =(D78+D68+D57+D46) -> 310 | AE35: =(F78+F68+F57+F46) -> 315 | AG35: =(H78+H68+H57+H46) -> 142 | AI35: =(J78+J68+J57+J46) -> 270 | AK35: =(L78+L68+L57+L46) -> 230
B36: 75 | C36: 0.11029412 | D36: 95 | E36: 0.12582781 | F36: 80 | G36: 0.1300813 | H36: 0.1 | I36: 0.000444247 | J36: 70 | K36: 0.12612613 | L36: 90 | M36: 0.14634146 | O36: =AA36/$AM$166 -> 71.25 | Q36: =AC36/$AM$166 -> 76.25 | S36: =AE36/$AM$166 -> 78.75 | U36: =AG36/$AM$166 -> 25.05 | W36: =AI36/$AM$166 -> 66.25 | Y36: =AK36/$AM$166 -> 67.5 | AA36: =(B79+B69+B58+B47) -> 285 | AC36: =(D79+D69+D58+D47) -> 305 | AE36: =(F79+F69+F58+F47) -> 315 | AG36: =(H79+H69+H58+H47) -> 100.2 | AI36: =(J79+J69+J58+J47) -> 265 | AK36: =(L79+L69+L58+L47) -> 270
B37: 70 | C37: 0.10294118 | D37: 95 | E37: 0.12582781 | F37: 80 | G37: 0.1300813 | H37: 50 | I37: 0.2221235 | J37: 70 | K37: 0.12612613 | L37: 80 | M37: 0.1300813 | O37: =AA37/$AM$166 -> 67.5 | Q37: =AC37/$AM$166 -> 76.25 | S37: =AE37/$AM$166 -> 76.25 | U37: =AG37/$AM$166 -> 48.75 | W37: =AI37/$AM$166 -> 68.75 | Y37: =AK37/$AM$166 -> 57.5 | AA37: =(B80+B70+B59+B48) -> 270 | AC37: =(D80+D70+D59+D48) -> 305 | AE37: =(F80+F70+F59+F48) -> 305 | AG37: =(H80+H70+H59+H48) -> 195 | AI37: =(J80+J70+J59+J48) -> 275 | AK37: =(L80+L70+L59+L48) -> 230
B38: 95 | C38: 0.13970588 | D38: 95 | E38: 0.12582781 | F38: 75 | G38: 0.12195122 | H38: 30 | I38: 0.1332741 | J38: 70 | K38: 0.12612613 | L38: 80 | M38: 0.1300813 | O38: =AA38/$AM$166 -> 78.75 | Q38: =AC38/$AM$166 -> 76.25 | S38: =AE38/$AM$166 -> 75 | U38: =AG38/$AM$166 -> 35.5 | W38: =AI38/$AM$166 -> 67.5 | Y38: =AK38/$AM$166 -> 60 | AA38: =(B81+B71+B60+B49) -> 315 | AC38: =(D81+D71+D60+D49) -> 305 | AE38: =(F81+F71+F60+F49) -> 300 | AG38: =(H81+H71+H60+H49) -> 142 | AI38: =(J81+J71+J60+J49) -> 270 | AK38: =(L81+L71+L60+L49) -> 240
B39: 95 | C39: 0.13970588 | D39: 95 | E39: 0.12582781 | F39: 75 | G39: 0.12195122 | H39: 30 | I39: 0.1332741 | J39: 70 | K39: 0.12612613 | L39: 70 | M39: 0.11382114 | O39: =AA39/$AM$166 -> 77.5 | Q39: =AC39/$AM$166 -> 73.75 | S39: =AE39/$AM$166 -> 76.25 | U39: =AG39/$AM$166 -> 38.75 | W39: =AI39/$AM$166 -> 67.5 | Y39: =AK39/$AM$166 -> 55 | AA39: =(B82+B72+B61+B50) -> 310 | AC39: =(D82+D72+D61+D50) -> 295 | AE39: =(F82+F72+F61+F50) -> 305 | AG39: =(H82+H72+H61+H50) -> 155 | AI39: =(J82+J72+J61+J50) -> 270 | AK39: =(L82+L72+L61+L50) -> 220
B40: 80 | C40: 0.11764706 | D40: 95 | E40: 0.12582781 | F40: 75 | G40: 0.12195122 | H40: 50 | I40: 0.2221235 | J40: 70 | K40: 0.12612613 | L40: 80 | M40: 0.1300813 | O40: =AA40/$AM$166 -> 71.25 | Q40: =AC40/$AM$166 -> 76.25 | S40: =AE40/$AM$166 -> 71.25 | U40: =AG40/$AM$166 -> 45 | W40: =AI40/$AM$166 -> 67.5 | Y40: =AK40/$AM$166 -> 62.5 | AA40: =(B83+B73+B62+B51) -> 285 | AC40: =(D83+D73+D62+D51) -> 305 | AE40: =(F83+F73+F62+F51) -> 285 | AG40: =(H83+H73+H62+H51) -> 180 | AI40: =(J83+J73+J62+J51) -> 270 | AK40: =(L83+L73+L62+L51) -> 250
B41: 95 | C41: 0.13970588 | D41: 90 | E41: 0.1192053 | F41: 70 | G41: 0.11382114 | H41: 5 | I41: 0.02221235 | J41: 65 | K41: 0.11711712 | L41: 75 | M41: 0.12195122 | O41: =AA41/$AM$166 -> 78.75 | Q41: =AC41/$AM$166 -> 73.75 | S41: =AE41/$AM$166 -> 75 | U41: =AG41/$AM$166 -> 21.25 | W41: =AI41/$AM$166 -> 66.25 | Y41: =AK41/$AM$166 -> 60 | AA41: =(B84+B74+B63+B52) -> 315 | AC41: =(D84+D74+D63+D52) -> 295 | AE41: =(F84+F74+F63+F52) -> 300 | AG41: =(H84+H74+H63+H52) -> 85 | AI41: =(J84+J74+J63+J52) -> 265 | AK41: =(L84+L74+L63+L52) -> 240
B42: 95 | C42: 0.13970588 | D42: 90 | E42: 0.1192053 | F42: 70 | G42: 0.11382114 | H42: 5 | I42: 0.02221235 | J42: 65 | K42: 0.11711712 | L42: 75 | M42: 0.12195122 | O42: =AA42/$AM$166 -> 81.875 | Q42: =AC42/$AM$166 -> 80.625 | S42: =AE42/$AM$166 -> 75.625 | U42: =AG42/$AM$166 -> 59.375 | W42: =AI42/$AM$166 -> 74.375 | Y42: =AK42/$AM$166 -> 76.875 | AA42: =(B85+B75+B64+B53) -> 327.5 | AC42: =(D85+D75+D64+D53) -> 322.5 | AE42: =(F85+F75+F64+F53) -> 302.5 | AG42: =(H85+H75+H64+H53) -> 237.5 | AI42: =(J85+J75+J64+J53) -> 297.5 | AK42: =(L85+L75+L64+L53) -> 307.5
A44: 1-07 | B44: TNX | C44: 680 | D44: DJI | E44: 755 | F44: SPX | G44: 615 | H44: VIX | I44: 225.1 | J44: QQQ | K44: 555 | L44: AAPL | M44: 615 | O44: TNX | Q44: DJI | S44: SPX | U44: VIX | W44: QQQ | Y44: AAPL | AA44: TNX | AC44: DJI | AE44: SPX | AG44: VIX | AI44: QQQ | AK44: AAPL | AM44: =AM55 -> 4
B45: 90 | C45: 0.13235294 | D45: 95 | E45: 0.12582781 | F45: 80 | G45: 0.1300813 | H45: 30 | I45: 0.1332741 | J45: 70 | K45: 0.12612613 | L45: 65 | M45: 0.10569106 | O45: =AA45/$AM$166 -> 78.75 | Q45: =AC45/$AM$166 -> 76.25 | S45: =AE45/$AM$166 -> 77.5 | U45: =AG45/$AM$166 -> 41.25 | W45: =AI45/$AM$166 -> 67.5 | Y45: =AK45/$AM$166 -> 53.75 | AA45: =(B87+B77+B67+B56) -> 315 | AC45: =(D87+D77+D67+D56) -> 305 | AE45: =(F87+F77+F67+F56) -> 310 | AG45: =(H87+H77+H67+H56) -> 165 | AI45: =(J87+J77+J67+J56) -> 270 | AK45: =(L87+L77+L67+L56) -> 215 | AM45: 1 | AN45: O 5.2
B46: 80 | C46: 0.11764706 | D46: 95 | E46: 0.12582781 | F46: 80 | G46: 0.1300813 | H46: 30 | I46: 0.1332741 | J46: 70 | K46: 0.12612613 | L46: 75 | M46: 0.12195122 | O46: =AA46/$AM$166 -> 72.5 | Q46: =AC46/$AM$166 -> 72.5 | S46: =AE46/$AM$166 -> 77.5 | U46: =AG46/$AM$166 -> 35.5 | W46: =AI46/$AM$166 -> 65 | Y46: =AK46/$AM$166 -> 55 | AA46: =(B88+B78+B68+B57) -> 290 | AC46: =(D88+D78+D68+D57) -> 290 | AE46: =(F88+F78+F68+F57) -> 310 | AG46: =(H88+H78+H68+H57) -> 142 | AI46: =(J88+J78+J68+J57) -> 260 | AK46: =(L88+L78+L68+L57) -> 220 | AM46: =AM45+1 -> 2 | AN46: Grok 4.1
B47: 75 | C47: 0.11029412 | D47: 95 | E47: 0.12582781 | F47: 80 | G47: 0.1300813 | H47: 0.1 | I47: 0.000444247 | J47: 70 | K47: 0.12612613 | L47: 90 | M47: 0.14634146 | O47: =AA47/$AM$166 -> 75 | Q47: =AC47/$AM$166 -> 72.5 | S47: =AE47/$AM$166 -> 77.5 | U47: =AG47/$AM$166 -> 32.525 | W47: =AI47/$AM$166 -> 65 | Y47: =AK47/$AM$166 -> 61.25 | AA47: =(B89+B79+B69+B58) -> 300 | AC47: =(D89+D79+D69+D58) -> 290 | AE47: =(F89+F79+F69+F58) -> 310 | AG47: =(H89+H79+H69+H58) -> 130.1 | AI47: =(J89+J79+J69+J58) -> 260 | AK47: =(L89+L79+L69+L58) -> 245 | AM47: =AM46+1 -> 3 | AN47: Gemini Pro 3
B48: 70 | C48: 0.10294118 | D48: 95 | E48: 0.12582781 | F48: 80 | G48: 0.1300813 | H48: 50 | I48: 0.2221235 | J48: 70 | K48: 0.12612613 | L48: 80 | M48: 0.1300813 | O48: =AA48/$AM$166 -> 72.5 | Q48: =AC48/$AM$166 -> 72.5 | S48: =AE48/$AM$166 -> 75 | U48: =AG48/$AM$166 -> 48.75 | W48: =AI48/$AM$166 -> 67.5 | Y48: =AK48/$AM$166 -> 55 | AA48: =(B90+B80+B70+B59) -> 290 | AC48: =(D90+D80+D70+D59) -> 290 | AE48: =(F90+F80+F70+F59) -> 300 | AG48: =(H90+H80+H70+H59) -> 195 | AI48: =(J90+J80+J70+J59) -> 270 | AK48: =(L90+L80+L70+L59) -> 220 | AM48: =AM47+1 -> 4 | AN48: Claude
B49: 95 | C49: 0.13970588 | D49: 95 | E49: 0.12582781 | F49: 75 | G49: 0.12195122 | H49: 30 | I49: 0.1332741 | J49: 70 | K49: 0.12612613 | L49: 80 | M49: 0.1300813 | O49: =AA49/$AM$166 -> 77.5 | Q49: =AC49/$AM$166 -> 71.25 | S49: =AE49/$AM$166 -> 75 | U49: =AG49/$AM$166 -> 35.5 | W49: =AI49/$AM$166 -> 66.25 | Y49: =AK49/$AM$166 -> 57.5 | AA49: =(B91+B81+B71+B60) -> 310 | AC49: =(D91+D81+D71+D60) -> 285 | AE49: =(F91+F81+F71+F60) -> 300 | AG49: =(H91+H81+H71+H60) -> 142 | AI49: =(J91+J81+J71+J60) -> 265 | AK49: =(L91+L81+L71+L60) -> 230 | AM49: =AM48+1 -> 5 | AN49: GLM-4.7
B50: 95 | C50: 0.13970588 | D50: 95 | E50: 0.12582781 | F50: 75 | G50: 0.12195122 | H50: 30 | I50: 0.1332741 | J50: 70 | K50: 0.12612613 | L50: 70 | M50: 0.11382114 | O50: =AA50/$AM$166 -> 76.25 | Q50: =AC50/$AM$166 -> 70 | S50: =AE50/$AM$166 -> 76.25 | U50: =AG50/$AM$166 -> 38.75 | W50: =AI50/$AM$166 -> 66.25 | Y50: =AK50/$AM$166 -> 60 | AA50: =(B92+B82+B72+B61) -> 305 | AC50: =(D92+D82+D72+D61) -> 280 | AE50: =(F92+F82+F72+F61) -> 305 | AG50: =(H92+H82+H72+H61) -> 155 | AI50: =(J92+J82+J72+J61) -> 265 | AK50: =(L92+L82+L72+L61) -> 240 | AM50: =AM49+1 -> 6 | AN50: Kimi 2.5
B51: 80 | C51: 0.11764706 | D51: 95 | E51: 0.12582781 | F51: 75 | G51: 0.12195122 | H51: 50 | I51: 0.2221235 | J51: 70 | K51: 0.12612613 | L51: 80 | M51: 0.1300813 | O51: =AA51/$AM$166 -> 73.75 | Q51: =AC51/$AM$166 -> 75 | S51: =AE51/$AM$166 -> 71.25 | U51: =AG51/$AM$166 -> 42.5 | W51: =AI51/$AM$166 -> 65 | Y51: =AK51/$AM$166 -> 58.75 | AA51: =(B93+B83+B73+B62) -> 295 | AC51: =(D93+D83+D73+D62) -> 300 | AE51: =(F93+F83+F73+F62) -> 285 | AG51: =(H93+H83+H73+H62) -> 170 | AI51: =(J93+J83+J73+J62) -> 260 | AK51: =(L93+L83+L73+L62) -> 235 | AM51: =AM50+1 -> 7 | AN51: Minimax 2.1
B52: 95 | C52: 0.13970588 | D52: 90 | E52: 0.1192053 | F52: 70 | G52: 0.11382114 | H52: 5 | I52: 0.02221235 | J52: 65 | K52: 0.11711712 | L52: 75 | M52: 0.12195122 | O52: =AA52/$AM$166 -> 77.5 | Q52: =AC52/$AM$166 -> 73.75 | S52: =AE52/$AM$166 -> 76.25 | U52: =AG52/$AM$166 -> 27.5 | W52: =AI52/$AM$166 -> 66.25 | Y52: =AK52/$AM$166 -> 63.75 | AA52: =(B94+B84+B74+B63) -> 310 | AC52: =(D94+D84+D74+D63) -> 295 | AE52: =(F94+F84+F74+F63) -> 305 | AG52: =(H94+H84+H74+H63) -> 110 | AI52: =(J94+J84+J74+J63) -> 265 | AK52: =(L94+L84+L74+L63) -> 255 | AM52: =AM51+1 -> 8 | AN52: LeChat
B53: 95 | C53: 0.13970588 | D53: 90 | E53: 0.1192053 | F53: 70 | G53: 0.11382114 | H53: 5 | I53: 0.02221235 | J53: 65 | K53: 0.11711712 | L53: 75 | M53: 0.12195122 | O53: =AA53/$AM$166 -> 77.5 | Q53: =AC53/$AM$166 -> 77.5 | S53: =AE53/$AM$166 -> 77.5 | U53: =AG53/$AM$166 -> 77.5 | W53: =AI53/$AM$166 -> 77.5 | Y53: =AK53/$AM$166 -> 77.5 | AA53: =(B95+B85+B75+B64) -> 310 | AC53: =(D95+D85+D75+D64) -> 310 | AE53: =(F95+F85+F75+F64) -> 310 | AG53: =(H95+H85+H75+H64) -> 310 | AI53: =(J95+J85+J75+J64) -> 310 | AK53: =(L95+L85+L75+L64) -> 310 | AM53: =AM52+1 -> 9 | AN53: Qwen
A55: 1-06 | B55: TNX | C55: 680 | D55: DJI | E55: 755 | F55: SPX | G55: 615 | H55: VIX | I55: 225.1 | J55: QQQ | K55: 555 | L55: AAPL | M55: 615 | O55: TNX | Q55: DJI | S55: SPX | U55: VIX | W55: QQQ | Y55: AAPL | AA55: TNX | AC55: DJI | AE55: SPX | AG55: VIX | AI55: QQQ | AK55: AAPL | AM55: =AM66 -> 4
B56: 90 | C56: 0.13235294 | D56: 95 | E56: 0.12582781 | F56: 80 | G56: 0.1300813 | H56: 30 | I56: 0.1332741 | J56: 70 | K56: 0.12612613 | L56: 65 | M56: 0.10569106 | O56: =AA56/$AM$166 -> 75 | Q56: =AC56/$AM$166 -> 71.25 | S56: =AE56/$AM$166 -> 75 | U56: =AG56/$AM$166 -> 33.775 | W56: =AI56/$AM$166 -> 66.25 | Y56: =AK56/$AM$166 -> 56.25 | AA56: =(B97+B87+B77+B67) -> 300 | AC56: =(D97+D87+D77+D67) -> 285 | AE56: =(F97+F87+F77+F67) -> 300 | AG56: =(H97+H87+H77+H67) -> 135.1 | AI56: =(J97+J87+J77+J67) -> 265 | AK56: =(L97+L87+L77+L67) -> 225
B57: 80 | C57: 0.11764706 | D57: 95 | E57: 0.12582781 | F57: 80 | G57: 0.1300813 | H57: 30 | I57: 0.1332741 | J57: 70 | K57: 0.12612613 | L57: 75 | M57: 0.12195122 | O57: =AA57/$AM$166 -> 70 | Q57: =AC57/$AM$166 -> 67.5 | S57: =AE57/$AM$166 -> 75 | U57: =AG57/$AM$166 -> 28.025 | W57: =AI57/$AM$166 -> 65 | Y57: =AK57/$AM$166 -> 48.75 | AA57: =(B98+B88+B78+B68) -> 280 | AC57: =(D98+D88+D78+D68) -> 270 | AE57: =(F98+F88+F78+F68) -> 300 | AG57: =(H98+H88+H78+H68) -> 112.1 | AI57: =(J98+J88+J78+J68) -> 260 | AK57: =(L98+L88+L78+L68) -> 195
B58: 75 | C58: 0.11029412 | D58: 95 | E58: 0.12582781 | F58: 80 | G58: 0.1300813 | H58: 0.1 | I58: 0.000444247 | J58: 70 | K58: 0.12612613 | L58: 90 | M58: 0.14634146 | O58: =AA58/$AM$166 -> 73.75 | Q58: =AC58/$AM$166 -> 67.5 | S58: =AE58/$AM$166 -> 75 | U58: =AG58/$AM$166 -> 32.525 | W58: =AI58/$AM$166 -> 65 | Y58: =AK58/$AM$166 -> 51.25 | AA58: =(B99+B89+B79+B69) -> 295 | AC58: =(D99+D89+D79+D69) -> 270 | AE58: =(F99+F89+F79+F69) -> 300 | AG58: =(H99+H89+H79+H69) -> 130.1 | AI58: =(J99+J89+J79+J69) -> 260 | AK58: =(L99+L89+L79+L69) -> 205
B59: 70 | C59: 0.10294118 | D59: 95 | E59: 0.12582781 | F59: 80 | G59: 0.1300813 | H59: 50 | I59: 0.2221235 | J59: 70 | K59: 0.12612613 | L59: 80 | M59: 0.1300813 | O59: =AA59/$AM$166 -> 73.75 | Q59: =AC59/$AM$166 -> 67.5 | S59: =AE59/$AM$166 -> 72.5 | U59: =AG59/$AM$166 -> 36.275 | W59: =AI59/$AM$166 -> 66.25 | Y59: =AK59/$AM$166 -> 57.5 | AA59: =(B100+B90+B80+B70) -> 295 | AC59: =(D100+D90+D80+D70) -> 270 | AE59: =(F100+F90+F80+F70) -> 290 | AG59: =(H100+H90+H80+H70) -> 145.1 | AI59: =(J100+J90+J80+J70) -> 265 | AK59: =(L100+L90+L80+L70) -> 230
B60: 95 | C60: 0.13970588 | D60: 95 | E60: 0.12582781 | F60: 75 | G60: 0.12195122 | H60: 30 | I60: 0.1332741 | J60: 70 | K60: 0.12612613 | L60: 80 | M60: 0.1300813 | O60: =AA60/$AM$166 -> 71.25 | Q60: =AC60/$AM$166 -> 67.5 | S60: =AE60/$AM$166 -> 73.75 | U60: =AG60/$AM$166 -> 28.025 | W60: =AI60/$AM$166 -> 65 | Y60: =AK60/$AM$166 -> 60 | AA60: =(B101+B91+B81+B71) -> 285 | AC60: =(D101+D91+D81+D71) -> 270 | AE60: =(F101+F91+F81+F71) -> 295 | AG60: =(H101+H91+H81+H71) -> 112.1 | AI60: =(J101+J91+J81+J71) -> 260 | AK60: =(L101+L91+L81+L71) -> 240
B61: 95 | C61: 0.13970588 | D61: 95 | E61: 0.12582781 | F61: 75 | G61: 0.12195122 | H61: 30 | I61: 0.1332741 | J61: 70 | K61: 0.12612613 | L61: 70 | M61: 0.11382114 | O61: =AA61/$AM$166 -> 70 | Q61: =AC61/$AM$166 -> 65 | S61: =AE61/$AM$166 -> 73.75 | U61: =AG61/$AM$166 -> 31.275 | W61: =AI61/$AM$166 -> 65 | Y61: =AK61/$AM$166 -> 65 | AA61: =(B102+B92+B82+B72) -> 280 | AC61: =(D102+D92+D82+D72) -> 260 | AE61: =(F102+F92+F82+F72) -> 295 | AG61: =(H102+H92+H82+H72) -> 125.1 | AI61: =(J102+J92+J82+J72) -> 260 | AK61: =(L102+L92+L82+L72) -> 260
B62: 80 | C62: 0.11764706 | D62: 95 | E62: 0.12582781 | F62: 75 | G62: 0.12195122 | H62: 50 | I62: 0.2221235 | J62: 70 | K62: 0.12612613 | L62: 80 | M62: 0.1300813 | O62: =AA62/$AM$166 -> 70 | Q62: =AC62/$AM$166 -> 70 | S62: =AE62/$AM$166 -> 68.75 | U62: =AG62/$AM$166 -> 30.025 | W62: =AI62/$AM$166 -> 63.75 | Y62: =AK62/$AM$166 -> 61.25 | AA62: =(B103+B93+B83+B73) -> 280 | AC62: =(D103+D93+D83+D73) -> 280 | AE62: =(F103+F93+F83+F73) -> 275 | AG62: =(H103+H93+H83+H73) -> 120.1 | AI62: =(J103+J93+J83+J73) -> 255 | AK62: =(L103+L93+L83+L73) -> 245
B63: 95 | C63: 0.13970588 | D63: 90 | E63: 0.1192053 | F63: 70 | G63: 0.11382114 | H63: 5 | I63: 0.02221235 | J63: 65 | K63: 0.11711712 | L63: 75 | M63: 0.12195122 | O63: =AA63/$AM$166 -> 70 | Q63: =AC63/$AM$166 -> 71.25 | S63: =AE63/$AM$166 -> 76.25 | U63: =AG63/$AM$166 -> 26.275 | W63: =AI63/$AM$166 -> 72.5 | Y63: =AK63/$AM$166 -> 68.75 | AA63: =(B104+B94+B84+B74) -> 280 | AC63: =(D104+D94+D84+D74) -> 285 | AE63: =(F104+F94+F84+F74) -> 305 | AG63: =(H104+H94+H84+H74) -> 105.1 | AI63: =(J104+J94+J84+J74) -> 290 | AK63: =(L104+L94+L84+L74) -> 275
B64: 77.5 | D64: 77.5 | F64: 77.5 | H64: 77.5 | J64: 77.5 | L64: 77.5 | O64: =AA64/$AM$166 -> 58.125 | Q64: =AC64/$AM$166 -> 58.125 | S64: =AE64/$AM$166 -> 58.125 | U64: =AG64/$AM$166 -> 58.125 | W64: =AI64/$AM$166 -> 58.125 | Y64: =AK64/$AM$166 -> 58.125 | AA64: =(B105+B95+B85+B75) -> 232.5 | AC64: =(D105+D95+D85+D75) -> 232.5 | AE64: =(F105+F95+F85+F75) -> 232.5 | AG64: =(H105+H95+H85+H75) -> 232.5 | AI64: =(J105+J95+J85+J75) -> 232.5 | AK64: =(L105+L95+L85+L75) -> 232.5
A66: 1-05 | B66: TNX | C66: 460 | D66: DJI | E66: 390 | F66: SPX | G66: 490 | H66: VIX | I66: 34 | J66: QQQ | K66: 490 | L66: AAPL | M66: 190 | O66: TNX | Q66: DJI | S66: SPX | U66: VIX | W66: QQQ | Y66: AAPL | AA66: TNX | AC66: DJI | AE66: SPX | AG66: VIX | AI66: QQQ | AK66: AAPL | AM66: =AM76 -> 4
B67: 60 | C67: 0.13043478 | D67: 50 | E67: 0.12820513 | F67: 60 | G67: 0.12244898 | H67: 5 | I67: 0.14705882 | J67: 65 | K67: 0.13265306 | L67: 20 | M67: 0.10526316 | O67: =AA67/$AM$166 -> 77.5 | Q67: =AC67/$AM$166 -> 82.5 | S67: =AE67/$AM$166 -> 83.75 | U67: =AG67/$AM$166 -> 37.525 | W67: =AI67/$AM$166 -> 70 | Y67: =AK67/$AM$166 -> 66.25 | AA67: =(B107+B97+B87+B77) -> 310 | AC67: =(D107+D97+D87+D77) -> 330 | AE67: =(F107+F97+F87+F77) -> 335 | AG67: =(H107+H97+H87+H77) -> 150.1 | AI67: =(J107+J97+J87+J77) -> 280 | AK67: =(L107+L97+L87+L77) -> 265
B68: 60 | C68: 0.13043478 | D68: 50 | E68: 0.12820513 | F68: 60 | G68: 0.12244898 | H68: 2 | I68: 0.058823529 | J68: 60 | K68: 0.12244898 | L68: 20 | M68: 0.10526316 | O68: =AA68/$AM$166 -> 72.5 | Q68: =AC68/$AM$166 -> 78.75 | S68: =AE68/$AM$166 -> 83.75 | U68: =AG68/$AM$166 -> 32.525 | W68: =AI68/$AM$166 -> 70 | Y68: =AK68/$AM$166 -> 58.75 | AA68: =(B108+B98+B88+B78) -> 290 | AC68: =(D108+D98+D88+D78) -> 315 | AE68: =(F108+F98+F88+F78) -> 335 | AG68: =(H108+H98+H88+H78) -> 130.1 | AI68: =(J108+J98+J88+J78) -> 280 | AK68: =(L108+L98+L88+L78) -> 235
B69: 60 | C69: 0.13043478 | D69: 50 | E69: 0.12820513 | F69: 60 | G69: 0.12244898 | H69: 5 | I69: 0.14705882 | J69: 60 | K69: 0.12244898 | L69: 30 | M69: 0.15789474 | O69: =AA69/$AM$166 -> 76.25 | Q69: =AC69/$AM$166 -> 78.75 | S69: =AE69/$AM$166 -> 83.75 | U69: =AG69/$AM$166 -> 43.775 | W69: =AI69/$AM$166 -> 68.75 | Y69: =AK69/$AM$166 -> 56.25 | AA69: =(B109+B99+B89+B79) -> 305 | AC69: =(D109+D99+D89+D79) -> 315 | AE69: =(F109+F99+F89+F79) -> 335 | AG69: =(H109+H99+H89+H79) -> 175.1 | AI69: =(J109+J99+J89+J79) -> 275 | AK69: =(L109+L99+L89+L79) -> 225
B70: 60 | C70: 0.13043478 | D70: 50 | E70: 0.12820513 | F70: 65 | G70: 0.13265306 | H70: 5 | I70: 0.14705882 | J70: 60 | K70: 0.12244898 | L70: 20 | M70: 0.10526316 | O70: =AA70/$AM$166 -> 76.25 | Q70: =AC70/$AM$166 -> 78.75 | S70: =AE70/$AM$166 -> 80 | U70: =AG70/$AM$166 -> 40.025 | W70: =AI70/$AM$166 -> 71.25 | Y70: =AK70/$AM$166 -> 67.5 | AA70: =(B110+B100+B90+B80) -> 305 | AC70: =(D110+D100+D90+D80) -> 315 | AE70: =(F110+F100+F90+F80) -> 320 | AG70: =(H110+H100+H90+H80) -> 160.1 | AI70: =(J110+J100+J90+J80) -> 285 | AK70: =(L110+L100+L90+L80) -> 270
B71: 60 | C71: 0.13043478 | D71: 50 | E71: 0.12820513 | F71: 60 | G71: 0.12244898 | H71: 2 | I71: 0.058823529 | J71: 60 | K71: 0.12244898 | L71: 20 | M71: 0.10526316 | O71: =AA71/$AM$166 -> 73.75 | Q71: =AC71/$AM$166 -> 78.75 | S71: =AE71/$AM$166 -> 82.5 | U71: =AG71/$AM$166 -> 32.525 | W71: =AI71/$AM$166 -> 70 | Y71: =AK71/$AM$166 -> 70 | AA71: =(B111+B101+B91+B81) -> 295 | AC71: =(D111+D101+D91+D81) -> 315 | AE71: =(F111+F101+F91+F81) -> 330 | AG71: =(H111+H101+H91+H81) -> 130.1 | AI71: =(J111+J101+J91+J81) -> 280 | AK71: =(L111+L101+L91+L81) -> 280
B72: 50 | C72: 0.10869565 | D72: 40 | E72: 0.1025641 | F72: 60 | G72: 0.12244898 | H72: 5 | I72: 0.14705882 | J72: 60 | K72: 0.12244898 | L72: 20 | M72: 0.10526316 | O72: =AA72/$AM$166 -> 75 | Q72: =AC72/$AM$166 -> 78.75 | S72: =AE72/$AM$166 -> 82.5 | U72: =AG72/$AM$166 -> 35.025 | W72: =AI72/$AM$166 -> 70 | Y72: =AK72/$AM$166 -> 75 | AA72: =(B112+B102+B92+B82) -> 300 | AC72: =(D112+D102+D92+D82) -> 315 | AE72: =(F112+F102+F92+F82) -> 330 | AG72: =(H112+H102+H92+H82) -> 140.1 | AI72: =(J112+J102+J92+J82) -> 280 | AK72: =(L112+L102+L92+L82) -> 300
B73: 50 | C73: 0.10869565 | D73: 50 | E73: 0.12820513 | F73: 60 | G73: 0.12244898 | H73: 5 | I73: 0.14705882 | J73: 60 | K73: 0.12244898 | L73: 30 | M73: 0.15789474 | O73: =AA73/$AM$166 -> 72.5 | Q73: =AC73/$AM$166 -> 80 | S73: =AE73/$AM$166 -> 77.5 | U73: =AG73/$AM$166 -> 33.775 | W73: =AI73/$AM$166 -> 65 | Y73: =AK73/$AM$166 -> 66.25 | AA73: =(B113+B103+B93+B83) -> 290 | AC73: =(D113+D103+D93+D83) -> 320 | AE73: =(F113+F103+F93+F83) -> 310 | AG73: =(H113+H103+H93+H83) -> 135.1 | AI73: =(J113+J103+J93+J83) -> 260 | AK73: =(L113+L103+L93+L83) -> 265
B74: 60 | C74: 0.13043478 | D74: 50 | E74: 0.12820513 | F74: 65 | G74: 0.13265306 | H74: 5 | I74: 0.14705882 | J74: 65 | K74: 0.13265306 | L74: 30 | M74: 0.15789474 | O74: =AA74/$AM$166 -> 72.5 | Q74: =AC74/$AM$166 -> 82.5 | S74: =AE74/$AM$166 -> 83.75 | U74: =AG74/$AM$166 -> 37.525 | W74: =AI74/$AM$166 -> 75 | Y74: =AK74/$AM$166 -> 76.25 | AA74: =(B114+B104+B94+B84) -> 290 | AC74: =(D114+D104+D94+D84) -> 330 | AE74: =(F114+F104+F94+F84) -> 335 | AG74: =(H114+H104+H94+H84) -> 150.1 | AI74: =(J114+J104+J94+J84) -> 300 | AK74: =(L114+L104+L94+L84) -> 305
B75: 77.5 | D75: 77.5 | F75: 77.5 | H75: 77.5 | J75: 77.5 | L75: 77.5
A76: 1-04 | B76: TNX | C76: 560 | D76: DJI | E76: 530 | F76: SPX | G76: 720 | H76: VIX | I76: 680 | J76: QQQ | K76: 560 | L76: AAPL | M76: 470 | O76: TNX | Q76: DJI | S76: SPX | U76: VIX | W76: QQQ | Y76: AAPL | AA76: TNX | AC76: DJI | AE76: SPX | AG76: VIX | AI76: QQQ | AK76: AAPL | AM76: =AM86 -> 4
B77: 70 | C77: 0.125 | D77: 70 | E77: 0.13207547 | F77: 95 | G77: 0.13194444 | H77: 100 | I77: 0.14705882 | J77: 70 | K77: 0.125 | L77: 60 | M77: 0.12765957 | O77: =AA77/$AM$166 -> 83.75 | Q77: =AC77/$AM$166 -> 87.5 | S77: =AE77/$AM$166 -> 83.75 | U77: =AG77/$AM$166 -> 15.025 | W77: =AI77/$AM$166 -> 75 | Y77: =AK77/$AM$166 -> 70 | AA77: =(B117+B107+B97+B87) -> 335 | AC77: =(D117+D107+D97+D87) -> 350 | AE77: =(F117+F107+F97+F87) -> 335 | AG77: =(H117+H107+H97+H87) -> 60.1 | AI77: =(J117+J107+J97+J87) -> 300 | AK77: =(L117+L107+L97+L87) -> 280
B78: 70 | C78: 0.125 | D78: 70 | E78: 0.13207547 | F78: 95 | G78: 0.13194444 | H78: 80 | I78: 0.11764706 | J78: 70 | K78: 0.125 | L78: 60 | M78: 0.12765957 | O78: =AA78/$AM$166 -> 78.75 | Q78: =AC78/$AM$166 -> 85 | S78: =AE78/$AM$166 -> 82.5 | U78: =AG78/$AM$166 -> 15.025 | W78: =AI78/$AM$166 -> 71.25 | Y78: =AK78/$AM$166 -> 66.25 | AA78: =(B118+B108+B98+B88) -> 315 | AC78: =(D118+D108+D98+D88) -> 340 | AE78: =(F118+F108+F98+F88) -> 330 | AG78: =(H118+H108+H98+H88) -> 60.1 | AI78: =(J118+J108+J98+J88) -> 285 | AK78: =(L118+L108+L98+L88) -> 265
B79: 75 | C79: 0.13392857 | D79: 65 | E79: 0.12264151 | F79: 95 | G79: 0.13194444 | H79: 95 | I79: 0.13970588 | J79: 65 | K79: 0.11607143 | L79: 60 | M79: 0.12765957 | O79: =AA79/$AM$166 -> 81.25 | Q79: =AC79/$AM$166 -> 86.25 | S79: =AE79/$AM$166 -> 82.5 | U79: =AG79/$AM$166 -> 22.525 | W79: =AI79/$AM$166 -> 71.25 | Y79: =AK79/$AM$166 -> 63.75 | AA79: =(B119+B109+B99+B89) -> 325 | AC79: =(D119+D109+D99+D89) -> 345 | AE79: =(F119+F109+F99+F89) -> 330 | AG79: =(H119+H109+H99+H89) -> 90.1 | AI79: =(J119+J109+J99+J89) -> 285 | AK79: =(L119+L109+L99+L89) -> 255
B80: 70 | C80: 0.125 | D80: 65 | E80: 0.12264151 | F80: 80 | G80: 0.11111111 | H80: 90 | I80: 0.13235294 | J80: 75 | K80: 0.13392857 | L80: 50 | M80: 0.10638298 | O80: =AA80/$AM$166 -> 82.5 | Q80: =AC80/$AM$166 -> 86.25 | S80: =AE80/$AM$166 -> 82.5 | U80: =AG80/$AM$166 -> 20.025 | W80: =AI80/$AM$166 -> 71.25 | Y80: =AK80/$AM$166 -> 73.75 | AA80: =(B120+B110+B100+B90) -> 330 | AC80: =(D120+D110+D100+D90) -> 345 | AE80: =(F120+F110+F100+F90) -> 330 | AG80: =(H120+H110+H100+H90) -> 80.1 | AI80: =(J120+J110+J100+J90) -> 285 | AK80: =(L120+L110+L100+L90) -> 295
B81: 65 | C81: 0.11607143 | D81: 65 | E81: 0.12264151 | F81: 90 | G81: 0.125 | H81: 80 | I81: 0.11764706 | J81: 70 | K81: 0.125 | L81: 60 | M81: 0.12765957 | O81: =AA81/$AM$166 -> 81.25 | Q81: =AC81/$AM$166 -> 86.25 | S81: =AE81/$AM$166 -> 83.75 | U81: =AG81/$AM$166 -> 15.025 | W81: =AI81/$AM$166 -> 75 | Y81: =AK81/$AM$166 -> 77.5 | AA81: =(B121+B111+B101+B91) -> 325 | AC81: =(D121+D111+D101+D91) -> 345 | AE81: =(F121+F111+F101+F91) -> 335 | AG81: =(H121+H111+H101+H91) -> 60.1 | AI81: =(J121+J111+J101+J91) -> 300 | AK81: =(L121+L111+L101+L91) -> 310
B82: 70 | C82: 0.125 | D82: 65 | E82: 0.12264151 | F82: 95 | G82: 0.13194444 | H82: 90 | I82: 0.13235294 | J82: 70 | K82: 0.125 | L82: 60 | M82: 0.12765957 | O82: =AA82/$AM$166 -> 81.25 | Q82: =AC82/$AM$166 -> 86.25 | S82: =AE82/$AM$166 -> 81.25 | U82: =AG82/$AM$166 -> 15.025 | W82: =AI82/$AM$166 -> 71.25 | Y82: =AK82/$AM$166 -> 82.5 | AA82: =(B122+B112+B102+B92) -> 325 | AC82: =(D122+D112+D102+D92) -> 345 | AE82: =(F122+F112+F102+F92) -> 325 | AG82: =(H122+H112+H102+H92) -> 60.1 | AI82: =(J122+J112+J102+J92) -> 285 | AK82: =(L122+L112+L102+L92) -> 330
B83: 75 | C83: 0.13392857 | D83: 65 | E83: 0.12264151 | F83: 75 | G83: 0.10416667 | H83: 75 | I83: 0.11029412 | J83: 70 | K83: 0.125 | L83: 60 | M83: 0.12765957 | O83: =AA83/$AM$166 -> 77.5 | Q83: =AC83/$AM$166 -> 87.5 | S83: =AE83/$AM$166 -> 82.5 | U83: =AG83/$AM$166 -> 17.525 | W83: =AI83/$AM$166 -> 70 | Y83: =AK83/$AM$166 -> 70 | AA83: =(B123+B113+B103+B93) -> 310 | AC83: =(D123+D113+D103+D93) -> 350 | AE83: =(F123+F113+F103+F93) -> 330 | AG83: =(H123+H113+H103+H93) -> 70.1 | AI83: =(J123+J113+J103+J93) -> 280 | AK83: =(L123+L113+L103+L93) -> 280
B84: 65 | C84: 0.11607143 | D84: 65 | E84: 0.12264151 | F84: 95 | G84: 0.13194444 | H84: 70 | I84: 0.10294118 | J84: 70 | K84: 0.125 | L84: 60 | M84: 0.12765957 | O84: =AA84/$AM$166 -> 80 | Q84: =AC84/$AM$166 -> 90 | S84: =AE84/$AM$166 -> 80 | U84: =AG84/$AM$166 -> 22.525 | W84: =AI84/$AM$166 -> 76.25 | Y84: =AK84/$AM$166 -> 83.75 | AA84: =(B124+B114+B104+B94) -> 320 | AC84: =(D124+D114+D104+D94) -> 360 | AE84: =(F124+F114+F104+F94) -> 320 | AG84: =(H124+H114+H104+H94) -> 90.1 | AI84: =(J124+J114+J104+J94) -> 305 | AK84: =(L124+L114+L104+L94) -> 335
B85: 77.5 | D85: 77.5 | F85: 77.5 | H85: 77.5 | J85: 77.5 | L85: 77.5
A86: 1-03 | B86: TNX | C86: 715 | D86: DJI | E86: 660 | F86: SPX | G86: 600 | H86: VIX | I86: 270 | J86: QQQ | K86: 510 | L86: AAPL | M86: 585 | O86: TNX | Q86: DJI | S86: SPX | U86: VIX | W86: QQQ | Y86: AAPL | AA86: TNX | AC86: DJI | AE86: SPX | AG86: VIX | AI86: QQQ | AK86: AAPL | AM86: =AM96 -> 4
B87: 95 | C87: 0.13286713 | D87: 90 | E87: 0.13636364 | F87: 75 | G87: 0.125 | H87: 30 | I87: 0.11111111 | J87: 65 | K87: 0.12745098 | L87: 70 | M87: 0.11965812 | O87: =AA87/$AM$166 -> 82.5 | Q87: =AC87/$AM$166 -> 82.5 | S87: =AE87/$AM$166 -> 85 | U87: =AG87/$AM$166 -> 15.025 | W87: =AI87/$AM$166 -> 73.75 | Y87: =AK87/$AM$166 -> 72.5 | AA87: =(B127+B117+B107+B97) -> 330 | AC87: =(D127+D117+D107+D97) -> 330 | AE87: =(F127+F117+F107+F97) -> 340 | AG87: =(H127+H117+H107+H97) -> 60.1 | AI87: =(J127+J117+J107+J97) -> 295 | AK87: =(L127+L117+L107+L97) -> 290
B88: 80 | C88: 0.11188811 | D88: 75 | E88: 0.11363636 | F88: 75 | G88: 0.125 | H88: 30 | I88: 0.11111111 | J88: 60 | K88: 0.11764706 | L88: 65 | M88: 0.11111111 | O88: =AA88/$AM$166 -> 78.75 | Q88: =AC88/$AM$166 -> 83.75 | S88: =AE88/$AM$166 -> 86.25 | U88: =AG88/$AM$166 -> 12.525 | W88: =AI88/$AM$166 -> 71.25 | Y88: =AK88/$AM$166 -> 72.5 | AA88: =(B128+B118+B108+B98) -> 315 | AC88: =(D128+D118+D108+D98) -> 335 | AE88: =(F128+F118+F108+F98) -> 345 | AG88: =(H128+H118+H108+H98) -> 50.1 | AI88: =(J128+J118+J108+J98) -> 285 | AK88: =(L128+L118+L108+L98) -> 290
B89: 90 | C89: 0.12587413 | D89: 80 | E89: 0.12121212 | F89: 75 | G89: 0.125 | H89: 30 | I89: 0.11111111 | J89: 65 | K89: 0.12745098 | L89: 65 | M89: 0.11111111 | O89: =AA89/$AM$166 -> 77.5 | Q89: =AC89/$AM$166 -> 83.75 | S89: =AE89/$AM$166 -> 86.25 | U89: =AG89/$AM$166 -> 20.025 | W89: =AI89/$AM$166 -> 70 | Y89: =AK89/$AM$166 -> 71.25 | AA89: =(B129+B119+B109+B99) -> 310 | AC89: =(D129+D119+D109+D99) -> 335 | AE89: =(F129+F119+F109+F99) -> 345 | AG89: =(H129+H119+H109+H99) -> 80.1 | AI89: =(J129+J119+J109+J99) -> 280 | AK89: =(L129+L119+L109+L99) -> 285
B90: 90 | C90: 0.12587413 | D90: 80 | E90: 0.12121212 | F90: 75 | G90: 0.125 | H90: 50 | I90: 0.18518519 | J90: 65 | K90: 0.12745098 | L90: 70 | M90: 0.11965812 | O90: =AA90/$AM$166 -> 80 | Q90: =AC90/$AM$166 -> 83.75 | S90: =AE90/$AM$166 -> 83.75 | U90: =AG90/$AM$166 -> 15.025 | W90: =AI90/$AM$166 -> 70 | Y90: =AK90/$AM$166 -> 76.25 | AA90: =(B130+B120+B110+B100) -> 320 | AC90: =(D130+D120+D110+D100) -> 335 | AE90: =(F130+F120+F110+F100) -> 335 | AG90: =(H130+H120+H110+H100) -> 60.1 | AI90: =(J130+J120+J110+J100) -> 280 | AK90: =(L130+L120+L110+L100) -> 305
B91: 90 | C91: 0.12587413 | D91: 75 | E91: 0.11363636 | F91: 75 | G91: 0.125 | H91: 30 | I91: 0.11111111 | J91: 65 | K91: 0.12745098 | L91: 70 | M91: 0.11965812 | O91: =AA91/$AM$166 -> 76.25 | Q91: =AC91/$AM$166 -> 85 | S91: =AE91/$AM$166 -> 83.75 | U91: =AG91/$AM$166 -> 12.525 | W91: =AI91/$AM$166 -> 73.75 | Y91: =AK91/$AM$166 -> 78.75 | AA91: =(B131+B121+B111+B101) -> 305 | AC91: =(D131+D121+D111+D101) -> 340 | AE91: =(F131+F121+F111+F101) -> 335 | AG91: =(H131+H121+H111+H101) -> 50.1 | AI91: =(J131+J121+J111+J101) -> 295 | AK91: =(L131+L121+L111+L101) -> 315
B92: 90 | C92: 0.12587413 | D92: 80 | E92: 0.12121212 | F92: 75 | G92: 0.125 | H92: 30 | I92: 0.11111111 | J92: 65 | K92: 0.12745098 | L92: 90 | M92: 0.15384615 | O92: =AA92/$AM$166 -> 82.5 | Q92: =AC92/$AM$166 -> 83.75 | S92: =AE92/$AM$166 -> 85 | U92: =AG92/$AM$166 -> 15.025 | W92: =AI92/$AM$166 -> 71.25 | Y92: =AK92/$AM$166 -> 78.75 | AA92: =(B132+B122+B112+B102) -> 330 | AC92: =(D132+D122+D112+D102) -> 335 | AE92: =(F132+F122+F112+F102) -> 340 | AG92: =(H132+H122+H112+H102) -> 60.1 | AI92: =(J132+J122+J112+J102) -> 285 | AK92: =(L132+L122+L112+L102) -> 315
B93: 90 | C93: 0.12587413 | D93: 90 | E93: 0.13636364 | F93: 75 | G93: 0.125 | H93: 40 | I93: 0.14814815 | J93: 60 | K93: 0.11764706 | L93: 65 | M93: 0.11111111 | O93: =AA93/$AM$166 -> 78.75 | Q93: =AC93/$AM$166 -> 82.5 | S93: =AE93/$AM$166 -> 83.75 | U93: =AG93/$AM$166 -> 12.525 | W93: =AI93/$AM$166 -> 70 | Y93: =AK93/$AM$166 -> 76.25 | AA93: =(B133+B123+B113+B103) -> 315 | AC93: =(D133+D123+D113+D103) -> 330 | AE93: =(F133+F123+F113+F103) -> 335 | AG93: =(H133+H123+H113+H103) -> 50.1 | AI93: =(J133+J123+J113+J103) -> 280 | AK93: =(L133+L123+L113+L103) -> 305
B94: 90 | C94: 0.12587413 | D94: 90 | E94: 0.13636364 | F94: 75 | G94: 0.125 | H94: 30 | I94: 0.11111111 | J94: 65 | K94: 0.12745098 | L94: 90 | M94: 0.15384615 | O94: =AA94/$AM$166 -> 77.5 | Q94: =AC94/$AM$166 -> 82.5 | S94: =AE94/$AM$166 -> 85 | U94: =AG94/$AM$166 -> 37.525 | W94: =AI94/$AM$166 -> 77.5 | Y94: =AK94/$AM$166 -> 83.75 | AA94: =(B134+B124+B114+B104) -> 310 | AC94: =(D134+D124+D114+D104) -> 330 | AE94: =(F134+F124+F114+F104) -> 340 | AG94: =(H134+H124+H114+H104) -> 150.1 | AI94: =(J134+J124+J114+J104) -> 310 | AK94: =(L134+L124+L114+L104) -> 335
B95: 77.5 | D95: 77.5 | F95: 77.5 | H95: 77.5 | J95: 77.5 | L95: 77.5
A96: 1-02 | B96: TNX | C96: 560 | D96: DJI | E96: 610 | F96: SPX | G96: 550 | H96: VIX | I96: 0.8 | J96: QQQ | K96: 555 | L96: AAPL | M96: 630 | O96: TNX | Q96: DJI | S96: SPX | U96: VIX | W96: QQQ | Y96: AAPL | AA96: TNX | AC96: DJI | AE96: SPX | AG96: VIX | AI96: QQQ | AK96: AAPL | AM96: =AM106 -> 4
B97: 75 | C97: 0.13392857 | D97: 75 | E97: 0.12295082 | F97: 70 | G97: 0.12727273 | H97: 0.1 | I97: 0.125 | J97: 65 | K97: 0.11711712 | L97: 75 | M97: 0.11904762 | O97: =AA97/$AM$166 -> 81.25 | Q97: =AC97/$AM$166 -> 83.75 | S97: =AE97/$AM$166 -> 91.25 | U97: =AG97/$AM$166 -> 20 | W97: =AI97/$AM$166 -> 80 | Y97: =AK97/$AM$166 -> 66.25 | AA97: =(B137+B127+B117+B107) -> 325 | AC97: =(D137+D127+D117+D107) -> 335 | AE97: =(F137+F127+F117+F107) -> 365 | AG97: =(H137+H127+H117+H107) -> 80 | AI97: =(J137+J127+J117+J107) -> 320 | AK97: =(L137+L127+L117+L107) -> 265
B98: 70 | C98: 0.125 | D98: 75 | E98: 0.12295082 | F98: 70 | G98: 0.12727273 | H98: 0.1 | I98: 0.125 | J98: 70 | K98: 0.12612613 | L98: 50 | M98: 0.079365079 | O98: =AA98/$AM$166 -> 78.75 | Q98: =AC98/$AM$166 -> 85 | S98: =AE98/$AM$166 -> 92.5 | U98: =AG98/$AM$166 -> 17.5 | W98: =AI98/$AM$166 -> 77.5 | Y98: =AK98/$AM$166 -> 72.5 | AA98: =(B138+B128+B118+B108) -> 315 | AC98: =(D138+D128+D118+D108) -> 340 | AE98: =(F138+F128+F118+F108) -> 370 | AG98: =(H138+H128+H118+H108) -> 70 | AI98: =(J138+J128+J118+J108) -> 310 | AK98: =(L138+L128+L118+L108) -> 290
B99: 70 | C99: 0.125 | D99: 75 | E99: 0.12295082 | F99: 70 | G99: 0.12727273 | H99: 0.1 | I99: 0.125 | J99: 70 | K99: 0.12612613 | L99: 50 | M99: 0.079365079 | O99: =AA99/$AM$166 -> 77.5 | Q99: =AC99/$AM$166 -> 83.75 | S99: =AE99/$AM$166 -> 92.5 | U99: =AG99/$AM$166 -> 25 | W99: =AI99/$AM$166 -> 76.25 | Y99: =AK99/$AM$166 -> 71.25 | AA99: =(B139+B129+B119+B109) -> 310 | AC99: =(D139+D129+D119+D109) -> 335 | AE99: =(F139+F129+F119+F109) -> 370 | AG99: =(H139+H129+H119+H109) -> 100 | AI99: =(J139+J129+J119+J109) -> 305 | AK99: =(L139+L129+L119+L109) -> 285
B100: 75 | C100: 0.13392857 | D100: 75 | E100: 0.12295082 | F100: 70 | G100: 0.12727273 | H100: 0.1 | I100: 0.125 | J100: 65 | K100: 0.11711712 | L100: 90 | M100: 0.14285714 | O100: =AA100/$AM$166 -> 78.75 | Q100: =AC100/$AM$166 -> 85 | S100: =AE100/$AM$166 -> 88.75 | U100: =AG100/$AM$166 -> 20 | W100: =AI100/$AM$166 -> 77.5 | Y100: =AK100/$AM$166 -> 66.25 | AA100: =(B140+B130+B120+B110) -> 315 | AC100: =(D140+D130+D120+D110) -> 340 | AE100: =(F140+F130+F120+F110) -> 355 | AG100: =(H140+H130+H120+H110) -> 80 | AI100: =(J140+J130+J120+J110) -> 310 | AK100: =(L140+L130+L120+L110) -> 265
B101: 70 | C101: 0.125 | D101: 80 | E101: 0.13114754 | F101: 70 | G101: 0.12727273 | H101: 0.1 | I101: 0.125 | J101: 65 | K101: 0.11711712 | L101: 90 | M101: 0.14285714 | O101: =AA101/$AM$166 -> 76.25 | Q101: =AC101/$AM$166 -> 83.75 | S101: =AE101/$AM$166 -> 88.75 | U101: =AG101/$AM$166 -> 17.5 | W101: =AI101/$AM$166 -> 81.25 | Y101: =AK101/$AM$166 -> 71.25 | AA101: =(B141+B131+B121+B111) -> 305 | AC101: =(D141+D131+D121+D111) -> 335 | AE101: =(F141+F131+F121+F111) -> 355 | AG101: =(H141+H131+H121+H111) -> 70 | AI101: =(J141+J131+J121+J111) -> 325 | AK101: =(L141+L131+L121+L111) -> 285
B102: 70 | C102: 0.125 | D102: 75 | E102: 0.12295082 | F102: 65 | G102: 0.11818182 | H102: 0.1 | I102: 0.125 | J102: 65 | K102: 0.11711712 | L102: 90 | M102: 0.14285714 | O102: =AA102/$AM$166 -> 83.75 | Q102: =AC102/$AM$166 -> 82.5 | S102: =AE102/$AM$166 -> 91.25 | U102: =AG102/$AM$166 -> 22.5 | W102: =AI102/$AM$166 -> 77.5 | Y102: =AK102/$AM$166 -> 71.25 | AA102: =(B142+B132+B122+B112) -> 335 | AC102: =(D142+D132+D122+D112) -> 330 | AE102: =(F142+F132+F122+F112) -> 365 | AG102: =(H142+H132+H122+H112) -> 90 | AI102: =(J142+J132+J122+J112) -> 310 | AK102: =(L142+L132+L122+L112) -> 285
B103: 65 | C103: 0.11607143 | D103: 75 | E103: 0.12295082 | F103: 65 | G103: 0.11818182 | H103: 0.1 | I103: 0.125 | J103: 65 | K103: 0.11711712 | L103: 90 | M103: 0.14285714 | O103: =AA103/$AM$166 -> 80 | Q103: =AC103/$AM$166 -> 82.5 | S103: =AE103/$AM$166 -> 90 | U103: =AG103/$AM$166 -> 17.5 | W103: =AI103/$AM$166 -> 77.5 | Y103: =AK103/$AM$166 -> 66.25 | AA103: =(B143+B133+B123+B113) -> 320 | AC103: =(D143+D133+D123+D113) -> 330 | AE103: =(F143+F133+F123+F113) -> 360 | AG103: =(H143+H133+H123+H113) -> 70 | AI103: =(J143+J133+J123+J113) -> 310 | AK103: =(L143+L133+L123+L113) -> 265
B104: 65 | C104: 0.11607143 | D104: 80 | E104: 0.13114754 | F104: 70 | G104: 0.12727273 | H104: 0.1 | I104: 0.125 | J104: 90 | K104: 0.16216216 | L104: 95 | M104: 0.15079365 | O104: =AA104/$AM$166 -> 78.75 | Q104: =AC104/$AM$166 -> 81.25 | S104: =AE104/$AM$166 -> 87.5 | U104: =AG104/$AM$166 -> 42.5 | W104: =AI104/$AM$166 -> 77.5 | Y104: =AK104/$AM$166 -> 75 | AA104: =(B144+B134+B124+B114) -> 315 | AC104: =(D144+D134+D124+D114) -> 325 | AE104: =(F144+F134+F124+F114) -> 350 | AG104: =(H144+H134+H124+H114) -> 170 | AI104: =(J144+J134+J124+J114) -> 310 | AK104: =(L144+L134+L124+L114) -> 300
A106: 1-01 | B106: TNX | C106: 550 | D106: DJI | E106: 755 | F106: SPX | G106: 760 | H106: VIX | I106: 220 | J106: QQQ | K106: 615 | L106: AAPL | M106: 460 | O106: TNX | Q106: DJI | S106: SPX | U106: VIX | W106: QQQ | Y106: AAPL | AA106: TNX | AC106: DJI | AE106: SPX | AG106: VIX | AI106: QQQ | AK106: AAPL | AM106: =AM116 -> 4
B107: 70 | C107: 0.12727273 | D107: 95 | E107: 0.12582781 | F107: 95 | G107: 0.125 | H107: 20 | I107: 0.090909091 | J107: 80 | K107: 0.1300813 | L107: 60 | M107: 0.13043478 | O107: =AA107/$AM$166 -> 87.5 | Q107: =AC107/$AM$166 -> 80 | S107: =AE107/$AM$166 -> 85 | U107: =AG107/$AM$166 -> 16.25 | W107: =AI107/$AM$166 -> 76.25 | Y107: =AK107/$AM$166 -> 73.75 | AA107: =(B147+B137+B127+B117) -> 350 | AC107: =(D147+D137+D127+D117) -> 320 | AE107: =(F147+F137+F127+F117) -> 340 | AG107: =(H147+H137+H127+H117) -> 65 | AI107: =(J147+J137+J127+J117) -> 305 | AK107: =(L147+L137+L127+L117) -> 295
...

Sheet 26-1-06
A1: model | B1: O 5.2 | C1: Grok 4.1 | D1: Gemini Pro 3 | E1: Claude | F1: GLM-4.7 | G1: Kimi 2.5 | H1: Minimax 2.1 | I1: LeChat | J1: Qwen | K1: 26-Q1-06 | M1: Accuracy | N1: TNX | O1: =SUM(N2:N9) -> 796.00979 | P1: DJI | Q1: =SUM(P2:P9) -> 798.54072 | R1: SPX | S1: =SUM(R2:R9) -> 793.67308 | T1: VIX | U1: =SUM(T2:T9) -> 726.29649 | V1: QQQ | W1: =SUM(V2:V9) -> 789.16739 | X1: AAPL | Y1: =SUM(X2:X9) -> 792.88684 | AA1: AVR-4 | AB1: AVR-6 | AG1: max-Q | AK1: REPORT | AN1: Round | AO1: 2 | AP1: =K11 -> +3-day | AQ1: User1 | AR1: User2 | AS1: User3
A2: TNX | B2: 4.07 | C2: 4.055 | D2: 4.05 | E2: 4.04 | F2: 4.08 | G2: 4.088 | H2: 4.06 | I2: 4.08 | J2: 4.048 | M2: =B1 -> O 5.2 | N2: =100-ABS((($K12-B2)/($K12)))*100 -> 99.632803 | O2: =N2/$O$1 -> 0.1251653 | P2: =100-ABS((($K13-B3)/($K13)))*100 -> 99.826643 | Q2: =P2/$Q$1 -> 0.12501134 | R2: =100-ABS((($K14-B4)/($K14)))*100 -> 99.312253 | S2: =R2/$S$1 -> 0.12512993 | T2: =100-ABS((($K15-B5)/($K15)))*100 -> 93.609219 | U2: =T2/$U$1 -> 0.12888568 | V2: =100-ABS((($K16-B6)/($K16)))*100 -> 98.886352 | W2: =V2/$W$1 -> 0.12530466 | X2: =100-ABS((($K17-B7)/($K17)))*100 -> 98.148008 | Y2: =X2/$Y$1 -> 0.12378564 | AA2: =(P2+R2+T2+V2)/4 -> 97.908617 | AB2: =(N2+P2+R2+T2+V2+X2)/6 -> 98.23588 | AC2: =IF($AA2=MAX(AA2:AA9),"TOP","") | AD2: =IF($AB2=MAX(AB2:AB9),"TOP","") | AF2: TNX | AG2: Q | AH2: =MAX(N2:N9) -> 99.926561 | AJ2: =AF2 -> TNX | AK2: 4.25 | AL2: =100-ABS(($K12-AK2)/($K12))*100 -> 95.960832 | AO2: Ticker | AP2: Exact | AQ2: ∆ | AR2: =AQ2 -> ∆ | AS2: =AR2 -> ∆ | AT2: Penalty function
A3: DJI | B3: 49712 | C3: 49690 | D3: 49690 | E3: 49720 | F3: 49650 | G3: 49718 | H3: 49750 | I3: 49450 | J3: 49540 | K3: 2026/02/17 | M3: =C1 -> Grok 4.1 | N3: =100-ABS((($K12-C2)/($K12)))*100 -> 99.265606 | O3: =N3/$O$1 -> 0.124704 | P3: =100-ABS((($K13-C3)/($K13)))*100 -> 99.870975 | Q3: =P3/$Q$1 -> 0.12506685 | R3: =100-ABS((($K14-C4)/($K14)))*100 -> 99.355672 | S3: =R3/$S$1 -> 0.12518463 | T3: =100-ABS((($K15-C5)/($K15)))*100 -> 93.92352 | U3: =T3/$U$1 -> 0.12931843 | V3: =100-ABS((($K16-C6)/($K16)))*100 -> 98.881424 | W3: =V3/$W$1 -> 0.12529842 | X3: =100-ABS((($K17-C7)/($K17)))*100 -> 99.085343 | Y3: =X3/$Y$1 -> 0.12496782 | AA3: =(P3+R3+T3+V3)/4 -> 98.007898 | AB3: =(N3+P3+R3+T3+V3+X3)/6 -> 98.39709 | AC3: =IF($AA3=MAX(AA2:AA9),"TOP","") | AD3: =IF($AB3=MAX(AB2:AB9),"TOP","") | AF3: DJI | AG3: Q | AH3: =MAX(P2:P9) -> 99.951578 | AJ3: =AF3 -> DJI | AK3: 48833 | AL3: =100-ABS(($K13-AK3)/($K13))*100 -> 98.402107 | AO3: =AF2 -> TNX | AP3: =K12 -> 4.085 | AQ3: =ABS(C30-AP3) -> 0.085 | AR3: =ABS(E30-K12) -> 0.075 | AS3: =ABS(AP3-G30) -> 0.005 | AT3: N/A
A4: SPX | B4: 6862 | C4: 6865 | D4: 6858 | E4: 6873 | F4: 6850 | G4: 6853 | H4: 6843 | I4: 6835 | J4: 6825 | M4: =D1 -> Gemini Pro 3 | N4: =100-ABS((($K12-D2)/($K12)))*100 -> 99.143207 | O4: =N4/$O$1 -> 0.12455024 | P4: =100-ABS((($K13-D3)/($K13)))*100 -> 99.870975 | Q4: =P4/$Q$1 -> 0.12506685 | R4: =100-ABS((($K14-D4)/($K14)))*100 -> 99.254362 | S4: =R4/$S$1 -> 0.12505698 | T4: =100-ABS((($K15-D5)/($K15)))*100 -> 71.660555 | U4: =T4/$U$1 -> 0.098665705 | V4: =100-ABS((($K16-D6)/($K16)))*100 -> 98.799297 | W4: =V4/$W$1 -> 0.12519435 | X4: =100-ABS((($K17-D7)/($K17)))*100 -> 99.652279 | Y4: =X4/$Y$1 -> 0.12568285 | AA4: =(P4+R4+T4+V4)/4 -> 92.396297 | AB4: =(N4+P4+R4+T4+V4+X4)/6 -> 94.730113 | AC4: =IF($AA4=MAX(AA2:AA9),"TOP","") | AD4: =IF($AB4=MAX(AB2:AB9),"TOP","") | AF4: SPX | AG4: M | AH4: =MAX(R2:R9) -> 99.471454 | AJ4: =AF4 -> SPX | AK4: 6810 | AL4: =100-ABS(($K14-AK4)/($K14))*100 -> 98.559668 | AO4: =AF3 -> DJI | AP4: =K13 -> 49625.97 | AQ4: =ABS(C13-AP4) -> 175.97 | AR4: =ABS(E13-AP4) -> 140.97 | AS4: =ABS(AP4-G13) -> 3.97 | AT4: F1
A5: VIX | B5: 20.31 | C5: 20.25 | D5: 24.5 | E5: 19.75 | F5: 20.4 | G5: 20.38 | H5: 19.7 | I5: 21.5 | J5: 20.4 | K5: LLM | M5: =E1 -> Claude | N5: =100-ABS((($K12-E2)/($K12)))*100 -> 98.898409 | O5: =N5/$O$1 -> 0.1242427 | P5: =100-ABS((($K13-E3)/($K13)))*100 -> 99.810523 | Q5: =P5/$Q$1 -> 0.12499115 | R5: =100-ABS((($K14-E4)/($K14)))*100 -> 99.471454 | S5: =R5/$S$1 -> 0.12533051 | T5: =100-ABS((($K15-E5)/($K15)))*100 -> 96.542693 | U5: =T5/$U$1 -> 0.13292463 | V5: =100-ABS((($K16-E6)/($K16)))*100 -> 98.552915 | W5: =V5/$W$1 -> 0.12488214 | X5: =100-ABS((($K17-E7)/($K17)))*100 -> 99.402827 | Y5: =X5/$Y$1 -> 0.12536824 | AA5: =(P5+R5+T5+V5)/4 -> 98.594396 | AB5: =(N5+P5+R5+T5+V5+X5)/6 -> 98.779803 | AC5: =IF($AA5=MAX(AA2:AA9),"TOP","") -> TOP | AD5: =IF($AB5=MAX(AB2:AB9),"TOP","") | AF5: VIX | AG5: K | AH5: =MAX(T2:T9) -> 96.80461 | AJ5: =AF5 -> VIX | AK5: 19.1 | AL5: =100-ABS(($K15-AK5)/($K15))*100 -> 99.947617 | AO5: =AF4 -> SPX | AP5: =K14 -> 6909.52 | AQ5: =ABS(C14-AP5) -> 106.52 | AR5: =ABS(E14-AP5) -> 119.52 | AS5: =ABS(AP5-G14) -> 59.52 | AT5: F2
A6: QQQ | B6: 602.03 | C6: 602 | D6: 601.5 | E6: 600 | F6: 600 | G6: 600 | H6: 601 | I6: 598 | J6: 598.5 | M6: =F1 -> GLM-4.7 | N6: =100-ABS((($K12-F2)/($K12)))*100 -> 99.877601 | O6: =N6/$O$1 -> 0.12547283 | P6: =100-ABS((($K13-F3)/($K13)))*100 -> 99.951578 | Q6: =P6/$Q$1 -> 0.12516779 | R6: =100-ABS((($K14-F4)/($K14)))*100 -> 99.13858 | S6: =R6/$S$1 -> 0.1249111 | T6: =100-ABS((($K15-F5)/($K15)))*100 -> 93.137768 | U6: =T6/$U$1 -> 0.12823657 | V6: =100-ABS((($K16-F6)/($K16)))*100 -> 98.552915 | W6: =V6/$W$1 -> 0.12488214 | X6: =100-ABS((($K17-F7)/($K17)))*100 -> 99.4633 | Y6: =X6/$Y$1 -> 0.12544451 | AA6: =(P6+R6+T6+V6)/4 -> 97.69521 | AB6: =(N6+P6+R6+T6+V6+X6)/6 -> 98.353624 | AC6: =IF($AA6=MAX(AA2:AA9),"TOP","") | AD6: =IF($AB6=MAX(AB2:AB9),"TOP","") | AF6: QQQ | AG6: o | AH6: =MAX(V2:V9) -> 98.886352 | AJ6: =AF6 -> QQQ | AK6: 604.8 | AL6: =100-ABS(($K16-AK6)/($K16))*100 -> 99.341338 | AO6: =AF5 -> VIX | AP6: =K15 -> 19.09 | AQ6: =ABS(C15-AP6) -> 2.09 | AR6: =ABS(E15-AP6) -> 2.43 | AS6: =ABS(AP6-G15) -> 0.1 | AT6: F3
A7: AAPL | B7: 259.68 | C7: 267 | D7: 265.5 | E7: 263 | F7: 266 | G7: 268 | H7: 263 | I7: 262 | J7: 264.7 | K7: F & G | M7: =G1 -> Kimi 2.5 | N7: =100-ABS((($K12-G2)/($K12)))*100 -> 99.926561 | O7: =N7/$O$1 -> 0.12553434 | P7: =100-ABS((($K13-G3)/($K13)))*100 -> 99.814553 | Q7: =P7/$Q$1 -> 0.1249962 | R7: =100-ABS((($K14-G4)/($K14)))*100 -> 99.181998 | S7: =R7/$S$1 -> 0.12496581 | T7: =100-ABS((($K15-G5)/($K15)))*100 -> 93.242535 | U7: =T7/$U$1 -> 0.12838082 | V7: =100-ABS((($K16-G6)/($K16)))*100 -> 98.552915 | W7: =V7/$W$1 -> 0.12488214 | X7: =100-ABS((($K17-G7)/($K17)))*100 -> 98.707385 | Y7: =X7/$Y$1 -> 0.12449114 | AA7: =(P7+R7+T7+V7)/4 -> 97.698 | AB7: =(N7+P7+R7+T7+V7+X7)/6 -> 98.237658 | AC7: =IF($AA7=MAX(AA2:AA9),"TOP","") | AD7: =IF($AB7=MAX(AB2:AB9),"TOP","") | AF7: AAPL | AG7: L | AH7: =MAX(X2:X9) -> 99.652279 | AJ7: =AF7 -> AAPL | AK7: 245.25 | AL7: =100-ABS(($K17-AK7)/($K17))*100 -> 92.694081 | AO7: =AF6 -> QQQ | AP7: =K16 -> 608.81 | AQ7: =ABS(C16-AP7) -> 11.51 | AR7: =ABS(E16-AP7) -> 13.01 | AS7: =ABS(AP7-G16) -> 5.31 | AT7: F4
K8: 37 | M8: =H1 -> Minimax 2.1 | N8: =100-ABS((($K12-H2)/($K12)))*100 -> 99.388005 | O8: =N8/$O$1 -> 0.12485777 | P8: =100-ABS((($K13-H3)/($K13)))*100 -> 99.75007 | Q8: =P8/$Q$1 -> 0.12491545 | R8: =100-ABS((($K14-H4)/($K14)))*100 -> 99.03727 | S8: =R8/$S$1 -> 0.12478346 | T8: =100-ABS((($K15-H5)/($K15)))*100 -> 96.80461 | U8: =T8/$U$1 -> 0.13328525 | V8: =100-ABS((($K16-H6)/($K16)))*100 -> 98.71717 | W8: =V8/$W$1 -> 0.12509028 | X8: =100-ABS((($K17-H7)/($K17)))*100 -> 99.402827 | Y8: =X8/$Y$1 -> 0.12536824 | AA8: =(P8+R8+T8+V8)/4 -> 98.57728 | AB8: =(N8+P8+R8+T8+V8+X8)/6 -> 98.849992 | AC8: =IF($AA8=MAX(AA2:AA9),"TOP","") | AD8: =IF($AB8=MAX(AB2:AB9),"TOP","") -> TOP | AO8: =AF7 -> AAPL | AP8: =K17 -> 264.58 | AQ8: =ABS(C35-AP8) -> 1.82 | AR8: =ABS(E35-K17) -> 2.62 | AS8: =ABS(AP8-G35) -> 0.28 | AT8: N/A
K9: =IF(K8<25,AB31,IF(K8<45,AB32,IF(K8<55,AB33,IF(K8<75,AB34,AB35)))) -> Fear | M9: =I1 -> LeChat | N9: =100-ABS((($K12-I2)/($K12)))*100 -> 99.877601 | O9: =N9/$O$1 -> 0.12547283 | P9: =100-ABS((($K13-I3)/($K13)))*100 -> 99.645407 | Q9: =P9/$Q$1 -> 0.12478438 | R9: =100-ABS((($K14-I4)/($K14)))*100 -> 98.921488 | S9: =R9/$S$1 -> 0.12463758 | T9: =100-ABS((($K15-I5)/($K15)))*100 -> 87.375589 | U9: =T9/$U$1 -> 0.12030292 | V9: =100-ABS((($K16-I6)/($K16)))*100 -> 98.224405 | W9: =V9/$W$1 -> 0.12446587 | X9: =100-ABS((($K17-I7)/($K17)))*100 -> 99.02487 | Y9: =X9/$Y$1 -> 0.12489155 | AA9: =(P9+R9+T9+V9)/4 -> 96.041722 | AB9: =(N9+P9+R9+T9+V9+X9)/6 -> 97.178227 | AC9: =IF($AA9=MAX(AA2:AA9),"TOP","") | AD9: =IF($AB9=MAX(AB2:AB9),"TOP","") | AF9: max-Q AVR-4 | AH9: =AVERAGE(AH3:AH6) -> 98.778498 | AJ9: max-Q AVR-4 | AL9: =AVERAGE(AL3:AL6) -> 99.062682 | AP9: 0 | AQ9: 2.16 | AR9: 2.24 | AS9: 1.79 | AT9: Round Penalty
AF10: max AVR-6 | AH10: =AVERAGE(AH2:AH7) -> 99.115472 | AJ10: max AVR-6 | AL10: =AVERAGE(AL2:AL7) -> 97.484274 | AP10: 0 | AQ10: 5.28 | AR10: 5.33 | AS10: 5.1 | AT10: Total Penalty
B11: Close YF | C11: RD | E11: 85520 | G11: MICH | I11: LLM | J11: ML | K11: +3-day | M11: Update | N11: TNX | O11: =SUM(N12:N19) -> 680 | P11: DJI | Q11: =SUM(P12:P19) -> 755 | R11: SPX | S11: =SUM(R12:R19) -> 615 | T11: VIX | U11: =SUM(T12:T19) -> 225.1 | V11: QQQ | W11: =SUM(V12:V19) -> 555 | X11: AAPL | Y11: =SUM(X12:X19) -> 615 | AA11: Value | AB11: Assign
A12: TNX | B12: 4.052 | C12: 4 | D12: =IF(ABS(K12-I12)<ABS(C12-K12),$I$11,$C$11) -> LLM | E12: 4.01 | F12: =IF(ABS(K12-I12)<ABS(K12-E12),$I$11,$E$11) -> LLM | G12: 4.08 | H12: =IF(ABS(I12-K12)<ABS(K12-G12),$I$11,$G$11) -> MICH | I12: =(B2*O22)+(C2*O23)+(D2*O24)+(E2*O25)+(F2*O26)+(G2*O27)+(H2*O28)+(I2*O29) -> 4.0651808 | J12: 4.0562701 | K12: 4.085 | M12: =M2 -> O 5.2 | N12: =IF(N2=0,0, LOOKUP(N2-0.000000000001,$AA$12:$AA$28,$AB$12:$AB$28)) -> 90 | O12: =N12/$O$11 -> 0.13235294 | P12: =IF(P2=0,0, LOOKUP(P2-0.000000000001,$AA$12:$AA$28,$AB$12:$AB$28)) -> 95 | Q12: =P12/$Q$11 -> 0.12582781 | R12: =IF(R2=0,0, LOOKUP(R2-0.000000000001,$AA$12:$AA$28,$AB$12:$AB$28)) -> 80 | S12: =R12/$S$11 -> 0.1300813 | T12: =IF(T2=0,0, LOOKUP(T2-0.000000000001,$AA$12:$AA$28,$AB$12:$AB$28)) -> 30 | U12: =T12/$U$11 -> 0.1332741 | V12: =IF(V2=0,0, LOOKUP(V2-0.000000000001,$AA$12:$AA$28,$AB$12:$AB$28)) -> 70 | W12: =V12/$W$11 -> 0.12612613 | X12: =IF(X2=0,0, LOOKUP(X2-0.000000000001,$AA$12:$AA$28,$AB$12:$AB$28)) -> 65 | Y12: =X12/$Y$11 -> 0.10569106 | AA12: 1 | AB12: 0.1
A13: DJI | B13: 49533.19 | C13: 49450 | D13: =IF(ABS(K13-I13)<ABS(C13-K13),$I$11,$C$11) -> LLM | E13: 49485 | F13: =IF(ABS(K13-I13)<ABS(K13-E13),$I$11,$E$11) -> LLM | G13: 49622 | H13: =IF(ABS(I13-K13)<ABS(K13-G13),$I$11,$G$11) -> MICH | I13: =(B3*Q22)+(C3*Q23)+(D3*Q24)+(E3*Q25)+(F3*Q26)+(G3*Q27)+(H3*Q28)+(I3*Q29) -> 49671.393 | J13: 49694.25 | K13: 49625.97 | M13: =M3 -> Grok 4.1 | N13: =IF(N3=0,0, LOOKUP(N3-0.000000000001,$AA$12:$AA$28,$AB$12:$AB$28)) -> 80 | O13: =N13/$O$11 -> 0.11764706 | P13: =IF(P3=0,0, LOOKUP(P3-0.000000000001,$AA$12:$AA$28,$AB$12:$AB$28)) -> 95 | Q13: =P13/$Q$11 -> 0.12582781 | R13: =IF(R3=0,0, LOOKUP(R3-0.000000000001,$AA$12:$AA$28,$AB$12:$AB$28)) -> 80 | S13: =R13/$S$11 -> 0.1300813 | T13: =IF(T3=0,0, LOOKUP(T3-0.000000000001,$AA$12:$AA$28,$AB$12:$AB$28)) -> 30 | U13: =T13/$U$11 -> 0.1332741 | V13: =IF(V3=0,0, LOOKUP(V3-0.000000000001,$AA$12:$AA$28,$AB$12:$AB$28)) -> 70 | W13: =V13/$W$11 -> 0.12612613 | X13: =IF(X3=0,0, LOOKUP(X3-0.000000000001,$AA$12:$AA$28,$AB$12:$AB$28)) -> 75 | Y13: =X13/$Y$11 -> 0.12195122 | AA13: 80 | AB13: 1 | AG13: RD CALC | AK13: 85520 CALC | AO13: DJI | AP13: =K11 -> +3-day | AQ13: User1 | AR13: User2 | AS13: User3 | AT13: F1 | AU13: 893 | AV13: TEST | AW13: BEST = | AX13: 893
A14: SPX | B14: 6843.22 | C14: 6803 | D14: =IF(ABS(K14-I14)<ABS(C14-K14),$I$11,$C$11) -> LLM | E14: 6790 | F14: =IF(ABS(K14-I14)<ABS(K14-E14),$I$11,$E$11) -> LLM | G14: 6850 | H14: =IF(ABS(I14-K14)<ABS(K14-G14),$I$11,$G$11) -> LLM | I14: =(B4*S22)+(C4*S23)+(D4*S24)+(E4*S25)+(F4*S26)+(G4*S27)+(H4*S28)+(I4*S29) -> 6854.8962 | J14: 6854.7163 | K14: 6909.52 | M14: =M4 -> Gemini Pro 3 | N14: =IF(N4=0,0, LOOKUP(N4-0.000000000001,$AA$12:$AA$28,$AB$12:$AB$28)) -> 75 | O14: =N14/$O$11 -> 0.11029412 | P14: =IF(P4=0,0, LOOKUP(P4-0.000000000001,$AA$12:$AA$28,$AB$12:$AB$28)) -> 95 | Q14: =P14/$Q$11 -> 0.12582781 | R14: =IF(R4=0,0, LOOKUP(R4-0.000000000001,$AA$12:$AA$28,$AB$12:$AB$28)) -> 80 | S14: =R14/$S$11 -> 0.1300813 | T14: =IF(T4=0,0, LOOKUP(T4-0.000000000001,$AA$12:$AA$28,$AB$12:$AB$28)) -> 0.1 | U14: =T14/$U$11 -> 0.000444247 | V14: =IF(V4=0,0, LOOKUP(V4-0.000000000001,$AA$12:$AA$28,$AB$12:$AB$28)) -> 70 | W14: =V14/$W$11 -> 0.12612613 | X14: =IF(X4=0,0, LOOKUP(X4-0.000000000001,$AA$12:$AA$28,$AB$12:$AB$28)) -> 90 | Y14: =X14/$Y$11 -> 0.14634146 | AA14: 82.5 | AB14: 2 | AF14: =A2 -> TNX | AG14: =C12 -> 4 | AH14: =100-ABS(($K12-AG14)/($K12))*100 -> 97.919217 | AJ14: =AF14 -> TNX | AK14: =E12 -> 4.01 | AL14: =100-ABS(($K12-AK14)/($K12))*100 -> 98.164015 | AP14: 0 | AQ14: =AQ15/AT15 -> 0.19705487 | AR14: =AR15/AT15 -> 0.15786114 | AS14: =AS15/AT15 -> 0.0044456887 | AT14: 5 | AU14: 1 | AV14: Scale | AW14: RANGE = | AX14: =AU13/AP4 -> 0.01799461
A15: VIX | B15: 20.29 | C15: 21.18 | D15: =IF(ABS(K15-I15)<ABS(C15-K15),$I$11,$C$11) -> LLM | E15: 21.52 | F15: =IF(ABS(K15-I15)<ABS(K15-E15),$I$11,$E$11) -> LLM | G15: 19.19 | H15: =IF(ABS(I15-K15)<ABS(K15-G15),$I$11,$G$11) -> MICH | I15: =(B5*U22)+(C5*U23)+(D5*U24)+(E5*U25)+(F5*U26)+(G5*U27)+(H5*U28)+(I5*U29) -> 20.845937 | J15: 20.727366 | K15: 19.09 | M15: =M5 -> Claude | N15: =IF(N5=0,0, LOOKUP(N5-0.000000000001,$AA$12:$AA$28,$AB$12:$AB$28)) -> 70 | O15: =N15/$O$11 -> 0.10294118 | P15: =IF(P5=0,0, LOOKUP(P5-0.000000000001,$AA$12:$AA$28,$AB$12:$AB$28)) -> 95 | Q15: =P15/$Q$11 -> 0.12582781 | R15: =IF(R5=0,0, LOOKUP(R5-0.000000000001,$AA$12:$AA$28,$AB$12:$AB$28)) -> 80 | S15: =R15/$S$11 -> 0.1300813 | T15: =IF(T5=0,0, LOOKUP(T5-0.000000000001,$AA$12:$AA$28,$AB$12:$AB$28)) -> 50 | U15: =T15/$U$11 -> 0.2221235 | V15: =IF(V5=0,0, LOOKUP(V5-0.000000000001,$AA$12:$AA$28,$AB$12:$AB$28)) -> 70 | W15: =V15/$W$11 -> 0.12612613 | X15: =IF(X5=0,0, LOOKUP(X5-0.000000000001,$AA$12:$AA$28,$AB$12:$AB$28)) -> 80 | Y15: =X15/$Y$11 -> 0.1300813 | AA15: 85 | AB15: 5 | AF15: =A3 -> DJI | AG15: =C13 -> 49450 | AH15: =100-ABS(($K13-AG15)/($K13))*100 -> 99.645407 | AJ15: =AF15 -> DJI | AK15: =E13 -> 49485 | AL15: =100-ABS(($K13-AK15)/($K13))*100 -> 99.715935 | AP15: 0 | AQ15: =AQ4 -> 175.97 | AR15: =AR4 -> 140.97 | AS15: =AS4 -> 3.97 | AT15: =AU14*AU13 -> 893
A16: QQQ | B16: 601.3 | C16: 597.3 | D16: =IF(ABS(K16-I16)<ABS(C16-K16),$I$11,$C$11) -> LLM | E16: 595.8 | F16: =IF(ABS(K16-I16)<ABS(K16-E16),$I$11,$E$11) -> LLM | G16: 603.5 | H16: =IF(ABS(I16-K16)<ABS(K16-G16),$I$11,$G$11) -> MICH | I16: =(B6*W22)+(C6*W23)+(D6*W24)+(E6*W25)+(F6*W26)+(G6*W27)+(H6*W28)+(I6*W29) -> 600.53095 | J16: 603.70818 | K16: 608.81 | M16: =M6 -> GLM-4.7 | N16: =IF(N6=0,0, LOOKUP(N6-0.000000000001,$AA$12:$AA$28,$AB$12:$AB$28)) -> 95 | O16: =N16/$O$11 -> 0.13970588 | P16: =IF(P6=0,0, LOOKUP(P6-0.000000000001,$AA$12:$AA$28,$AB$12:$AB$28)) -> 95 | Q16: =P16/$Q$11 -> 0.12582781 | R16: =IF(R6=0,0, LOOKUP(R6-0.000000000001,$AA$12:$AA$28,$AB$12:$AB$28)) -> 75 | S16: =R16/$S$11 -> 0.12195122 | T16: =IF(T6=0,0, LOOKUP(T6-0.000000000001,$AA$12:$AA$28,$AB$12:$AB$28)) -> 30 | U16: =T16/$U$11 -> 0.1332741 | V16: =IF(V6=0,0, LOOKUP(V6-0.000000000001,$AA$12:$AA$28,$AB$12:$AB$28)) -> 70 | W16: =V16/$W$11 -> 0.12612613 | X16: =IF(X6=0,0, LOOKUP(X6-0.000000000001,$AA$12:$AA$28,$AB$12:$AB$28)) -> 80 | Y16: =X16/$Y$11 -> 0.1300813 | AA16: 87.5 | AB16: 10 | AF16: =A4 -> SPX | AG16: =C14 -> 6803 | AH16: =100-ABS(($K14-AG16)/($K14))*100 -> 98.458359 | AJ16: =AF16 -> SPX | AK16: =E14 -> 6790 | AL16: =100-ABS(($K14-AK16)/($K14))*100 -> 98.270213
A17: AAPL | B17: 263.88 | C17: 266.4 | D17: =IF(ABS(K17-I17)<ABS(C17-K17),$I$11,$C$11) -> LLM | E17: 267.2 | F17: =IF(ABS(K17-I17)<ABS(K17-E17),$I$11,$E$11) -> LLM | G17: 264.3 | H17: =IF(ABS(I17-K17)<ABS(K17-G17),$I$11,$G$11) -> MICH | I17: =(B7*Y22)+(C7*Y23)+(D7*Y24)+(E7*Y25)+(F7*Y26)+(G7*Y27)+(H7*Y28)+(I7*Y29) -> 264.2216 | J17: 265.35576 | K17: 264.58 | M17: =M7 -> Kimi 2.5 | N17: =IF(N7=0,0, LOOKUP(N7-0.000000000001,$AA$12:$AA$28,$AB$12:$AB$28)) -> 95 | O17: =N17/$O$11 -> 0.13970588 | P17: =IF(P7=0,0, LOOKUP(P7-0.000000000001,$AA$12:$AA$28,$AB$12:$AB$28)) -> 95 | Q17: =P17/$Q$11 -> 0.12582781 | R17: =IF(R7=0,0, LOOKUP(R7-0.000000000001,$AA$12:$AA$28,$AB$12:$AB$28)) -> 75 | S17: =R17/$S$11 -> 0.12195122 | T17: =IF(T7=0,0, LOOKUP(T7-0.000000000001,$AA$12:$AA$28,$AB$12:$AB$28)) -> 30 | U17: =T17/$U$11 -> 0.1332741 | V17: =IF(V7=0,0, LOOKUP(V7-0.000000000001,$AA$12:$AA$28,$AB$12:$AB$28)) -> 70 | W17: =V17/$W$11 -> 0.12612613 | X17: =IF(X7=0,0, LOOKUP(X7-0.000000000001,$AA$12:$AA$28,$AB$12:$AB$28)) -> 70 | Y17: =X17/$Y$11 -> 0.11382114 | AA17: 90 | AB17: 20 | AF17: =A5 -> VIX | AG17: =C15 -> 21.18 | AH17: =100-ABS(($K15-AG17)/($K15))*100 -> 89.05186 | AJ17: =AF17 -> VIX | AK17: =E15 -> 21.52 | AL17: =100-ABS(($K15-AK17)/($K15))*100 -> 87.270822 | AO17: SPX | AP17: =AP13 -> +3-day | AQ17: =AQ13 -> User1 | AR17: =AR13 -> User2 | AS17: =AS13 -> User3 | AT17: F2 | AU17: 225.6 | AV17: =AV13 -> TEST | AW17: =AW13 -> BEST = | AX17: 225.6
M18: =M8 -> Minimax 2.1 | N18: =IF(N8=0,0, LOOKUP(N8-0.000000000001,$AA$12:$AA$28,$AB$12:$AB$28)) -> 80 | O18: =N18/$O$11 -> 0.11764706 | P18: =IF(P8=0,0, LOOKUP(P8-0.000000000001,$AA$12:$AA$28,$AB$12:$AB$28)) -> 95 | Q18: =P18/$Q$11 -> 0.12582781 | R18: =IF(R8=0,0, LOOKUP(R8-0.000000000001,$AA$12:$AA$28,$AB$12:$AB$28)) -> 75 | S18: =R18/$S$11 -> 0.12195122 | T18: =IF(T8=0,0, LOOKUP(T8-0.000000000001,$AA$12:$AA$28,$AB$12:$AB$28)) -> 50 | U18: =T18/$U$11 -> 0.2221235 | V18: =IF(V8=0,0, LOOKUP(V8-0.000000000001,$AA$12:$AA$28,$AB$12:$AB$28)) -> 70 | W18: =V18/$W$11 -> 0.12612613 | X18: =IF(X8=0,0, LOOKUP(X8-0.000000000001,$AA$12:$AA$28,$AB$12:$AB$28)) -> 80 | Y18: =X18/$Y$11 -> 0.1300813 | AA18: 92.5 | AB18: 30 | AF18: =A6 -> QQQ | AG18: =C16 -> 597.3 | AH18: =100-ABS(($K16-AG18)/($K16))*100 -> 98.109427 | AJ18: =AF18 -> QQQ | AK18: =E16 -> 595.8 | AL18: =100-ABS(($K16-AK18)/($K16))*100 -> 97.863044 | AP18: 0 | AQ18: =AQ19/AT19 -> 0.47216312 | AR18: =AR19/AT19 -> 0.52978723 | AS18: =AS19/AT19 -> 0.26382979 | AT18: 5 | AU18: =AU14 -> 1 | AV18: =AV14 -> Scale | AW18: =AW14 -> RANGE = | AX18: =AU17/AP5 -> 0.032650604
M19: =M9 -> LeChat | N19: =IF(N9=0,0, LOOKUP(N9-0.000000000001,$AA$12:$AA$28,$AB$12:$AB$28)) -> 95 | O19: =N19/$O$11 -> 0.13970588 | P19: =IF(P9=0,0, LOOKUP(P9-0.000000000001,$AA$12:$AA$28,$AB$12:$AB$28)) -> 90 | Q19: =P19/$Q$11 -> 0.1192053 | R19: =IF(R9=0,0, LOOKUP(R9-0.000000000001,$AA$12:$AA$28,$AB$12:$AB$28)) -> 70 | S19: =R19/$S$11 -> 0.11382114 | T19: =IF(T9=0,0, LOOKUP(T9-0.000000000001,$AA$12:$AA$28,$AB$12:$AB$28)) -> 5 | U19: =T19/$U$11 -> 0.02221235 | V19: =IF(V9=0,0, LOOKUP(V9-0.000000000001,$AA$12:$AA$28,$AB$12:$AB$28)) -> 65 | W19: =V19/$W$11 -> 0.11711712 | X19: =IF(X9=0,0, LOOKUP(X9-0.000000000001,$AA$12:$AA$28,$AB$12:$AB$28)) -> 75 | Y19: =X19/$Y$11 -> 0.12195122 | AA19: 95 | AB19: 40 | AF19: =A7 -> AAPL | AG19: =C17 -> 266.4 | AH19: =100-ABS(($K17-AG19)/($K17))*100 -> 99.312117 | AJ19: =AF19 -> AAPL | AK19: =E17 -> 267.2 | AL19: =100-ABS(($K17-AK19)/($K17))*100 -> 99.009751 | AP19: 0 | AQ19: =AQ5 -> 106.52 | AR19: =AR5 -> 119.52 | AS19: =AS5 -> 59.52 | AT19: =AU18*AU17 -> 225.6
A20: model | B20: =B11 -> Close YF | C20: RD | E20: 85520 | G20: =G11 -> MICH | I20: +3-day | AA20: 96 | AB20: 50
A21: TNX | B21: =B12 -> 4.052 | C21: =C12 -> 4 | D21: =CONCATENATE(TEXT(AI28,"0.00%")," ",AJ28) -> -1.28% ↓ | E21: =E12 -> 4.01 | F21: =CONCATENATE(TEXT(AK28,"0.00%")," ",AL28) -> -1.04% ↓ | G21: =G12 -> 4.08 | H21: =CONCATENATE(TEXT(AM28,"0.00%")," ",AN28) -> 0.69% ↑ | I21: =K12 -> 4.085 | J21: =CONCATENATE(TEXT(AG28,"0.00%")," ",AH28) -> 0.81% ↑ | M21: History | N21: TNX | O21: =SUM(N22:N29) -> 573.75 | P21: DJI | Q21: =SUM(P22:P29) -> 547.5 | R21: SPX | S21: =SUM(R22:R29) -> 590 | T21: VIX | U21: =SUM(T22:T29) -> 246.2 | V21: QQQ | W21: =SUM(V22:V29) -> 528.75 | X21: AAPL | Y21: =SUM(X22:X29) -> 468.75 | AA21: 97 | AB21: 60 | AF21: max-Q AVR-4 | AH21: =AVERAGE(AH15:AH18) -> 96.316263 | AJ21: max-Q AVR-4 | AL21: =AVERAGE(AL15:AL18) -> 95.780004 | AO21: VIX | AP21: =AP17 -> +3-day | AQ21: =AQ17 -> User1 | AR21: =AR17 -> User2 | AS21: =AS17 -> User3 | AT21: F3 | AU21: 3.3 | AV21: =AV17 -> TEST | AW21: =AW17 -> BEST = | AX21: 3.3
A22: DJI | B22: =B13 -> 49533.19 | C22: =C13 -> 49450 | D22: =CONCATENATE(TEXT(AI29,"0.00%")," ",AJ29) -> -0.17% ↓ | E22: =E13 -> 49485 | F22: =CONCATENATE(TEXT(AK29,"0.00%")," ",AL29) -> -0.10% ↓ | G22: =G13 -> 49622 | H22: =CONCATENATE(TEXT(AM29,"0.00%")," ",AN29) -> 0.18% ↑ | I22: =K13 -> 49625.97 | J22: =CONCATENATE(TEXT(AG29,"0.00%")," ",AH29) -> 0.19% ↑ | M22: =M12 -> O 5.2 | N22: 75 | O22: =N22/$O$21 -> 0.13071895 | P22: 71.25 | Q22: =P22/$Q$21 -> 0.13013699 | R22: 75 | S22: =R22/$S$21 -> 0.12711864 | T22: 33.775 | U22: =T22/$U$21 -> 0.13718522 | V22: 66.25 | W22: =V22/$W$21 -> 0.12529551 | X22: 56.25 | Y22: =X22/$Y$21 -> 0.12 | AA22: 98 | AB22: 65 | AF22: max AVR-6 | AH22: =AVERAGE(AH14:AH19) -> 97.082731 | AJ22: max AVR-6 | AL22: =AVERAGE(AL14:AL19) -> 96.71563 | AP22: 0 | AQ22: =AQ23/AT23 -> 0.63333333 | AR22: =AR23/AT23 -> 0.73636364 | AS22: =AS23/AT23 -> 0.03030303 | AT22: 5 | AU22: =AU18 -> 1 | AV22: =AV18 -> Scale | AW22: =AW18 -> RANGE = | AX22: =AU21/AP6 -> 0.17286537
A23: SPX | B23: =B14 -> 6843.22 | C23: =C14 -> 6803 | D23: =CONCATENATE(TEXT(AI30,"0.00%")," ",AJ30) -> -0.59% ↓ | E23: =E14 -> 6790 | F23: =CONCATENATE(TEXT(AK30,"0.00%")," ",AL30) -> -0.78% ↓ | G23: =G14 -> 6850 | H23: =CONCATENATE(TEXT(AM30,"0.00%")," ",AN30) -> 0.10% ↑ | I23: =K14 -> 6909.52 | J23: =CONCATENATE(TEXT(AG30,"0.00%")," ",AH30) -> 0.97% ↑ | M23: =M13 -> Grok 4.1 | N23: 70 | O23: =N23/$O$21 -> 0.12200436 | P23: 67.5 | Q23: =P23/$Q$21 -> 0.12328767 | R23: 75 | S23: =R23/$S$21 -> 0.12711864 | T23: 28.025 | U23: =T23/$U$21 -> 0.11383022 | V23: 65 | W23: =V23/$W$21 -> 0.12293144 | X23: 48.75 | Y23: =X23/$Y$21 -> 0.104 | AA23: 98.5 | AB23: 70 | AP23: 0 | AQ23: =AQ6 -> 2.09 | AR23: =AR6 -> 2.43 | AS23: =AS6 -> 0.1 | AT23: =AU22*AU21 -> 3.3
A24: VIX | B24: =B15 -> 20.29 | C24: =C15 -> 21.18 | D24: =CONCATENATE(TEXT(AI31,"0.00%")," ",AJ31) -> 4.39% ↑ | E24: =E15 -> 21.52 | F24: =CONCATENATE(TEXT(AK31,"0.00%")," ",AL31) -> 6.06% ↑ | G24: =G15 -> 19.19 | H24: =CONCATENATE(TEXT(AM31,"0.00%")," ",AN31) -> -5.42% ↓ | I24: =K15 -> 19.09 | J24: =CONCATENATE(TEXT(AG31,"0.00%")," ",AH31) -> -5.91% ↓ | M24: =M14 -> Gemini Pro 3 | N24: 73.75 | O24: =N24/$O$21 -> 0.12854031 | P24: 67.5 | Q24: =P24/$Q$21 -> 0.12328767 | R24: 75 | S24: =R24/$S$21 -> 0.12711864 | T24: 32.525 | U24: =T24/$U$21 -> 0.13210804 | V24: 65 | W24: =V24/$W$21 -> 0.12293144 | X24: 51.25 | Y24: =X24/$Y$21 -> 0.10933333 | AA24: 99 | AB24: 75
A25: QQQ | B25: =B16 -> 601.3 | C25: =C16 -> 597.3 | D25: =CONCATENATE(TEXT(AI32,"0.00%")," ",AJ32) -> -0.67% ↓ | E25: =E16 -> 595.8 | F25: =CONCATENATE(TEXT(AK32,"0.00%")," ",AL32) -> -0.91% ↓ | G25: =G16 -> 603.5 | H25: =CONCATENATE(TEXT(AM32,"0.00%")," ",AN32) -> 0.37% ↑ | I25: =K16 -> 608.81 | J25: =CONCATENATE(TEXT(AG32,"0.00%")," ",AH32) -> 1.25% ↑ | M25: =M15 -> Claude | N25: 73.75 | O25: =N25/$O$21 -> 0.12854031 | P25: 67.5 | Q25: =P25/$Q$21 -> 0.12328767 | R25: 72.5 | S25: =R25/$S$21 -> 0.12288136 | T25: 36.275 | U25: =T25/$U$21 -> 0.14733956 | V25: 66.25 | W25: =V25/$W$21 -> 0.12529551 | X25: 57.5 | Y25: =X25/$Y$21 -> 0.12266667 | AA25: 99.25 | AB25: 80 | AO25: QQQ | AP25: =AP21 -> +3-day | AQ25: =AQ21 -> User1 | AR25: =AR21 -> User2 | AS25: =AS21 -> User3 | AT25: F4 | AU25: 16 | AV25: =AV21 -> TEST | AW25: =AW21 -> BEST = | AX25: 16
A26: AAPL | B26: =B17 -> 263.88 | C26: =C17 -> 266.4 | D26: =CONCATENATE(TEXT(AI33,"0.00%")," ",AJ33) -> 0.95% ↑ | E26: =E17 -> 267.2 | F26: =CONCATENATE(TEXT(AK33,"0.00%")," ",AL33) -> 1.26% ↑ | G26: =G17 -> 264.3 | H26: =CONCATENATE(TEXT(AM33,"0.00%")," ",AN33) -> 0.16% ↑ | I26: =K17 -> 264.58 | J26: =CONCATENATE(TEXT(AG33,"0.00%")," ",AH33) -> 0.27% ↑ | M26: =M16 -> GLM-4.7 | N26: 71.25 | O26: =N26/$O$21 -> 0.12418301 | P26: 67.5 | Q26: =P26/$Q$21 -> 0.12328767 | R26: 73.75 | S26: =R26/$S$21 -> 0.125 | T26: 28.025 | U26: =T26/$U$21 -> 0.11383022 | V26: 65 | W26: =V26/$W$21 -> 0.12293144 | X26: 60 | Y26: =X26/$Y$21 -> 0.128 | AA26: 99.5 | AB26: 90 | AP26: 0 | AQ26: =AQ27/AT27 -> 0.719375 | AR26: =AR27/AT27 -> 0.813125 | AS26: =AS27/AT27 -> 0.331875 | AT26: 5 | AU26: =AU22 -> 1 | AV26: =AV22 -> Scale | AW26: =AW22 -> RANGE = | AX26: =AU25/AP7 -> 0.026280777
M27: =M17 -> Kimi 2.5 | N27: 70 | O27: =N27/$O$21 -> 0.12200436 | P27: 65 | Q27: =P27/$Q$21 -> 0.11872146 | R27: 73.75 | S27: =R27/$S$21 -> 0.125 | T27: 31.275 | U27: =T27/$U$21 -> 0.12703087 | V27: 65 | W27: =V27/$W$21 -> 0.12293144 | X27: 65 | Y27: =X27/$Y$21 -> 0.13866667 | AA27: 99.75 | AB27: 95 | AP27: 0 | AQ27: =AQ7 -> 11.51 | AR27: =AR7 -> 13.01 | AS27: =AS7 -> 5.31 | AT27: =AU26*AU25 -> 16
M28: =M18 -> Minimax 2.1 | N28: 70 | O28: =N28/$O$21 -> 0.12200436 | P28: 70 | Q28: =P28/$Q$21 -> 0.12785388 | R28: 68.75 | S28: =R28/$S$21 -> 0.11652542 | T28: 30.025 | U28: =T28/$U$21 -> 0.1219537 | V28: 63.75 | W28: =V28/$W$21 -> 0.12056738 | X28: 61.25 | Y28: =X28/$Y$21 -> 0.13066667 | AA28: 99.99 | AB28: 100 | AF28: =B20 -> Close YF | AG28: =(I21-B21)/B21 -> 0.0081441264 | AH28: =IF(K12-B21>0,"↑","↓") -> ↑ | AI28: =(C21-B21)/B21 -> -0.012833169 | AJ28: =IF(C21-B21>0,"↑","↓") -> ↓ | AK28: =(E21-B21)/B21 -> -0.010365252 | AL28: =IF(E21-B21>0,"↑","↓") -> ↓ | AM28: =(G21-B21)/B21 -> 0.0069101678 | AN28: =IF(G21-B21>0,"↑","↓") -> ↑
A29: model | B29: Oraclum | C29: RD | E29: 85520 | G29: =G20 -> MICH | I29: +3-day | M29: =M19 -> LeChat | N29: 70 | O29: =N29/$O$21 -> 0.12200436 | P29: 71.25 | Q29: =P29/$Q$21 -> 0.13013699 | R29: 76.25 | S29: =R29/$S$21 -> 0.12923729 | T29: 26.275 | U29: =T29/$U$21 -> 0.10672218 | V29: 72.5 | W29: =V29/$W$21 -> 0.13711584 | X29: 68.75 | Y29: =X29/$Y$21 -> 0.14666667 | AG29: =(I22-B22)/B22 -> 0.0018730875 | AH29: =IF(I22-B22>0,"↑","↓") -> ↑ | AI29: =(C22-B22)/B22 -> -0.00167948 | AJ29: =IF(C22-B22>0,"↑","↓") -> ↓ | AK29: =(E22-B22)/B22 -> -0.00097288303 | AL29: =IF(E22-B22>0,"↑","↓") -> ↓ | AM29: =(G22-B22)/B22 -> 0.0017929392 | AN29: =IF(G22-B22>0,"↑","↓") -> ↑ | AQ29: User1 | AR29: User2 | AS29: User3
A30: TNX | B30: 4.067 | C30: =C21 -> 4 | D30: =CONCATENATE(TEXT(AI35,"0.00%")," ",AJ35) -> -1.65% ↓ | E30: =E21 -> 4.01 | F30: =CONCATENATE(TEXT(AK35,"0.00%")," ",AL35) -> -1.40% ↓ | G30: =G21 -> 4.08 | H30: =CONCATENATE(TEXT(AM35,"0.00%")," ",AN35) -> 0.32% ↑ | I30: =I21 -> 4.085 | J30: =CONCATENATE(TEXT(AG35,"0.00%")," ",AH35) -> 0.44% ↑ | AG30: =(I23-B23)/B23 -> 0.0096884215 | AH30: =IF(I23-B23>0,"↑","↓") -> ↑ | AI30: =(C23-B23)/B23 -> -0.0058773501 | AJ30: =IF(C23-B23>0,"↑","↓") -> ↓ | AK30: =(E23-B23)/B23 -> -0.0077770406 | AL30: =IF(E23-B23>0,"↑","↓") -> ↓ | AM30: =(G23-B23)/B23 -> 0.00099076166 | AN30: =IF(G23-B23>0,"↑","↓") -> ↑ | AQ30: =SUM(AQ14,AQ18,AQ22,AQ26) -> 2.0219263 | AR30: =SUM(AR14,AR18,AR22,AR26) -> 2.237137 | AS30: =SUM(AS14,AS18,AS22,AS26) -> 0.63045351 | AT30: CALC
A31: DJI | B31: 49539 | C31: =C22 -> 49450 | D31: =CONCATENATE(TEXT(AI36,"0.00%")," ",AJ36) -> -0.18% ↓ | E31: =E22 -> 49485 | F31: =CONCATENATE(TEXT(AK36,"0.00%")," ",AL36) -> -0.11% ↓ | G31: =G22 -> 49622 | H31: =CONCATENATE(TEXT(AM36,"0.00%")," ",AN36) -> 0.17% ↑ | I31: =I22 -> 49625.97 | J31: =CONCATENATE(TEXT(AG36,"0.00%")," ",AH36) -> 0.18% ↑ | P31: RD | R31: 85220 | T31: MICH | V31: =J11 -> ML | X31: =I11 -> LLM | AB31: Extreme Fear | AG31: =(I24-B24)/B24 -> -0.059142435 | AH31: =IF(I24-B24>0,"↑","↓") -> ↓ | AI31: =(C24-B24)/B24 -> 0.043863972 | AJ31: =IF(C24-B24>0,"↑","↓") -> ↑ | AK31: =(E24-B24)/B24 -> 0.060620996 | AL31: =IF(E24-B24>0,"↑","↓") -> ↑ | AM31: =(G24-B24)/B24 -> -0.054213898 | AN31: =IF(G24-B24>0,"↑","↓") -> ↓ | AQ31: =AQ9 -> 2.16 | AR31: =AR9 -> 2.24 | AS31: =AS9 -> 1.79 | AT31: Oraclum
A32: SPX | B32: 6843.21 | C32: =C23 -> 6803 | D32: =CONCATENATE(TEXT(AI37,"0.00%")," ",AJ37) -> -0.59% ↓ | E32: =E23 -> 6790 | F32: =CONCATENATE(TEXT(AK37,"0.00%")," ",AL37) -> -0.78% ↓ | G32: =G23 -> 6850 | H32: =CONCATENATE(TEXT(AM37,"0.00%")," ",AN37) -> 0.10% ↑ | I32: =I23 -> 6909.52 | J32: =CONCATENATE(TEXT(AG37,"0.00%")," ",AH37) -> 0.97% ↑ | N32: TNX | P32: =100-ABS(($K12-C12)/($K12))*100 -> 97.919217 | R32: =100-ABS(($K12-E12)/($K12))*100 -> 98.164015 | T32: =100-ABS(($K12-G12)/($K12))*100 -> 99.877601 | V32: =100-ABS((($K12-J12)/($K12)))*100 -> 99.296697 | X32: =100-ABS((($K12-I12)/($K12)))*100 -> 99.514831 | AB32: Fear | AG32: =(I25-B25)/B25 -> 0.012489606 | AH32: =IF(I25-B25>0,"↑","↓") -> ↑ | AI32: =(C25-B25)/B25 -> -0.0066522535 | AJ32: =IF(C25-B25>0,"↑","↓") -> ↓ | AK32: =(E25-B25)/B25 -> -0.0091468485 | AL32: =IF(E25-B25>0,"↑","↓") -> ↓ | AM32: =(G25-B25)/B25 -> 0.0036587394 | AN32: =IF(G25-B25>0,"↑","↓") -> ↑
A33: VIX | B33: 20.29 | C33: =C24 -> 21.18 | D33: =CONCATENATE(TEXT(AI38,"0.00%")," ",AJ38) -> 4.39% ↑ | E33: =E24 -> 21.52 | F33: =CONCATENATE(TEXT(AK38,"0.00%")," ",AL38) -> 6.06% ↑ | G33: =G24 -> 19.19 | H33: =CONCATENATE(TEXT(AM38,"0.00%")," ",AN38) -> -5.42% ↓ | I33: =I24 -> 19.09 | J33: =CONCATENATE(TEXT(AG38,"0.00%")," ",AH38) -> -5.91% ↓ | N33: DJI | P33: =100-ABS(($K13-C13)/($K13))*100 -> 99.645407 | R33: =100-ABS(($K13-E13)/($K13))*100 -> 99.715935 | T33: =100-ABS(($K13-G13)/($K13))*100 -> 99.992 | V33: =100-ABS((($K13-J13)/($K13)))*100 -> 99.86241 | X33: =100-ABS((($K13-I13)/($K13)))*100 -> 99.90847 | AB33: Neutral | AG33: =(I26-B26)/B26 -> 0.0026527209 | AH33: =IF(I26-B26>0,"↑","↓") -> ↑ | AI33: =(C26-B26)/B26 -> 0.0095497954 | AJ33: =IF(C26-B26>0,"↑","↓") -> ↑ | AK33: =(E26-B26)/B26 -> 0.012581476 | AL33: =IF(E26-B26>0,"↑","↓") -> ↑ | AM33: =(G26-B26)/B26 -> 0.0015916326 | AN33: =IF(G26-B26>0,"↑","↓") -> ↑
A34: QQQ | B34: 601.21 | C34: =C25 -> 597.3 | D34: =CONCATENATE(TEXT(AI39,"0.00%")," ",AJ39) -> -0.65% ↓ | E34: =E25 -> 595.8 | F34: =CONCATENATE(TEXT(AK39,"0.00%")," ",AL39) -> -0.90% ↓ | G34: =G25 -> 603.5 | H34: =CONCATENATE(TEXT(AM39,"0.00%")," ",AN39) -> 0.38% ↑ | I34: =I25 -> 608.81 | J34: =CONCATENATE(TEXT(AG39,"0.00%")," ",AH39) -> 1.26% ↑ | N34: SPX | P34: =100-ABS(($K14-C14)/($K14))*100 -> 98.458359 | R34: =100-ABS(($K14-E14)/($K14))*100 -> 98.270213 | T34: =100-ABS(($K14-G14)/($K14))*100 -> 99.13858 | V34: =100-ABS((($K14-J14)/($K14)))*100 -> 99.206838 | X34: =100-ABS((($K14-I14)/($K14)))*100 -> 99.209441 | AB34: Greed | AG34: =K11 -> +3-day | AI34: =C11 -> RD | AK34: =E11 -> 85520 | AM34: =G11 -> MICH
A35: AAPL | B35: 263.8 | C35: =C26 -> 266.4 | D35: =CONCATENATE(TEXT(AI40,"0.00%")," ",AJ40) -> 0.99% ↑ | E35: =E26 -> 267.2 | F35: =CONCATENATE(TEXT(AK40,"0.00%")," ",AL40) -> 1.29% ↑ | G35: =G26 -> 264.3 | H35: =CONCATENATE(TEXT(AM40,"0.00%")," ",AN40) -> 0.19% ↑ | I35: =I26 -> 264.58 | J35: =CONCATENATE(TEXT(AG40,"0.00%")," ",AH40) -> 0.30% ↑ | N35: VIX | P35: =100-ABS(($K15-C15)/($K15))*100 -> 89.05186 | R35: =100-ABS(($K15-E15)/($K15))*100 -> 87.270822 | T35: =100-ABS(($K15-G15)/($K15))*100 -> 99.476166 | V35: =100-ABS((($K15-J15)/($K15)))*100 -> 91.422914 | X35: =100-ABS((($K15-I15)/($K15)))*100 -> 90.801795 | AB35: Extreme Greed | AF35: =B29 -> Oraclum | AG35: =(I30-B30)/B30 -> 0.0044258667 | AH35: =IF(I30-B30>0,"↑","↓") -> ↑ | AI35: =(C30-B30)/B30 -> -0.01647406 | AJ35: =IF(C30-B30>0,"↑","↓") -> ↓ | AK35: =(E30-B30)/B30 -> -0.014015245 | AL35: =IF(E30-B30>0,"↑","↓") -> ↓ | AM35: =(G30-B30)/B30 -> 0.0031964593 | AN35: =IF(G30-B30>0,"↑","↓") -> ↑
N36: QQQ | P36: =100-ABS(($K16-C16)/($K16))*100 -> 98.109427 | R36: =100-ABS(($K16-E16)/($K16))*100 -> 97.863044 | T36: =100-ABS(($K16-G16)/($K16))*100 -> 99.127807 | V36: =100-ABS((($K16-J16)/($K16)))*100 -> 99.162002 | X36: =100-ABS((($K16-I16)/($K16)))*100 -> 98.640125 | AG36: =(I31-B31)/B31 -> 0.0017555865 | AH36: =IF(I31-B31>0,"↑","↓") -> ↑ | AI36: =(C31-B31)/B31 -> -0.0017965643 | AJ36: =IF(C31-B31>0,"↑","↓") -> ↓ | AK36: =(E31-B31)/B31 -> -0.0010900503 | AL36: =IF(E31-B31>0,"↑","↓") -> ↓ | AM36: =(G31-B31)/B31 -> 0.0016754476 | AN36: =IF(G31-B31>0,"↑","↓") -> ↑
N37: AAPL | P37: =100-ABS(($K17-C17)/($K17))*100 -> 99.312117 | R37: =100-ABS(($K17-E17)/($K17))*100 -> 99.009751 | T37: =100-ABS(($K17-G17)/($K17))*100 -> 99.894172 | V37: =100-ABS((($K17-J17)/($K17)))*100 -> 99.706796 | X37: =100-ABS((($K17-I17)/($K17)))*100 -> 99.86454 | AG37: =(I32-B32)/B32 -> 0.009689897 | AH37: =IF(I32-B32>0,"↑","↓") -> ↑ | AI37: =(C32-B32)/B32 -> -0.0058758974 | AJ37: =IF(C32-B32>0,"↑","↓") -> ↓ | AK37: =(E32-B32)/B32 -> -0.0077755907 | AL37: =IF(E32-B32>0,"↑","↓") -> ↓ | AM37: =(G32-B32)/B32 -> 0.00099222441 | AN37: =IF(G32-B32>0,"↑","↓") -> ↑
AG38: =(I33-B33)/B33 -> -0.059142435 | AH38: =IF(I33-B33>0,"↑","↓") -> ↓ | AI38: =(C33-B33)/B33 -> 0.043863972 | AJ38: =IF(C33-B33>0,"↑","↓") -> ↑ | AK38: =(E33-B33)/B33 -> 0.060620996 | AL38: =IF(E33-B33>0,"↑","↓") -> ↑ | AM38: =(G33-B33)/B33 -> -0.054213898 | AN38: =IF(G33-B33>0,"↑","↓") -> ↓
N39: =AA1 -> AVR-4 | P39: {=SUM(P33:P36/4)} -> 96.316263 | R39: {=SUM(R33:R36/4)} -> 95.780004 | T39: {=SUM(T33:T36/4)} -> 99.433638 | V39: {=SUM(V33:V36/4)} -> 97.413541 | X39: {=SUM(X33:X36/4)} -> 97.139958 | AG39: =(I34-B34)/B34 -> 0.012641174 | AH39: =IF(I34-B34>0,"↑","↓") -> ↑ | AI39: =(C34-B34)/B34 -> -0.0065035512 | AJ39: =IF(C34-B34>0,"↑","↓") -> ↓ | AK39: =(E34-B34)/B34 -> -0.0089985197 | AL39: =IF(E34-B34>0,"↑","↓") -> ↓ | AM39: =(G34-B34)/B34 -> 0.0038089852 | AN39: =IF(G34-B34>0,"↑","↓") -> ↑
N40: =AB1 -> AVR-6 | P40: {=SUM(P32:P37/6)} -> 97.082731 | R40: {=SUM(R32:R37/6)} -> 96.71563 | T40: {=SUM(T32:T37/6)} -> 99.584388 | V40: {=SUM(V32:V37/6)} -> 98.109609 | X40: {=SUM(X32:X37/6)} -> 97.989867 | AG40: =(I35-B35)/B35 -> 0.0029567854 | AH40: =IF(I35-B35>0,"↑","↓") -> ↑ | AI40: =(C35-B35)/B35 -> 0.0098559515 | AJ40: =IF(C35-B35>0,"↑","↓") -> ↑ | AK40: =(E35-B35)/B35 -> 0.012888552 | AL40: =IF(E35-B35>0,"↑","↓") -> ↑ | AM40: =(G35-B35)/B35 -> 0.0018953753 | AN40: =IF(G35-B35>0,"↑","↓") -> ↑

Sheet 26-1-05
A1: model | B1: O 5.2 | C1: Grok 4.1 | D1: Gemini Pro 3 | E1: Qwen | F1: GLM-4.7 | G1: Kimi 2.5 | H1: Minimax 2.1 | I1: LeChat | K1: 26-Q1-05 | M1: Accuracy | N1: TNX | O1: =SUM(N2:N9) -> 778.54321 | P1: DJI | Q1: =SUM(P2:P9) -> 769.45997 | R1: SPX | S1: =SUM(R2:R9) -> 783.05311 | T1: VIX | U1: =SUM(T2:T9) -> 688.20388 | V1: QQQ | W1: =SUM(V2:V9) -> 783.96516 | X1: AAPL | Y1: =SUM(X2:X9) -> 739.63171 | AA1: AVR-4 | AB1: AVR-6 | AG1: max-Q | AK1: REPORT | AN1: Round | AO1: 2 | AP1: =K11 -> +3-day | AQ1: User1 | AR1: User2 | AS1: User3
A2: TNX | B2: 4.15 | C2: 4.16 | D2: 4.15 | E2: 4.147 | F2: 4.15 | G2: 4.185 | H2: 4.18 | I2: 4.147 | M2: =B1 -> O 5.2 | N2: =100-ABS((($K12-B2)/($K12)))*100 -> 97.530864 | O2: =N2/$O$1 -> 0.12527354 | P2: =100-ABS((($K13-B3)/($K13)))*100 -> 96.092714 | Q2: =P2/$Q$1 -> 0.12488332 | R2: =100-ABS((($K14-B4)/($K14)))*100 -> 97.662145 | S2: =R2/$S$1 -> 0.12471969 | T2: =100-ABS((($K15-B5)/($K15)))*100 -> 85.825243 | U2: =T2/$U$1 -> 0.12470904 | V2: =100-ABS((($K16-B6)/($K16)))*100 -> 98.023899 | W2: =V2/$W$1 -> 0.12503604 | X2: =100-ABS((($K17-B7)/($K17)))*100 -> 92.28243 | Y2: =X2/$Y$1 -> 0.12476808 | AA2: =(P2+R2+T2+V2)/4 -> 94.401 | AB2: =(N2+P2+R2+T2+V2+X2)/6 -> 94.569549 | AC2: =IF($AA2=MAX(AA2:AA9),"TOP","") | AD2: =IF($AB2=MAX(AB2:AB9),"TOP","") | AF2: TNX | AG2: Q | AH2: =MAX(N2:N9) -> 97.604938 | AJ2: =AF2 -> TNX | AK2: 4.25 | AL2: =100-ABS(($K12-AK2)/($K12))*100 -> 95.061728 | AO2: Ticker | AP2: Exact | AQ2: ∆ | AR2: =AQ2 -> ∆ | AS2: =AR2 -> ∆ | AT2: Penalty function
A3: DJI | B3: 50396 | C3: 50350 | D3: 50365.5 | E3: 50325 | F3: 50320 | G3: 50450 | H3: 50425 | I3: 50188.14 | K3: 2026/02/10 | M3: =C1 -> Grok 4.1 | N3: =100-ABS((($K12-C2)/($K12)))*100 -> 97.283951 | O3: =N3/$O$1 -> 0.12495639 | P3: =100-ABS((($K13-C3)/($K13)))*100 -> 96.187558 | Q3: =P3/$Q$1 -> 0.12500658 | R3: =100-ABS((($K14-C4)/($K14)))*100 -> 97.779169 | S3: =R3/$S$1 -> 0.12486914 | T3: =100-ABS((($K15-C5)/($K15)))*100 -> 84.951456 | U3: =T3/$U$1 -> 0.12343937 | V3: =100-ABS((($K16-C6)/($K16)))*100 -> 97.954096 | W3: =V3/$W$1 -> 0.124947 | X3: =100-ABS((($K17-C7)/($K17)))*100 -> 92.094769 | Y3: =X3/$Y$1 -> 0.12451436 | AA3: =(P3+R3+T3+V3)/4 -> 94.21807 | AB3: =(N3+P3+R3+T3+V3+X3)/6 -> 94.375166 | AC3: =IF($AA3=MAX(AA2:AA9),"TOP","") | AD3: =IF($AB3=MAX(AB2:AB9),"TOP","") | AF3: DJI | AG3: Q | AH3: =MAX(P2:P9) -> 96.521283 | AJ3: =AF3 -> DJI | AK3: 48833 | AL3: =100-ABS(($K13-AK3)/($K13))*100 -> 99.315333 | AO3: =AF2 -> TNX | AP3: =K12 -> 4.05 | AQ3: =ABS(C30-AP3) -> 0.07 | AR3: =ABS(E30-K12) -> 0.08 | AS3: =ABS(AP3-G30) -> 0.1 | AT3: N/A
A4: SPX | B4: 6996 | C4: 6988 | D4: 7002.15 | E4: 6962 | F4: 6978 | G4: 6985 | H4: 6995 | I4: 6941.81 | M4: =D1 -> Gemini Pro 3 | N4: =100-ABS((($K12-D2)/($K12)))*100 -> 97.530864 | O4: =N4/$O$1 -> 0.12527354 | P4: =100-ABS((($K13-D3)/($K13)))*100 -> 96.155599 | Q4: =P4/$Q$1 -> 0.12496505 | R4: =100-ABS((($K14-D4)/($K14)))*100 -> 97.572182 | S4: =R4/$S$1 -> 0.12460481 | T4: =100-ABS((($K15-D5)/($K15)))*100 -> 86.165049 | U4: =T4/$U$1 -> 0.12520279 | V4: =100-ABS((($K16-D6)/($K16)))*100 -> 97.995646 | W4: =V4/$W$1 -> 0.125 | X4: =100-ABS((($K17-D7)/($K17)))*100 -> 92.837595 | Y4: =X4/$Y$1 -> 0.12551868 | AA4: =(P4+R4+T4+V4)/4 -> 94.472119 | AB4: =(N4+P4+R4+T4+V4+X4)/6 -> 94.709489 | AC4: =IF($AA4=MAX(AA2:AA9),"TOP","") | AD4: =IF($AB4=MAX(AB2:AB9),"TOP","") | AF4: SPX | AG4: M | AH4: =MAX(R2:R9) -> 98.454839 | AJ4: =AF4 -> SPX | AK4: 6810 | AL4: =100-ABS(($K14-AK4)/($K14))*100 -> 99.617038 | AO4: =AF3 -> DJI | AP4: =K13 -> 48500.93 | AQ4: =ABS(C13-AP4) -> 2149.07 | AR4: =ABS(E13-AP4) -> 2214.07 | AS4: =ABS(AP4-G13) -> 1820.07 | AT4: F1
A5: VIX | B5: 17.68 | C5: 17.5 | D5: 17.75 | E5: 17.92 | F5: 17.5 | G5: 17.75 | H5: 17.88 | I5: 17.79 | K5: LLM | M5: =E1 -> Qwen | N5: =100-ABS((($K12-E2)/($K12)))*100 -> 97.604938 | O5: =N5/$O$1 -> 0.12536868 | P5: =100-ABS((($K13-E3)/($K13)))*100 -> 96.239103 | Q5: =P5/$Q$1 -> 0.12507357 | R5: =100-ABS((($K14-E4)/($K14)))*100 -> 98.159498 | S5: =R5/$S$1 -> 0.12535484 | T5: =100-ABS((($K15-E5)/($K15)))*100 -> 86.990291 | U5: =T5/$U$1 -> 0.12640192 | V5: =100-ABS((($K16-E6)/($K16)))*100 -> 97.954096 | W5: =V5/$W$1 -> 0.124947 | X5: =100-ABS((($K17-E7)/($K17)))*100 -> 92.48573 | Y5: =X5/$Y$1 -> 0.12504295 | AA5: =(P5+R5+T5+V5)/4 -> 94.835747 | AB5: =(N5+P5+R5+T5+V5+X5)/6 -> 94.905609 | AC5: =IF($AA5=MAX(AA2:AA9),"TOP","") | AD5: =IF($AB5=MAX(AB2:AB9),"TOP","") | AF5: VIX | AG5: K | AH5: =MAX(T2:T9) -> 86.990291 | AJ5: =AF5 -> VIX | AK5: 19.1 | AL5: =100-ABS(($K15-AK5)/($K15))*100 -> 92.718447 | AO5: =AF4 -> SPX | AP5: =K14 -> 6836.18 | AQ5: =ABS(C14-AP5) -> 93.82 | AR5: =ABS(E14-AP5) -> 102.82 | AS5: =ABS(AP5-G14) -> 120.82 | AT5: F2
A6: QQQ | B6: 613.58 | C6: 614 | D6: 613.75 | E6: 614 | F6: 614.2 | G6: 615 | H6: 614 | I6: 611.47 | M6: =F1 -> GLM-4.7 | N6: =100-ABS((($K12-F2)/($K12)))*100 -> 97.530864 | O6: =N6/$O$1 -> 0.12527354 | P6: =100-ABS((($K13-F3)/($K13)))*100 -> 96.249412 | Q6: =P6/$Q$1 -> 0.12508697 | R6: =100-ABS((($K14-F4)/($K14)))*100 -> 97.92545 | S6: =R6/$S$1 -> 0.12505595 | T6: =100-ABS((($K15-F5)/($K15)))*100 -> 84.951456 | U6: =T6/$U$1 -> 0.12343937 | V6: =100-ABS((($K16-F6)/($K16)))*100 -> 97.920856 | W6: =V6/$W$1 -> 0.1249046 | X6: =100-ABS((($K17-F7)/($K17)))*100 -> 92.094769 | Y6: =X6/$Y$1 -> 0.12451436 | AA6: =(P6+R6+T6+V6)/4 -> 94.261794 | AB6: =(N6+P6+R6+T6+V6+X6)/6 -> 94.445468 | AC6: =IF($AA6=MAX(AA2:AA9),"TOP","") | AD6: =IF($AB6=MAX(AB2:AB9),"TOP","") | AF6: QQQ | AG6: o | AH6: =MAX(V2:V9) -> 98.374578 | AJ6: =AF6 -> QQQ | AK6: 604.8 | AL6: =100-ABS(($K16-AK6)/($K16))*100 -> 99.483123 | AO6: =AF5 -> VIX | AP6: =K15 -> 20.6 | AQ6: =ABS(C15-AP6) -> 2.48 | AR6: =ABS(E15-AP6) -> 2.23 | AS6: =ABS(AP6-G15) -> 2.58 | AT6: F3
A7: AAPL | B7: 275.52 | C7: 276 | D7: 274.1 | E7: 275 | F7: 276 | G7: 275.5 | H7: 274.85 | I7: 273.68 | K7: F & G | M7: =G1 -> Kimi 2.5 | N7: =100-ABS((($K12-G2)/($K12)))*100 -> 96.666667 | O7: =N7/$O$1 -> 0.12416352 | P7: =100-ABS((($K13-G3)/($K13)))*100 -> 95.981376 | Q7: =P7/$Q$1 -> 0.12473862 | R7: =100-ABS((($K14-G4)/($K14)))*100 -> 97.823053 | S7: =R7/$S$1 -> 0.12492518 | T7: =100-ABS((($K15-G5)/($K15)))*100 -> 86.165049 | U7: =T7/$U$1 -> 0.12520279 | V7: =100-ABS((($K16-G6)/($K16)))*100 -> 97.787897 | W7: =V7/$W$1 -> 0.124735 | X7: =100-ABS((($K17-G7)/($K17)))*100 -> 92.290249 | Y7: =X7/$Y$1 -> 0.12477865 | AA7: =(P7+R7+T7+V7)/4 -> 94.439344 | AB7: =(N7+P7+R7+T7+V7+X7)/6 -> 94.452382 | AC7: =IF($AA7=MAX(AA2:AA9),"TOP","") | AD7: =IF($AB7=MAX(AB2:AB9),"TOP","") | AF7: AAPL | AG7: L | AH7: =MAX(X2:X9) -> 93.001798 | AJ7: =AF7 -> AAPL | AK7: 245.25 | AL7: =100-ABS(($K17-AK7)/($K17))*100 -> 95.883181 | AO7: =AF6 -> QQQ | AP7: =K16 -> 601.69 | AQ7: =ABS(C16-AP7) -> 6.81 | AR7: =ABS(E16-AP7) -> 4.71 | AS7: =ABS(AP7-G16) -> 11.51 | AT7: F4
K8: 46 | M8: =H1 -> Minimax 2.1 | N8: =100-ABS((($K12-H2)/($K12)))*100 -> 96.790123 | O8: =N8/$O$1 -> 0.1243221 | P8: =100-ABS((($K13-H3)/($K13)))*100 -> 96.032921 | Q8: =P8/$Q$1 -> 0.12480561 | R8: =100-ABS((($K14-H4)/($K14)))*100 -> 97.676773 | S8: =R8/$S$1 -> 0.12473838 | T8: =100-ABS((($K15-H5)/($K15)))*100 -> 86.796117 | U8: =T8/$U$1 -> 0.12611977 | V8: =100-ABS((($K16-H6)/($K16)))*100 -> 97.954096 | W8: =V8/$W$1 -> 0.124947 | X8: =100-ABS((($K17-H7)/($K17)))*100 -> 92.544374 | Y8: =X8/$Y$1 -> 0.12512224 | AA8: =(P8+R8+T8+V8)/4 -> 94.614977 | AB8: =(N8+P8+R8+T8+V8+X8)/6 -> 94.632401 | AC8: =IF($AA8=MAX(AA2:AA9),"TOP","") | AD8: =IF($AB8=MAX(AB2:AB9),"TOP","") | AO8: =AF7 -> AAPL | AP8: =K17 -> 255.78 | AQ8: =ABS(C35-AP8) -> 18.92 | AR8: =ABS(E35-K17) -> 18.52 | AS8: =ABS(AP8-G35) -> 18.62 | AT8: N/A
M9: =I1 -> LeChat | N9: =100-ABS((($K12-I2)/($K12)))*100 -> 97.604938 | O9: =N9/$O$1 -> 0.12536868 | P9: =100-ABS((($K13-I3)/($K13)))*100 -> 96.521283 | Q9: =P9/$Q$1 -> 0.12544029 | R9: =100-ABS((($K14-I4)/($K14)))*100 -> 98.454839 | S9: =R9/$S$1 -> 0.12573201 | T9: =100-ABS((($K15-I5)/($K15)))*100 -> 86.359223 | U9: =T9/$U$1 -> 0.12548494 | V9: =100-ABS((($K16-I6)/($K16)))*100 -> 98.374578 | W9: =V9/$W$1 -> 0.12548335 | X9: =100-ABS((($K17-I7)/($K17)))*100 -> 93.001798 | Y9: =X9/$Y$1 -> 0.12574068 | AA9: =(P9+R9+T9+V9)/4 -> 94.927481 | AB9: =(N9+P9+R9+T9+V9+X9)/6 -> 95.052777 | AC9: =IF($AA9=MAX(AA2:AA9),"TOP","") -> TOP | AD9: =IF($AB9=MAX(AB2:AB9),"TOP","") -> TOP | AF9: max-Q AVR-4 | AH9: =AVERAGE(AH3:AH6) -> 95.085248 | AJ9: max-Q AVR-4 | AL9: =AVERAGE(AL3:AL6) -> 97.783485 | AP9: 0 | AQ9: 2.16 | AR9: 2.24 | AS9: 1.79 | AT9: Round Penalty
AF10: max AVR-6 | AH10: =AVERAGE(AH2:AH7) -> 95.157955 | AJ10: max AVR-6 | AL10: =AVERAGE(AL2:AL7) -> 97.013141 | AP10: 0 | AQ10: 5.28 | AR10: 5.33 | AS10: 5.1 | AT10: Total Penalty
B11: Close YF | C11: RD | E11: 85520 | G11: MICH | I11: LLM | J11: ML | K11: +3-day | M11: Update | N11: TNX | O11: =SUM(N12:N19) -> 460 | P11: DJI | Q11: =SUM(P12:P19) -> 390 | R11: SPX | S11: =SUM(R12:R19) -> 490 | T11: VIX | U11: =SUM(T12:T19) -> 34 | V11: QQQ | W11: =SUM(V12:V19) -> 490 | X11: AAPL | Y11: =SUM(X12:X19) -> 190 | AA11: Value | AB11: Assign
A12: TNX | B12: 4.147 | C12: 4.12 | D12: =IF(ABS(K12-I12)<ABS(C12-K12),$I$11,$C$11) -> RD | E12: 4.13 | F12: =IF(ABS(K12-I12)<ABS(K12-E12),$I$11,$E$11) -> 85520 | G12: 4.15 | H12: =IF(ABS(I12-K12)<ABS(K12-G12),$I$11,$G$11) -> MICH | I12: =(B2*O22)+(C2*O23)+(D2*O24)+(E2*O25)+(F2*O26)+(G2*O27)+(H2*O28)+(I2*O29) -> 4.1585178 | J12: 4.1669609 | K12: 4.05 | M12: =M2 -> O 5.2 | N12: =IF(N2=0,0, LOOKUP(N2-0.000000000001,$AA$12:$AA$28,$AB$12:$AB$28)) -> 60 | O12: =N12/$O$11 -> 0.13043478 | P12: =IF(P2=0,0, LOOKUP(P2-0.000000000001,$AA$12:$AA$28,$AB$12:$AB$28)) -> 50 | Q12: =P12/$Q$11 -> 0.12820513 | R12: =IF(R2=0,0, LOOKUP(R2-0.000000000001,$AA$12:$AA$28,$AB$12:$AB$28)) -> 60 | S12: =R12/$S$11 -> 0.12244898 | T12: =IF(T2=0,0, LOOKUP(T2-0.000000000001,$AA$12:$AA$28,$AB$12:$AB$28)) -> 5 | U12: =T12/$U$11 -> 0.14705882 | V12: =IF(V2=0,0, LOOKUP(V2-0.000000000001,$AA$12:$AA$28,$AB$12:$AB$28)) -> 65 | W12: =V12/$W$11 -> 0.13265306 | X12: =IF(X2=0,0, LOOKUP(X2-0.000000000001,$AA$12:$AA$28,$AB$12:$AB$28)) -> 20 | Y12: =X12/$Y$11 -> 0.10526316 | AA12: 1 | AB12: 0.1
A13: DJI | B13: 50188.14 | C13: 50650 | D13: =IF(ABS(K13-I13)<ABS(C13-K13),$I$11,$C$11) -> LLM | E13: 50715 | F13: =IF(ABS(K13-I13)<ABS(K13-E13),$I$11,$E$11) -> LLM | G13: 50321 | H13: =IF(ABS(I13-K13)<ABS(K13-G13),$I$11,$G$11) -> MICH | I13: =(B3*Q22)+(C3*Q23)+(D3*Q24)+(E3*Q25)+(F3*Q26)+(G3*Q27)+(H3*Q28)+(I3*Q29) -> 50351.888 | J13: 50309.322 | K13: 48500.93 | M13: =M3 -> Grok 4.1 | N13: =IF(N3=0,0, LOOKUP(N3-0.000000000001,$AA$12:$AA$28,$AB$12:$AB$28)) -> 60 | O13: =N13/$O$11 -> 0.13043478 | P13: =IF(P3=0,0, LOOKUP(P3-0.000000000001,$AA$12:$AA$28,$AB$12:$AB$28)) -> 50 | Q13: =P13/$Q$11 -> 0.12820513 | R13: =IF(R3=0,0, LOOKUP(R3-0.000000000001,$AA$12:$AA$28,$AB$12:$AB$28)) -> 60 | S13: =R13/$S$11 -> 0.12244898 | T13: =IF(T3=0,0, LOOKUP(T3-0.000000000001,$AA$12:$AA$28,$AB$12:$AB$28)) -> 2 | U13: =T13/$U$11 -> 0.058823529 | V13: =IF(V3=0,0, LOOKUP(V3-0.000000000001,$AA$12:$AA$28,$AB$12:$AB$28)) -> 60 | W13: =V13/$W$11 -> 0.12244898 | X13: =IF(X3=0,0, LOOKUP(X3-0.000000000001,$AA$12:$AA$28,$AB$12:$AB$28)) -> 20 | Y13: =X13/$Y$11 -> 0.10526316 | AA13: 80 | AB13: 1 | AG13: RD CALC | AK13: 85520 CALC | AO13: DJI | AP13: =K11 -> +3-day | AQ13: User1 | AR13: User2 | AS13: User3 | AT13: F1 | AU13: 893 | AV13: TEST | AW13: BEST = | AX13: 893
A14: SPX | B14: 6941.81 | C14: 6930 | D14: =IF(ABS(K14-I14)<ABS(C14-K14),$I$11,$C$11) -> RD | E14: 6939 | F14: =IF(ABS(K14-I14)<ABS(K14-E14),$I$11,$E$11) -> 85520 | G14: 6957 | H14: =IF(ABS(I14-K14)<ABS(K14-G14),$I$11,$G$11) -> MICH | I14: =(B4*S22)+(C4*S23)+(D4*S24)+(E4*S25)+(F4*S26)+(G4*S27)+(H4*S28)+(I4*S29) -> 6980.9683 | J14: 6990.9969 | K14: 6836.18 | M14: =M4 -> Gemini Pro 3 | N14: =IF(N4=0,0, LOOKUP(N4-0.000000000001,$AA$12:$AA$28,$AB$12:$AB$28)) -> 60 | O14: =N14/$O$11 -> 0.13043478 | P14: =IF(P4=0,0, LOOKUP(P4-0.000000000001,$AA$12:$AA$28,$AB$12:$AB$28)) -> 50 | Q14: =P14/$Q$11 -> 0.12820513 | R14: =IF(R4=0,0, LOOKUP(R4-0.000000000001,$AA$12:$AA$28,$AB$12:$AB$28)) -> 60 | S14: =R14/$S$11 -> 0.12244898 | T14: =IF(T4=0,0, LOOKUP(T4-0.000000000001,$AA$12:$AA$28,$AB$12:$AB$28)) -> 5 | U14: =T14/$U$11 -> 0.14705882 | V14: =IF(V4=0,0, LOOKUP(V4-0.000000000001,$AA$12:$AA$28,$AB$12:$AB$28)) -> 60 | W14: =V14/$W$11 -> 0.12244898 | X14: =IF(X4=0,0, LOOKUP(X4-0.000000000001,$AA$12:$AA$28,$AB$12:$AB$28)) -> 30 | Y14: =X14/$Y$11 -> 0.15789474 | AA14: 82.5 | AB14: 2 | AF14: =A2 -> TNX | AG14: =C12 -> 4.12 | AH14: =100-ABS(($K12-AG14)/($K12))*100 -> 98.271605 | AJ14: =AF14 -> TNX | AK14: =E12 -> 4.13 | AL14: =100-ABS(($K12-AK14)/($K12))*100 -> 98.024691 | AP14: 0 | AQ14: =AQ15/AT15 -> 2.4065733 | AR14: =AR15/AT15 -> 2.4793617 | AS14: =AS15/AT15 -> 2.0381523 | AT14: 5 | AU14: 1 | AV14: Scale | AW14: RANGE = | AX14: =AU13/AP4 -> 0.018412018
A15: VIX | B15: 17.79 | C15: 18.12 | D15: =IF(ABS(K15-I15)<ABS(C15-K15),$I$11,$C$11) -> RD | E15: 18.37 | F15: =IF(ABS(K15-I15)<ABS(K15-E15),$I$11,$E$11) -> 85520 | G15: 18.02 | H15: =IF(ABS(I15-K15)<ABS(K15-G15),$I$11,$G$11) -> MICH | I15: =(B5*U22)+(C5*U23)+(D5*U24)+(E5*U25)+(F5*U26)+(G5*U27)+(H5*U28)+(I5*U29) -> 17.728841 | J15: 17.589707 | K15: 20.6 | M15: =M5 -> Qwen | N15: =IF(N5=0,0, LOOKUP(N5-0.000000000001,$AA$12:$AA$28,$AB$12:$AB$28)) -> 60 | O15: =N15/$O$11 -> 0.13043478 | P15: =IF(P5=0,0, LOOKUP(P5-0.000000000001,$AA$12:$AA$28,$AB$12:$AB$28)) -> 50 | Q15: =P15/$Q$11 -> 0.12820513 | R15: =IF(R5=0,0, LOOKUP(R5-0.000000000001,$AA$12:$AA$28,$AB$12:$AB$28)) -> 65 | S15: =R15/$S$11 -> 0.13265306 | T15: =IF(T5=0,0, LOOKUP(T5-0.000000000001,$AA$12:$AA$28,$AB$12:$AB$28)) -> 5 | U15: =T15/$U$11 -> 0.14705882 | V15: =IF(V5=0,0, LOOKUP(V5-0.000000000001,$AA$12:$AA$28,$AB$12:$AB$28)) -> 60 | W15: =V15/$W$11 -> 0.12244898 | X15: =IF(X5=0,0, LOOKUP(X5-0.000000000001,$AA$12:$AA$28,$AB$12:$AB$28)) -> 20 | Y15: =X15/$Y$11 -> 0.10526316 | AA15: 85 | AB15: 5 | AF15: =A3 -> DJI | AG15: =C13 -> 50650 | AH15: =100-ABS(($K13-AG15)/($K13))*100 -> 95.569013 | AJ15: =AF15 -> DJI | AK15: =E13 -> 50715 | AL15: =100-ABS(($K13-AK15)/($K13))*100 -> 95.434995 | AP15: 0 | AQ15: =AQ4 -> 2149.07 | AR15: =AR4 -> 2214.07 | AS15: =AS4 -> 1820.07 | AT15: =AU14*AU13 -> 893
A16: QQQ | B16: 611.47 | C16: 608.5 | D16: =IF(ABS(K16-I16)<ABS(C16-K16),$I$11,$C$11) -> RD | E16: 606.4 | F16: =IF(ABS(K16-I16)<ABS(K16-E16),$I$11,$E$11) -> 85520 | G16: 613.2 | H16: =IF(ABS(I16-K16)<ABS(K16-G16),$I$11,$G$11) -> MICH | I16: =(B6*W22)+(C6*W23)+(D6*W24)+(E6*W25)+(F6*W26)+(G6*W27)+(H6*W28)+(I6*W29) -> 613.72797 | J16: 612.98981 | K16: 601.69 | M16: =M6 -> GLM-4.7 | N16: =IF(N6=0,0, LOOKUP(N6-0.000000000001,$AA$12:$AA$28,$AB$12:$AB$28)) -> 60 | O16: =N16/$O$11 -> 0.13043478 | P16: =IF(P6=0,0, LOOKUP(P6-0.000000000001,$AA$12:$AA$28,$AB$12:$AB$28)) -> 50 | Q16: =P16/$Q$11 -> 0.12820513 | R16: =IF(R6=0,0, LOOKUP(R6-0.000000000001,$AA$12:$AA$28,$AB$12:$AB$28)) -> 60 | S16: =R16/$S$11 -> 0.12244898 | T16: =IF(T6=0,0, LOOKUP(T6-0.000000000001,$AA$12:$AA$28,$AB$12:$AB$28)) -> 2 | U16: =T16/$U$11 -> 0.058823529 | V16: =IF(V6=0,0, LOOKUP(V6-0.000000000001,$AA$12:$AA$28,$AB$12:$AB$28)) -> 60 | W16: =V16/$W$11 -> 0.12244898 | X16: =IF(X6=0,0, LOOKUP(X6-0.000000000001,$AA$12:$AA$28,$AB$12:$AB$28)) -> 20 | Y16: =X16/$Y$11 -> 0.10526316 | AA16: 87.5 | AB16: 10 | AF16: =A4 -> SPX | AG16: =C14 -> 6930 | AH16: =100-ABS(($K14-AG16)/($K14))*100 -> 98.627596 | AJ16: =AF16 -> SPX | AK16: =E14 -> 6939 | AL16: =100-ABS(($K14-AK16)/($K14))*100 -> 98.495944
A17: AAPL | B17: 273.68 | C17: 274.7 | D17: =IF(ABS(K17-I17)<ABS(C17-K17),$I$11,$C$11) -> RD | E17: 274.3 | F17: =IF(ABS(K17-I17)<ABS(K17-E17),$I$11,$E$11) -> 85520 | G17: 274.4 | H17: =IF(ABS(I17-K17)<ABS(K17-G17),$I$11,$G$11) -> MICH | I17: =(B7*Y22)+(C7*Y23)+(D7*Y24)+(E7*Y25)+(F7*Y26)+(G7*Y27)+(H7*Y28)+(I7*Y29) -> 275.07364 | J17: 274.53223 | K17: 255.78 | M17: =M7 -> Kimi 2.5 | N17: =IF(N7=0,0, LOOKUP(N7-0.000000000001,$AA$12:$AA$28,$AB$12:$AB$28)) -> 50 | O17: =N17/$O$11 -> 0.10869565 | P17: =IF(P7=0,0, LOOKUP(P7-0.000000000001,$AA$12:$AA$28,$AB$12:$AB$28)) -> 40 | Q17: =P17/$Q$11 -> 0.1025641 | R17: =IF(R7=0,0, LOOKUP(R7-0.000000000001,$AA$12:$AA$28,$AB$12:$AB$28)) -> 60 | S17: =R17/$S$11 -> 0.12244898 | T17: =IF(T7=0,0, LOOKUP(T7-0.000000000001,$AA$12:$AA$28,$AB$12:$AB$28)) -> 5 | U17: =T17/$U$11 -> 0.14705882 | V17: =IF(V7=0,0, LOOKUP(V7-0.000000000001,$AA$12:$AA$28,$AB$12:$AB$28)) -> 60 | W17: =V17/$W$11 -> 0.12244898 | X17: =IF(X7=0,0, LOOKUP(X7-0.000000000001,$AA$12:$AA$28,$AB$12:$AB$28)) -> 20 | Y17: =X17/$Y$11 -> 0.10526316 | AA17: 90 | AB17: 20 | AF17: =A5 -> VIX | AG17: =C15 -> 18.12 | AH17: =100-ABS(($K15-AG17)/($K15))*100 -> 87.961165 | AJ17: =AF17 -> VIX | AK17: =E15 -> 18.37 | AL17: =100-ABS(($K15-AK17)/($K15))*100 -> 89.174757 | AO17: SPX | AP17: =AP13 -> +3-day | AQ17: =AQ13 -> User1 | AR17: =AR13 -> User2 | AS17: =AS13 -> User3 | AT17: F2 | AU17: 225.6 | AV17: =AV13 -> TEST | AW17: =AW13 -> BEST = | AX17: 225.6
M18: =M8 -> Minimax 2.1 | N18: =IF(N8=0,0, LOOKUP(N8-0.000000000001,$AA$12:$AA$28,$AB$12:$AB$28)) -> 50 | O18: =N18/$O$11 -> 0.10869565 | P18: =IF(P8=0,0, LOOKUP(P8-0.000000000001,$AA$12:$AA$28,$AB$12:$AB$28)) -> 50 | Q18: =P18/$Q$11 -> 0.12820513 | R18: =IF(R8=0,0, LOOKUP(R8-0.000000000001,$AA$12:$AA$28,$AB$12:$AB$28)) -> 60 | S18: =R18/$S$11 -> 0.12244898 | T18: =IF(T8=0,0, LOOKUP(T8-0.000000000001,$AA$12:$AA$28,$AB$12:$AB$28)) -> 5 | U18: =T18/$U$11 -> 0.14705882 | V18: =IF(V8=0,0, LOOKUP(V8-0.000000000001,$AA$12:$AA$28,$AB$12:$AB$28)) -> 60 | W18: =V18/$W$11 -> 0.12244898 | X18: =IF(X8=0,0, LOOKUP(X8-0.000000000001,$AA$12:$AA$28,$AB$12:$AB$28)) -> 30 | Y18: =X18/$Y$11 -> 0.15789474 | AA18: 92.5 | AB18: 30 | AF18: =A6 -> QQQ | AG18: =C16 -> 608.5 | AH18: =100-ABS(($K16-AG18)/($K16))*100 -> 98.868188 | AJ18: =AF18 -> QQQ | AK18: =E16 -> 606.4 | AL18: =100-ABS(($K16-AK18)/($K16))*100 -> 99.217205 | AP18: 0 | AQ18: =AQ19/AT19 -> 0.41586879 | AR18: =AR19/AT19 -> 0.45576241 | AS18: =AS19/AT19 -> 0.53554965 | AT18: 5 | AU18: =AU14 -> 1 | AV18: =AV14 -> Scale | AW18: =AW14 -> RANGE = | AX18: =AU17/AP5 -> 0.033000886
M19: =M9 -> LeChat | N19: =IF(N9=0,0, LOOKUP(N9-0.000000000001,$AA$12:$AA$28,$AB$12:$AB$28)) -> 60 | O19: =N19/$O$11 -> 0.13043478 | P19: =IF(P9=0,0, LOOKUP(P9-0.000000000001,$AA$12:$AA$28,$AB$12:$AB$28)) -> 50 | Q19: =P19/$Q$11 -> 0.12820513 | R19: =IF(R9=0,0, LOOKUP(R9-0.000000000001,$AA$12:$AA$28,$AB$12:$AB$28)) -> 65 | S19: =R19/$S$11 -> 0.13265306 | T19: =IF(T9=0,0, LOOKUP(T9-0.000000000001,$AA$12:$AA$28,$AB$12:$AB$28)) -> 5 | U19: =T19/$U$11 -> 0.14705882 | V19: =IF(V9=0,0, LOOKUP(V9-0.000000000001,$AA$12:$AA$28,$AB$12:$AB$28)) -> 65 | W19: =V19/$W$11 -> 0.13265306 | X19: =IF(X9=0,0, LOOKUP(X9-0.000000000001,$AA$12:$AA$28,$AB$12:$AB$28)) -> 30 | Y19: =X19/$Y$11 -> 0.15789474 | AA19: 95 | AB19: 40 | AF19: =A7 -> AAPL | AG19: =C17 -> 274.7 | AH19: =100-ABS(($K17-AG19)/($K17))*100 -> 92.603018 | AJ19: =AF19 -> AAPL | AK19: =E17 -> 274.3 | AL19: =100-ABS(($K17-AK19)/($K17))*100 -> 92.759403 | AP19: 0 | AQ19: =AQ5 -> 93.82 | AR19: =AR5 -> 102.82 | AS19: =AS5 -> 120.82 | AT19: =AU18*AU17 -> 225.6
A20: model | B20: =B11 -> Close YF | C20: RD | E20: 85520 | G20: =G11 -> MICH | I20: +3-day | AA20: 96 | AB20: 50
A21: TNX | B21: =B12 -> 4.147 | C21: =C12 -> 4.12 | D21: =CONCATENATE(TEXT(AI28,"0.00%")," ",AJ28) -> -0.65% ↓ | E21: =E12 -> 4.13 | F21: =CONCATENATE(TEXT(AK28,"0.00%")," ",AL28) -> -0.41% ↓ | G21: =G12 -> 4.15 | H21: =CONCATENATE(TEXT(AM28,"0.00%")," ",AN28) -> 0.07% ↑ | I21: =K12 -> 4.05 | J21: =CONCATENATE(TEXT(AG28,"0.00%")," ",AH28) -> -2.34% ↓ | M21: History | N21: TNX | O21: =SUM(N22:N29) -> 596.25 | P21: DJI | Q21: =SUM(P22:P29) -> 638.75 | R21: SPX | S21: =SUM(R22:R29) -> 657.5 | T21: VIX | U21: =SUM(T22:T29) -> 292.7 | V21: QQQ | W21: =SUM(V22:V29) -> 560 | X21: AAPL | Y21: =SUM(X22:X29) -> 536.25 | AA21: 97 | AB21: 60 | AF21: max-Q AVR-4 | AH21: =AVERAGE(AH15:AH18) -> 95.25649 | AJ21: max-Q AVR-4 | AL21: =AVERAGE(AL15:AL18) -> 95.580725 | AO21: VIX | AP21: =AP17 -> +3-day | AQ21: =AQ17 -> User1 | AR21: =AR17 -> User2 | AS21: =AS17 -> User3 | AT21: F3 | AU21: 3.3 | AV21: =AV17 -> TEST | AW21: =AW17 -> BEST = | AX21: 3.3
A22: DJI | B22: =B13 -> 50188.14 | C22: =C13 -> 50650 | D22: =CONCATENATE(TEXT(AI29,"0.00%")," ",AJ29) -> 0.92% ↑ | E22: =E13 -> 50715 | F22: =CONCATENATE(TEXT(AK29,"0.00%")," ",AL29) -> 1.05% ↑ | G22: =G13 -> 50321 | H22: =CONCATENATE(TEXT(AM29,"0.00%")," ",AN29) -> 0.26% ↑ | I22: =K13 -> 48500.93 | J22: =CONCATENATE(TEXT(AG29,"0.00%")," ",AH29) -> -3.36% ↓ | M22: =M12 -> O 5.2 | N22: 77.5 | O22: =N22/$O$21 -> 0.12997904 | P22: 82.5 | Q22: =P22/$Q$21 -> 0.12915851 | R22: 83.75 | S22: =R22/$S$21 -> 0.12737643 | T22: 37.525 | U22: =T22/$U$21 -> 0.12820294 | V22: 70 | W22: =V22/$W$21 -> 0.125 | X22: 66.25 | Y22: =X22/$Y$21 -> 0.12354312 | AA22: 98 | AB22: 65 | AF22: max AVR-6 | AH22: =AVERAGE(AH14:AH19) -> 95.316764 | AJ22: max AVR-6 | AL22: =AVERAGE(AL14:AL19) -> 95.517832 | AP22: 0 | AQ22: =AQ23/AT23 -> 0.75151515 | AR22: =AR23/AT23 -> 0.67575758 | AS22: =AS23/AT23 -> 0.78181818 | AT22: 5 | AU22: =AU18 -> 1 | AV22: =AV18 -> Scale | AW22: =AW18 -> RANGE = | AX22: =AU21/AP6 -> 0.16019417
A23: SPX | B23: =B14 -> 6941.81 | C23: =C14 -> 6930 | D23: =CONCATENATE(TEXT(AI30,"0.00%")," ",AJ30) -> -0.17% ↓ | E23: =E14 -> 6939 | F23: =CONCATENATE(TEXT(AK30,"0.00%")," ",AL30) -> -0.04% ↓ | G23: =G14 -> 6957 | H23: =CONCATENATE(TEXT(AM30,"0.00%")," ",AN30) -> 0.22% ↑ | I23: =K14 -> 6836.18 | J23: =CONCATENATE(TEXT(AG30,"0.00%")," ",AH30) -> -1.52% ↓ | M23: =M13 -> Grok 4.1 | N23: 72.5 | O23: =N23/$O$21 -> 0.12159329 | P23: 78.75 | Q23: =P23/$Q$21 -> 0.12328767 | R23: 83.75 | S23: =R23/$S$21 -> 0.12737643 | T23: 32.525 | U23: =T23/$U$21 -> 0.1111206 | V23: 70 | W23: =V23/$W$21 -> 0.125 | X23: 58.75 | Y23: =X23/$Y$21 -> 0.10955711 | AA23: 98.5 | AB23: 70 | AP23: 0 | AQ23: =AQ6 -> 2.48 | AR23: =AR6 -> 2.23 | AS23: =AS6 -> 2.58 | AT23: =AU22*AU21 -> 3.3
A24: VIX | B24: =B15 -> 17.79 | C24: =C15 -> 18.12 | D24: =CONCATENATE(TEXT(AI31,"0.00%")," ",AJ31) -> 1.85% ↑ | E24: =E15 -> 18.37 | F24: =CONCATENATE(TEXT(AK31,"0.00%")," ",AL31) -> 3.26% ↑ | G24: =G15 -> 18.02 | H24: =CONCATENATE(TEXT(AM31,"0.00%")," ",AN31) -> 1.29% ↑ | I24: =K15 -> 20.6 | J24: =CONCATENATE(TEXT(AG31,"0.00%")," ",AH31) -> 15.80% ↑ | M24: =M14 -> Gemini Pro 3 | N24: 76.25 | O24: =N24/$O$21 -> 0.1278826 | P24: 78.75 | Q24: =P24/$Q$21 -> 0.12328767 | R24: 83.75 | S24: =R24/$S$21 -> 0.12737643 | T24: 43.775 | U24: =T24/$U$21 -> 0.14955586 | V24: 68.75 | W24: =V24/$W$21 -> 0.12276786 | X24: 56.25 | Y24: =X24/$Y$21 -> 0.1048951 | AA24: 99 | AB24: 75
A25: QQQ | B25: =B16 -> 611.47 | C25: =C16 -> 608.5 | D25: =CONCATENATE(TEXT(AI32,"0.00%")," ",AJ32) -> -0.49% ↓ | E25: =E16 -> 606.4 | F25: =CONCATENATE(TEXT(AK32,"0.00%")," ",AL32) -> -0.83% ↓ | G25: =G16 -> 613.2 | H25: =CONCATENATE(TEXT(AM32,"0.00%")," ",AN32) -> 0.28% ↑ | I25: =K16 -> 601.69 | J25: =CONCATENATE(TEXT(AG32,"0.00%")," ",AH32) -> -1.60% ↓ | M25: =M15 -> Qwen | N25: 76.25 | O25: =N25/$O$21 -> 0.1278826 | P25: 78.75 | Q25: =P25/$Q$21 -> 0.12328767 | R25: 80 | S25: =R25/$S$21 -> 0.121673 | T25: 40.025 | U25: =T25/$U$21 -> 0.13674411 | V25: 71.25 | W25: =V25/$W$21 -> 0.12723214 | X25: 67.5 | Y25: =X25/$Y$21 -> 0.12587413 | AA25: 99.25 | AB25: 80 | AO25: QQQ | AP25: =AP21 -> +3-day | AQ25: =AQ21 -> User1 | AR25: =AR21 -> User2 | AS25: =AS21 -> User3 | AT25: F4 | AU25: 16 | AV25: =AV21 -> TEST | AW25: =AW21 -> BEST = | AX25: 16
A26: AAPL | B26: =B17 -> 273.68 | C26: =C17 -> 274.7 | D26: =CONCATENATE(TEXT(AI33,"0.00%")," ",AJ33) -> 0.37% ↑ | E26: =E17 -> 274.3 | F26: =CONCATENATE(TEXT(AK33,"0.00%")," ",AL33) -> 0.23% ↑ | G26: =G17 -> 274.4 | H26: =CONCATENATE(TEXT(AM33,"0.00%")," ",AN33) -> 0.26% ↑ | I26: =K17 -> 255.78 | J26: =CONCATENATE(TEXT(AG33,"0.00%")," ",AH33) -> -6.54% ↓ | M26: =M16 -> GLM-4.7 | N26: 73.75 | O26: =N26/$O$21 -> 0.12368973 | P26: 78.75 | Q26: =P26/$Q$21 -> 0.12328767 | R26: 82.5 | S26: =R26/$S$21 -> 0.12547529 | T26: 32.525 | U26: =T26/$U$21 -> 0.1111206 | V26: 70 | W26: =V26/$W$21 -> 0.125 | X26: 70 | Y26: =X26/$Y$21 -> 0.13053613 | AA26: 99.5 | AB26: 90 | AP26: 0 | AQ26: =AQ27/AT27 -> 0.425625 | AR26: =AR27/AT27 -> 0.294375 | AS26: =AS27/AT27 -> 0.719375 | AT26: 5 | AU26: =AU22 -> 1 | AV26: =AV22 -> Scale | AW26: =AW22 -> RANGE = | AX26: =AU25/AP7 -> 0.026591767
M27: =M17 -> Kimi 2.5 | N27: 75 | O27: =N27/$O$21 -> 0.12578616 | P27: 78.75 | Q27: =P27/$Q$21 -> 0.12328767 | R27: 82.5 | S27: =R27/$S$21 -> 0.12547529 | T27: 35.025 | U27: =T27/$U$21 -> 0.11966177 | V27: 70 | W27: =V27/$W$21 -> 0.125 | X27: 75 | Y27: =X27/$Y$21 -> 0.13986014 | AA27: 99.75 | AB27: 95 | AP27: 0 | AQ27: =AQ7 -> 6.81 | AR27: =AR7 -> 4.71 | AS27: =AS7 -> 11.51 | AT27: =AU26*AU25 -> 16
M28: =M18 -> Minimax 2.1 | N28: 72.5 | O28: =N28/$O$21 -> 0.12159329 | P28: 80 | Q28: =P28/$Q$21 -> 0.12524462 | R28: 77.5 | S28: =R28/$S$21 -> 0.11787072 | T28: 33.775 | U28: =T28/$U$21 -> 0.11539119 | V28: 65 | W28: =V28/$W$21 -> 0.11607143 | X28: 66.25 | Y28: =X28/$Y$21 -> 0.12354312 | AA28: 99.99 | AB28: 100 | AF28: =B20 -> Close YF | AG28: =(I21-B21)/B21 -> -0.023390403 | AH28: =IF(K12-B21>0,"↑","↓") -> ↓ | AI28: =(C21-B21)/B21 -> -0.0065107306 | AJ28: =IF(C21-B21>0,"↑","↓") -> ↓ | AK28: =(E21-B21)/B21 -> -0.0040993489 | AL28: =IF(E21-B21>0,"↑","↓") -> ↓ | AM28: =(G21-B21)/B21 -> 0.00072341452 | AN28: =IF(G21-B21>0,"↑","↓") -> ↑
A29: model | B29: Oraclum | C29: RD | E29: 85520 | G29: =G20 -> MICH | I29: +3-day | M29: =M19 -> LeChat | N29: 72.5 | O29: =N29/$O$21 -> 0.12159329 | P29: 82.5 | Q29: =P29/$Q$21 -> 0.12915851 | R29: 83.75 | S29: =R29/$S$21 -> 0.12737643 | T29: 37.525 | U29: =T29/$U$21 -> 0.12820294 | V29: 75 | W29: =V29/$W$21 -> 0.13392857 | X29: 76.25 | Y29: =X29/$Y$21 -> 0.14219114 | AG29: =(I22-B22)/B22 -> -0.033617703 | AH29: =IF(I22-B22>0,"↑","↓") -> ↓ | AI29: =(C22-B22)/B22 -> 0.0092025726 | AJ29: =IF(C22-B22>0,"↑","↓") -> ↑ | AK29: =(E22-B22)/B22 -> 0.010497699 | AL29: =IF(E22-B22>0,"↑","↓") -> ↑ | AM29: =(G22-B22)/B22 -> 0.002647239 | AN29: =IF(G22-B22>0,"↑","↓") -> ↑ | AQ29: User1 | AR29: User2 | AS29: User3
A30: TNX | B30: 4.143 | C30: =C21 -> 4.12 | D30: =CONCATENATE(TEXT(AI35,"0.00%")," ",AJ35) -> -0.56% ↓ | E30: =E21 -> 4.13 | F30: =CONCATENATE(TEXT(AK35,"0.00%")," ",AL35) -> -0.31% ↓ | G30: =G21 -> 4.15 | H30: =CONCATENATE(TEXT(AM35,"0.00%")," ",AN35) -> 0.17% ↑ | I30: =I21 -> 4.05 | J30: =CONCATENATE(TEXT(AG35,"0.00%")," ",AH35) -> -2.24% ↓ | AG30: =(I23-B23)/B23 -> -0.015216493 | AH30: =IF(I23-B23>0,"↑","↓") -> ↓ | AI30: =(C23-B23)/B23 -> -0.0017012854 | AJ30: =IF(C23-B23>0,"↑","↓") -> ↓ | AK30: =(E23-B23)/B23 -> -0.00040479356 | AL30: =IF(E23-B23>0,"↑","↓") -> ↓ | AM30: =(G23-B23)/B23 -> 0.0021881901 | AN30: =IF(G23-B23>0,"↑","↓") -> ↑ | AQ30: =SUM(AQ14,AQ18,AQ22,AQ26) -> 3.9995823 | AR30: =SUM(AR14,AR18,AR22,AR26) -> 3.9052567 | AS30: =SUM(AS14,AS18,AS22,AS26) -> 4.0748951 | AT30: CALC
A31: DJI | B31: 50174.74 | C31: =C22 -> 50650 | D31: =CONCATENATE(TEXT(AI36,"0.00%")," ",AJ36) -> 0.95% ↑ | E31: =E22 -> 50715 | F31: =CONCATENATE(TEXT(AK36,"0.00%")," ",AL36) -> 1.08% ↑ | G31: =G22 -> 50321 | H31: =CONCATENATE(TEXT(AM36,"0.00%")," ",AN36) -> 0.29% ↑ | I31: =I22 -> 48500.93 | J31: =CONCATENATE(TEXT(AG36,"0.00%")," ",AH36) -> -3.34% ↓ | P31: RD | R31: 85220 | T31: MICH | V31: =J11 -> ML | X31: =I11 -> LLM | AG31: =(I24-B24)/B24 -> 0.15795391 | AH31: =IF(I24-B24>0,"↑","↓") -> ↑ | AI31: =(C24-B24)/B24 -> 0.018549747 | AJ31: =IF(C24-B24>0,"↑","↓") -> ↑ | AK31: =(E24-B24)/B24 -> 0.032602586 | AL31: =IF(E24-B24>0,"↑","↓") -> ↑ | AM31: =(G24-B24)/B24 -> 0.012928612 | AN31: =IF(G24-B24>0,"↑","↓") -> ↑ | AQ31: =AQ9 -> 2.16 | AR31: =AR9 -> 2.24 | AS31: =AS9 -> 1.79 | AT31: Oraclum
A32: SPX | B32: 6941.82 | C32: =C23 -> 6930 | D32: =CONCATENATE(TEXT(AI37,"0.00%")," ",AJ37) -> -0.17% ↓ | E32: =E23 -> 6939 | F32: =CONCATENATE(TEXT(AK37,"0.00%")," ",AL37) -> -0.04% ↓ | G32: =G23 -> 6957 | H32: =CONCATENATE(TEXT(AM37,"0.00%")," ",AN37) -> 0.22% ↑ | I32: =I23 -> 6836.18 | J32: =CONCATENATE(TEXT(AG37,"0.00%")," ",AH37) -> -1.52% ↓ | N32: TNX | P32: =100-ABS(($K12-C12)/($K12))*100 -> 98.271605 | R32: =100-ABS(($K12-E12)/($K12))*100 -> 98.024691 | T32: =100-ABS(($K12-G12)/($K12))*100 -> 97.530864 | V32: =100-ABS((($K12-J12)/($K12)))*100 -> 97.112077 | X32: =100-ABS((($K12-I12)/($K12)))*100 -> 97.320548 | AG32: =(I25-B25)/B25 -> -0.015994243 | AH32: =IF(I25-B25>0,"↑","↓") -> ↓ | AI32: =(C25-B25)/B25 -> -0.0048571475 | AJ32: =IF(C25-B25>0,"↑","↓") -> ↓ | AK32: =(E25-B25)/B25 -> -0.0082914943 | AL32: =IF(E25-B25>0,"↑","↓") -> ↓ | AM32: =(G25-B25)/B25 -> 0.0028292476 | AN32: =IF(G25-B25>0,"↑","↓") -> ↑
A33: VIX | B33: 17.79 | C33: =C24 -> 18.12 | D33: =CONCATENATE(TEXT(AI38,"0.00%")," ",AJ38) -> 1.85% ↑ | E33: =E24 -> 18.37 | F33: =CONCATENATE(TEXT(AK38,"0.00%")," ",AL38) -> 3.26% ↑ | G33: =G24 -> 18.02 | H33: =CONCATENATE(TEXT(AM38,"0.00%")," ",AN38) -> 1.29% ↑ | I33: =I24 -> 20.6 | J33: =CONCATENATE(TEXT(AG38,"0.00%")," ",AH38) -> 15.80% ↑ | N33: DJI | P33: =100-ABS(($K13-C13)/($K13))*100 -> 95.569013 | R33: =100-ABS(($K13-E13)/($K13))*100 -> 95.434995 | T33: =100-ABS(($K13-G13)/($K13))*100 -> 96.24735 | V33: =100-ABS((($K13-J13)/($K13)))*100 -> 96.271429 | X33: =100-ABS((($K13-I13)/($K13)))*100 -> 96.183665 | AG33: =(I26-B26)/B26 -> -0.065404852 | AH33: =IF(I26-B26>0,"↑","↓") -> ↓ | AI33: =(C26-B26)/B26 -> 0.0037269804 | AJ33: =IF(C26-B26>0,"↑","↓") -> ↑ | AK33: =(E26-B26)/B26 -> 0.0022654195 | AL33: =IF(E26-B26>0,"↑","↓") -> ↑ | AM33: =(G26-B26)/B26 -> 0.0026308097 | AN33: =IF(G26-B26>0,"↑","↓") -> ↑
A34: QQQ | B34: 611.51 | C34: =C25 -> 608.5 | D34: =CONCATENATE(TEXT(AI39,"0.00%")," ",AJ39) -> -0.49% ↓ | E34: =E25 -> 606.4 | F34: =CONCATENATE(TEXT(AK39,"0.00%")," ",AL39) -> -0.84% ↓ | G34: =G25 -> 613.2 | H34: =CONCATENATE(TEXT(AM39,"0.00%")," ",AN39) -> 0.28% ↑ | I34: =I25 -> 601.69 | J34: =CONCATENATE(TEXT(AG39,"0.00%")," ",AH39) -> -1.61% ↓ | N34: SPX | P34: =100-ABS(($K14-C14)/($K14))*100 -> 98.627596 | R34: =100-ABS(($K14-E14)/($K14))*100 -> 98.495944 | T34: =100-ABS(($K14-G14)/($K14))*100 -> 98.232639 | V34: =100-ABS((($K14-J14)/($K14)))*100 -> 97.735331 | X34: =100-ABS((($K14-I14)/($K14)))*100 -> 97.882029 | AG34: =K11 -> +3-day | AI34: =C11 -> RD | AK34: =E11 -> 85520 | AM34: =G11 -> MICH
A35: AAPL | B35: 273.81 | C35: =C26 -> 274.7 | D35: =CONCATENATE(TEXT(AI40,"0.00%")," ",AJ40) -> 0.33% ↑ | E35: =E26 -> 274.3 | F35: =CONCATENATE(TEXT(AK40,"0.00%")," ",AL40) -> 0.18% ↑ | G35: =G26 -> 274.4 | H35: =CONCATENATE(TEXT(AM40,"0.00%")," ",AN40) -> 0.22% ↑ | I35: =I26 -> 255.78 | J35: =CONCATENATE(TEXT(AG40,"0.00%")," ",AH40) -> -6.58% ↓ | N35: VIX | P35: =100-ABS(($K15-C15)/($K15))*100 -> 87.961165 | R35: =100-ABS(($K15-E15)/($K15))*100 -> 89.174757 | T35: =100-ABS(($K15-G15)/($K15))*100 -> 87.475728 | V35: =100-ABS((($K15-J15)/($K15)))*100 -> 85.386928 | X35: =100-ABS((($K15-I15)/($K15)))*100 -> 86.062335 | AF35: =B29 -> Oraclum | AG35: =(I30-B30)/B30 -> -0.022447502 | AH35: =IF(I30-B30>0,"↑","↓") -> ↓ | AI35: =(C30-B30)/B30 -> -0.0055515327 | AJ35: =IF(C30-B30>0,"↑","↓") -> ↓ | AK35: =(E30-B30)/B30 -> -0.0031378228 | AL35: =IF(E30-B30>0,"↑","↓") -> ↓ | AM35: =(G30-B30)/B30 -> 0.0016895969 | AN35: =IF(G30-B30>0,"↑","↓") -> ↑
N36: QQQ | P36: =100-ABS(($K16-C16)/($K16))*100 -> 98.868188 | R36: =100-ABS(($K16-E16)/($K16))*100 -> 99.217205 | T36: =100-ABS(($K16-G16)/($K16))*100 -> 98.087055 | V36: =100-ABS((($K16-J16)/($K16)))*100 -> 98.121988 | X36: =100-ABS((($K16-I16)/($K16)))*100 -> 97.999307 | AG36: =(I31-B31)/B31 -> -0.033359615 | AH36: =IF(I31-B31>0,"↑","↓") -> ↓ | AI36: =(C31-B31)/B31 -> 0.0094720969 | AJ36: =IF(C31-B31>0,"↑","↓") -> ↑ | AK36: =(E31-B31)/B31 -> 0.010767569 | AL36: =IF(E31-B31>0,"↑","↓") -> ↑ | AM36: =(G31-B31)/B31 -> 0.0029150126 | AN36: =IF(G31-B31>0,"↑","↓") -> ↑
N37: AAPL | P37: =100-ABS(($K17-C17)/($K17))*100 -> 92.603018 | R37: =100-ABS(($K17-E17)/($K17))*100 -> 92.759403 | T37: =100-ABS(($K17-G17)/($K17))*100 -> 92.720307 | V37: =100-ABS((($K17-J17)/($K17)))*100 -> 92.668609 | X37: =100-ABS((($K17-I17)/($K17)))*100 -> 92.456941 | AG37: =(I32-B32)/B32 -> -0.015217911 | AH37: =IF(I32-B32>0,"↑","↓") -> ↓ | AI37: =(C32-B32)/B32 -> -0.0017027235 | AJ37: =IF(C32-B32>0,"↑","↓") -> ↓ | AK37: =(E32-B32)/B32 -> -0.00040623352 | AL37: =IF(E32-B32>0,"↑","↓") -> ↓ | AM37: =(G32-B32)/B32 -> 0.0021867464 | AN37: =IF(G32-B32>0,"↑","↓") -> ↑
AG38: =(I33-B33)/B33 -> 0.15795391 | AH38: =IF(I33-B33>0,"↑","↓") -> ↑ | AI38: =(C33-B33)/B33 -> 0.018549747 | AJ38: =IF(C33-B33>0,"↑","↓") -> ↑ | AK38: =(E33-B33)/B33 -> 0.032602586 | AL38: =IF(E33-B33>0,"↑","↓") -> ↑ | AM38: =(G33-B33)/B33 -> 0.012928612 | AN38: =IF(G33-B33>0,"↑","↓") -> ↑
N39: =AA1 -> AVR-4 | P39: {=SUM(P33:P36/4)} -> 95.25649 | R39: {=SUM(R33:R36/4)} -> 95.580725 | T39: {=SUM(T33:T36/4)} -> 95.010693 | V39: {=SUM(V33:V36/4)} -> 94.378919 | X39: {=SUM(X33:X36/4)} -> 94.531834 | AG39: =(I34-B34)/B34 -> -0.016058609 | AH39: =IF(I34-B34>0,"↑","↓") -> ↓ | AI39: =(C34-B34)/B34 -> -0.0049222417 | AJ39: =IF(C34-B34>0,"↑","↓") -> ↓ | AK39: =(E34-B34)/B34 -> -0.0083563638 | AL39: =IF(E34-B34>0,"↑","↓") -> ↓ | AM39: =(G34-B34)/B34 -> 0.0027636506 | AN39: =IF(G34-B34>0,"↑","↓") -> ↑
N40: =AB1 -> AVR-6 | P40: {=SUM(P32:P37/6)} -> 95.316764 | R40: {=SUM(R32:R37/6)} -> 95.517832 | T40: {=SUM(T32:T37/6)} -> 95.04899 | V40: {=SUM(V32:V37/6)} -> 94.549394 | X40: {=SUM(X32:X37/6)} -> 94.650804 | AG40: =(I35-B35)/B35 -> -0.065848581 | AH40: =IF(I35-B35>0,"↑","↓") -> ↓ | AI40: =(C35-B35)/B35 -> 0.0032504291 | AJ40: =IF(C35-B35>0,"↑","↓") -> ↑ | AK40: =(E35-B35)/B35 -> 0.0017895621 | AL40: =IF(E35-B35>0,"↑","↓") -> ↑ | AM40: =(G35-B35)/B35 -> 0.0021547789 | AN40: =IF(G35-B35>0,"↑","↓") -> ↑

Sheet 26-1-04
A1: model | B1: O 5.2 | C1: Grok 4.1 | D1: Gemini Pro 3 | E1: Claude | F1: GLM-4.7 | G1: Kimi 2.5 | H1: Minimax 2.1 | I1: LeChat | K1: 26-Q1-04 | M1: Accuracy | N1: TNX | O1: =SUM(N2:N9) -> 789.13973 | P1: DJI | Q1: =SUM(P2:P9) -> 786.48185 | R1: SPX | S1: =SUM(R2:R9) -> 797.88036 | T1: VIX | U1: =SUM(T2:T9) -> 795.44432 | V1: QQQ | W1: =SUM(V2:V9) -> 789.59239 | X1: AAPL | Y1: =SUM(X2:X9) -> 778.96232 | AA1: AVR-4 | AB1: AVR-6 | AG1: max-Q | AK1: REPORT | AN1: Round | AO1: 2 | AP1: =K11 -> +3-day | AQ1: User1 | AR1: User2 | AS1: User3
A2: TNX | B2: 4.27 | C2: 4.27 | D2: 4.25 | E2: 4.253 | F2: 4.28 | G2: 4.268 | H2: 4.25 | I2: 4.28 | M2: =B1 -> O 5.2 | N2: =100-ABS((($K12-B2)/($K12)))*100 -> 98.526616 | O2: =N2/$O$1 -> 0.12485319 | P2: =100-ABS((($K13-B3)/($K13)))*100 -> 98.601501 | Q2: =P2/$Q$1 -> 0.12537035 | R2: =100-ABS((($K14-B4)/($K14)))*100 -> 99.880127 | S2: =R2/$S$1 -> 0.12518183 | T2: =100-ABS((($K15-B5)/($K15)))*100 -> 100 | U2: =T2/$U$1 -> 0.1257159 | V2: =100-ABS((($K16-B6)/($K16)))*100 -> 98.545067 | W2: =V2/$W$1 -> 0.12480499 | X2: =100-ABS((($K17-B7)/($K17)))*100 -> 97.263771 | Y2: =X2/$Y$1 -> 0.12486326 | AA2: =(P2+R2+T2+V2)/4 -> 99.256674 | AB2: =(N2+P2+R2+T2+V2+X2)/6 -> 98.802847 | AC2: =IF($AA2=MAX(AA2:AA9),"TOP","") -> TOP | AD2: =IF($AB2=MAX(AB2:AB9),"TOP","") | AF2: TNX | AG2: Q | AH2: =MAX(N2:N9) -> 99.001901 | AJ2: =AF2 -> TNX | AK2: 4.25 | AL2: =100-ABS(($K12-AK2)/($K12))*100 -> 99.001901 | AO2: Ticker | AP2: Exact | AQ2: ∆ | AR2: =AQ2 -> ∆ | AS2: =AR2 -> ∆ | AT2: Penalty function
A3: DJI | B3: 49415 | C3: 49400 | D3: 49310.5 | E3: 49135.72 | F3: 49188 | G3: 49240 | H3: 49163 | I3: 49300 | K3: 2026/02/03 | M3: =C1 -> Grok 4.1 | N3: =100-ABS((($K12-C2)/($K12)))*100 -> 98.526616 | O3: =N3/$O$1 -> 0.12485319 | P3: =100-ABS((($K13-C3)/($K13)))*100 -> 98.57157 | Q3: =P3/$Q$1 -> 0.12533229 | R3: =100-ABS((($K14-C4)/($K14)))*100 -> 99.894552 | S3: =R3/$S$1 -> 0.12519991 | T3: =100-ABS((($K15-C5)/($K15)))*100 -> 99.325084 | U3: =T3/$U$1 -> 0.12486743 | V3: =100-ABS((($K16-C6)/($K16)))*100 -> 98.630362 | W3: =V3/$W$1 -> 0.12491301 | X3: =100-ABS((($K17-C7)/($K17)))*100 -> 97.439954 | Y3: =X3/$Y$1 -> 0.12508943 | AA3: =(P3+R3+T3+V3)/4 -> 99.105392 | AB3: =(N3+P3+R3+T3+V3+X3)/6 -> 98.731356 | AC3: =IF($AA3=MAX(AA2:AA9),"TOP","") | AD3: =IF($AB3=MAX(AB2:AB9),"TOP","") | AF3: DJI | AG3: Q | AH3: =MAX(P2:P9) -> 98.601501 | AJ3: =AF3 -> DJI | AK3: 48833 | AL3: =100-ABS(($K13-AK3)/($K13))*100 -> 97.440192 | AO3: =AF2 -> TNX | AP3: =K12 -> 4.208 | AQ3: =ABS(C30-AP3) -> 0.022 | AR3: =ABS(E30-K12) -> 0.032 | AS3: =ABS(AP3-G30) -> 0.062 | AT3: N/A
A4: SPX | B4: 6924 | C4: 6925 | D4: 6934.15 | E4: 6897.45 | F4: 6909 | G4: 6935 | H4: 6876 | I4: 6920 | M4: =D1 -> Gemini Pro 3 | N4: =100-ABS((($K12-D2)/($K12)))*100 -> 99.001901 | O4: =N4/$O$1 -> 0.12545548 | P4: =100-ABS((($K13-D3)/($K13)))*100 -> 98.392984 | Q4: =P4/$Q$1 -> 0.12510522 | R4: =100-ABS((($K14-D4)/($K14)))*100 -> 99.973458 | S4: =R4/$S$1 -> 0.12529881 | T4: =100-ABS((($K15-D5)/($K15)))*100 -> 99.831271 | U4: =T4/$U$1 -> 0.12550378 | V4: =100-ABS((($K16-D6)/($K16)))*100 -> 98.16288 | W4: =V4/$W$1 -> 0.12432096 | X4: =100-ABS((($K17-D7)/($K17)))*100 -> 97.7276 | Y4: =X4/$Y$1 -> 0.1254587 | AA4: =(P4+R4+T4+V4)/4 -> 99.090148 | AB4: =(N4+P4+R4+T4+V4+X4)/6 -> 98.848349 | AC4: =IF($AA4=MAX(AA2:AA9),"TOP","") | AD4: =IF($AB4=MAX(AB2:AB9),"TOP","") -> TOP | AF4: SPX | AG4: M | AH4: =MAX(R2:R9) -> 99.973458 | AJ4: =AF4 -> SPX | AK4: 6810 | AL4: =100-ABS(($K14-AK4)/($K14))*100 -> 98.235653 | AO4: =AF3 -> DJI | AP4: =K13 -> 50115.87 | AQ4: =ABS(C13-AP4) -> 829.87 | AR4: =ABS(E13-AP4) -> 794.27923 | AS4: =ABS(AP4-G13) -> 806.87 | AT4: F1
A5: VIX | B5: 17.78 | C5: 17.9 | D5: 17.75 | E5: 17.86 | F5: 17.65 | G5: 17.85 | H5: 17.94 | I5: 18 | K5: LLM | M5: =E1 -> Claude | N5: =100-ABS((($K12-E2)/($K12)))*100 -> 98.930608 | O5: =N5/$O$1 -> 0.12536513 | P5: =100-ABS((($K13-E3)/($K13)))*100 -> 98.044232 | Q5: =P5/$Q$1 -> 0.12466179 | R5: =100-ABS((($K14-E4)/($K14)))*100 -> 99.497137 | S5: =R5/$S$1 -> 0.12470183 | T5: =100-ABS((($K15-E5)/($K15)))*100 -> 99.550056 | U5: =T5/$U$1 -> 0.12515025 | V5: =100-ABS((($K16-E6)/($K16)))*100 -> 99.240548 | W5: =V5/$W$1 -> 0.1256858 | X5: =100-ABS((($K17-E7)/($K17)))*100 -> 96.483532 | Y5: =X5/$Y$1 -> 0.12386162 | AA5: =(P5+R5+T5+V5)/4 -> 99.082993 | AB5: =(N5+P5+R5+T5+V5+X5)/6 -> 98.624352 | AC5: =IF($AA5=MAX(AA2:AA9),"TOP","") | AD5: =IF($AB5=MAX(AB2:AB9),"TOP","") | AF5: VIX | AG5: K | AH5: =MAX(T2:T9) -> 100 | AJ5: =AF5 -> VIX | AK5: 19.1 | AL5: =100-ABS(($K15-AK5)/($K15))*100 -> 92.575928 | AO5: =AF4 -> SPX | AP5: =K14 -> 6932.31 | AQ5: =ABS(C14-AP5) -> 19.700307 | AR5: =ABS(E14-AP5) -> 16.31 | AS5: =ABS(AP5-G14) -> 4.31 | AT5: F2
A6: QQQ | B6: 618.52 | C6: 618 | D6: 620.85 | E6: 614.28 | F6: 617 | G6: 617 | H6: 617 | I6: 618 | M6: =F1 -> GLM-4.7 | N6: =100-ABS((($K12-F2)/($K12)))*100 -> 98.288973 | O6: =N6/$O$1 -> 0.12455205 | P6: =100-ABS((($K13-F3)/($K13)))*100 -> 98.148551 | Q6: =P6/$Q$1 -> 0.12479443 | R6: =100-ABS((($K14-F4)/($K14)))*100 -> 99.663748 | S6: =R6/$S$1 -> 0.12491064 | T6: =100-ABS((($K15-F5)/($K15)))*100 -> 99.268841 | U6: =T6/$U$1 -> 0.12479672 | V6: =100-ABS((($K16-F6)/($K16)))*100 -> 98.79439 | W6: =V6/$W$1 -> 0.12512075 | X6: =100-ABS((($K17-F7)/($K17)))*100 -> 97.619732 | Y6: =X6/$Y$1 -> 0.12532022 | AA6: =(P6+R6+T6+V6)/4 -> 98.968883 | AB6: =(N6+P6+R6+T6+V6+X6)/6 -> 98.630706 | AC6: =IF($AA6=MAX(AA2:AA9),"TOP","") | AD6: =IF($AB6=MAX(AB2:AB9),"TOP","") | AF6: QQQ | AG6: o | AH6: =MAX(V2:V9) -> 99.240548 | AJ6: =AF6 -> QQQ | AK6: 604.8 | AL6: =100-ABS(($K16-AK6)/($K16))*100 -> 99.204462 | AO6: =AF5 -> VIX | AP6: =K15 -> 17.78 | AQ6: =ABS(C15-AP6) -> 1.36 | AR6: =ABS(E15-AP6) -> 1.1130306 | AS6: =ABS(AP6-G15) -> 0.46 | AT6: F3
A7: AAPL | B7: 270.51 | C7: 271 | D7: 271.8 | E7: 268.34 | F7: 271.5 | G7: 271 | H7: 271.3 | I7: 271 | K7: F & G | M7: =G1 -> Kimi 2.5 | N7: =100-ABS((($K12-G2)/($K12)))*100 -> 98.574144 | O7: =N7/$O$1 -> 0.12491342 | P7: =100-ABS((($K13-G3)/($K13)))*100 -> 98.25231 | Q7: =P7/$Q$1 -> 0.12492635 | R7: =100-ABS((($K14-G4)/($K14)))*100 -> 99.961196 | S7: =R7/$S$1 -> 0.12528344 | T7: =100-ABS((($K15-G5)/($K15)))*100 -> 99.606299 | U7: =T7/$U$1 -> 0.12522096 | V7: =100-ABS((($K16-G6)/($K16)))*100 -> 98.79439 | W7: =V7/$W$1 -> 0.12512075 | X7: =100-ABS((($K17-G7)/($K17)))*100 -> 97.439954 | Y7: =X7/$Y$1 -> 0.12508943 | AA7: =(P7+R7+T7+V7)/4 -> 99.153549 | AB7: =(N7+P7+R7+T7+V7+X7)/6 -> 98.771382 | AC7: =IF($AA7=MAX(AA2:AA9),"TOP","") | AD7: =IF($AB7=MAX(AB2:AB9),"TOP","") | AF7: AAPL | AG7: L | AH7: =MAX(X2:X9) -> 97.7276 | AJ7: =AF7 -> AAPL | AK7: 245.25 | AL7: =100-ABS(($K17-AK7)/($K17))*100 -> 88.181361 | AO7: =AF6 -> QQQ | AP7: =K16 -> 609.65 | AQ7: =ABS(C16-AP7) -> 5.35 | AR7: =ABS(E16-AP7) -> 5.85 | AS7: =ABS(AP7-G16) -> 7.95 | AT7: F4
K8: 41 | M8: =H1 -> Minimax 2.1 | N8: =100-ABS((($K12-H2)/($K12)))*100 -> 99.001901 | O8: =N8/$O$1 -> 0.12545548 | P8: =100-ABS((($K13-H3)/($K13)))*100 -> 98.098666 | Q8: =P8/$Q$1 -> 0.124731 | R8: =100-ABS((($K14-H4)/($K14)))*100 -> 99.187717 | S8: =R8/$S$1 -> 0.12431402 | T8: =100-ABS((($K15-H5)/($K15)))*100 -> 99.100112 | U8: =T8/$U$1 -> 0.1245846 | V8: =100-ABS((($K16-H6)/($K16)))*100 -> 98.79439 | W8: =V8/$W$1 -> 0.12512075 | X8: =100-ABS((($K17-H7)/($K17)))*100 -> 97.547821 | Y8: =X8/$Y$1 -> 0.12522791 | AA8: =(P8+R8+T8+V8)/4 -> 98.795221 | AB8: =(N8+P8+R8+T8+V8+X8)/6 -> 98.621768 | AC8: =IF($AA8=MAX(AA2:AA9),"TOP","") | AD8: =IF($AB8=MAX(AB2:AB9),"TOP","") | AO8: =AF7 -> AAPL | AP8: =K17 -> 278.12 | AQ8: =ABS(C35-AP8) -> 7.82 | AR8: =ABS(E35-K17) -> 6.62 | AS8: =ABS(AP8-G35) -> 7.52 | AT8: N/A
M9: =I1 -> LeChat | N9: =100-ABS((($K12-I2)/($K12)))*100 -> 98.288973 | O9: =N9/$O$1 -> 0.12455205 | P9: =100-ABS((($K13-I3)/($K13)))*100 -> 98.372033 | Q9: =P9/$Q$1 -> 0.12507858 | R9: =100-ABS((($K14-I4)/($K14)))*100 -> 99.822426 | S9: =R9/$S$1 -> 0.12510952 | T9: =100-ABS((($K15-I5)/($K15)))*100 -> 98.762655 | U9: =T9/$U$1 -> 0.12416036 | V9: =100-ABS((($K16-I6)/($K16)))*100 -> 98.630362 | W9: =V9/$W$1 -> 0.12491301 | X9: =100-ABS((($K17-I7)/($K17)))*100 -> 97.439954 | Y9: =X9/$Y$1 -> 0.12508943 | AA9: =(P9+R9+T9+V9)/4 -> 98.896869 | AB9: =(N9+P9+R9+T9+V9+X9)/6 -> 98.552734 | AC9: =IF($AA9=MAX(AA2:AA9),"TOP","") | AD9: =IF($AB9=MAX(AB2:AB9),"TOP","") | AF9: max-Q AVR-4 | AH9: =AVERAGE(AH3:AH6) -> 99.453877 | AJ9: max-Q AVR-4 | AL9: =AVERAGE(AL3:AL6) -> 96.864059 | AP9: 0 | AQ9: 2.16 | AR9: 2.24 | AS9: 1.79 | AT9: Round Penalty
AF10: max AVR-6 | AH10: =AVERAGE(AH2:AH7) -> 99.090835 | AJ10: max AVR-6 | AL10: =AVERAGE(AL2:AL7) -> 95.773249 | AP10: 0 | AQ10: 5.28 | AR10: 5.33 | AS10: 5.1 | AT10: Total Penalty
B11: Close YF | C11: RD | E11: 85520 | G11: MICH | I11: LLM | J11: ML | K11: +3-day | M11: Update | N11: TNX | O11: =SUM(N12:N19) -> 560 | P11: DJI | Q11: =SUM(P12:P19) -> 530 | R11: SPX | S11: =SUM(R12:R19) -> 720 | T11: VIX | U11: =SUM(T12:T19) -> 680 | V11: QQQ | W11: =SUM(V12:V19) -> 560 | X11: AAPL | Y11: =SUM(X12:X19) -> 470 | AA11: Value | AB11: Assign
A12: TNX | B12: 4.274 | C12: 4.23 | D12: =IF(ABS(K12-I12)<ABS(C12-K12),$I$11,$C$11) -> RD | E12: 4.24 | F12: =IF(ABS(K12-I12)<ABS(K12-E12),$I$11,$E$11) -> 85520 | G12: 4.27 | H12: =IF(ABS(I12-K12)<ABS(K12-G12),$I$11,$G$11) -> LLM | I12: =(B2*O22)+(C2*O23)+(D2*O24)+(E2*O25)+(F2*O26)+(G2*O27)+(H2*O28)+(I2*O29) -> 4.2651605 | J12: 4.2324418 | K12: 4.208 | M12: =M2 -> O 5.2 | N12: =IF(N2=0,0, LOOKUP(N2-0.000000000001,$AA$12:$AA$28,$AB$12:$AB$28)) -> 70 | O12: =N12/$O$11 -> 0.125 | P12: =IF(P2=0,0, LOOKUP(P2-0.000000000001,$AA$12:$AA$28,$AB$12:$AB$28)) -> 70 | Q12: =P12/$Q$11 -> 0.13207547 | R12: =IF(R2=0,0, LOOKUP(R2-0.000000000001,$AA$12:$AA$28,$AB$12:$AB$28)) -> 95 | S12: =R12/$S$11 -> 0.13194444 | T12: =IF(T2=0,0, LOOKUP(T2-0.000000000001,$AA$12:$AA$28,$AB$12:$AB$28)) -> 100 | U12: =T12/$U$11 -> 0.14705882 | V12: =IF(V2=0,0, LOOKUP(V2-0.000000000001,$AA$12:$AA$28,$AB$12:$AB$28)) -> 70 | W12: =V12/$W$11 -> 0.125 | X12: =IF(X2=0,0, LOOKUP(X2-0.000000000001,$AA$12:$AA$28,$AB$12:$AB$28)) -> 60 | Y12: =X12/$Y$11 -> 0.12765957 | AA12: 1 | AB12: 0.1
